sample_id,ticker,sector,cold_start_weeks,model,augmentation_method,MAE,RMSE,MAPE
AAPL_w04_s0000,AAPL,technology,4,naive,none,4.710443769182477,6.371919700829956,6.805185576991176
AAPL_w04_s0000,AAPL,technology,4,moving_average,none,4.143158176967075,5.5429686468436055,5.970417469067389
AAPL_w04_s0000,AAPL,technology,4,linear_trend,none,8.798439857655001,10.93734250552062,12.566167463922904
AAPL_w04_s0001,AAPL,technology,4,naive,none,5.016713687351772,5.913827081952492,8.410435696361338
AAPL_w04_s0001,AAPL,technology,4,moving_average,none,6.0416383743286115,7.099954558012674,10.144168796672524
AAPL_w04_s0001,AAPL,technology,4,linear_trend,none,8.18911922569562,10.488205946277832,12.69422109005032
AAPL_w04_s0002,AAPL,technology,4,naive,none,8.606174741472516,9.346053961415205,11.501305323606799
AAPL_w04_s0002,AAPL,technology,4,moving_average,none,6.0056754520961215,6.880774574006138,7.971893696561051
AAPL_w04_s0002,AAPL,technology,4,linear_trend,none,2.4421715049047052,2.7639525014270396,3.313901814198835
AAPL_w04_s0003,AAPL,technology,4,naive,none,7.75367682320731,8.820696315410123,8.829801671574518
AAPL_w04_s0003,AAPL,technology,4,moving_average,none,8.546175602504189,9.524825281273422,9.757229892701092
AAPL_w04_s0003,AAPL,technology,4,linear_trend,none,3.3058150946005616,3.820912630638282,3.7661471709232517
AAPL_w04_s0004,AAPL,technology,4,naive,none,8.658131190708707,11.479499751205239,8.049436894113732
AAPL_w04_s0004,AAPL,technology,4,moving_average,none,9.395193263462618,12.297500606728802,8.743744359005959
AAPL_w04_s0004,AAPL,technology,4,linear_trend,none,4.803624863834567,5.500962280565946,4.697945385188803
AAPL_w04_s0005,AAPL,technology,4,naive,none,6.1587257385253915,7.591817985288641,5.253620708067618
AAPL_w04_s0005,AAPL,technology,4,moving_average,none,6.1610473632812495,7.756085342599478,5.230856519261915
AAPL_w04_s0005,AAPL,technology,4,linear_trend,none,21.732852412550592,27.352676057610058,19.917949621150854
AAPL_w04_s0006,AAPL,technology,4,naive,none,3.209398542131698,3.944484793204247,2.823383958508737
AAPL_w04_s0006,AAPL,technology,4,moving_average,none,4.980290004185268,5.726498791230559,4.357357863765272
AAPL_w04_s0006,AAPL,technology,4,linear_trend,none,20.803747392238538,21.85573487700022,18.455128880412847
AAPL_w04_s0007,AAPL,technology,4,naive,none,3.282088415963307,4.157865551707143,2.754840669923568
AAPL_w04_s0007,AAPL,technology,4,moving_average,none,6.244313430786126,7.241729419583056,5.235095483276607
AAPL_w04_s0007,AAPL,technology,4,linear_trend,none,14.595710378661183,16.074374695943224,12.296079540662017
AAPL_w04_s0008,AAPL,technology,4,naive,none,4.367216655186244,5.989726433563932,3.286008844799186
AAPL_w04_s0008,AAPL,technology,4,moving_average,none,6.7780090876987975,8.171568353176571,5.141605683523664
AAPL_w04_s0008,AAPL,technology,4,linear_trend,none,4.69290504004851,5.954644550088865,3.688926396075539
AAPL_w04_s0009,AAPL,technology,4,naive,none,6.0193944658551874,7.081726588571361,4.961250066390934
AAPL_w04_s0009,AAPL,technology,4,moving_average,none,10.573252977643687,12.288466475076932,8.739921541679529
AAPL_w04_s0009,AAPL,technology,4,linear_trend,none,17.545239220525986,20.44559341808166,14.50103500506379
AAPL_w04_s0010,AAPL,technology,4,naive,none,5.15499986921038,6.830551310050933,4.047710135332737
AAPL_w04_s0010,AAPL,technology,4,moving_average,none,6.178691864013671,8.068017005439163,4.852256724956734
AAPL_w04_s0010,AAPL,technology,4,linear_trend,none,20.011562886632458,22.917451807881452,15.927451046531798
AAPL_w04_s0011,AAPL,technology,4,naive,none,5.092496599469868,5.923688291968923,4.139552823154203
AAPL_w04_s0011,AAPL,technology,4,moving_average,none,5.486062186104912,6.348964207997873,4.458681008194327
AAPL_w04_s0011,AAPL,technology,4,linear_trend,none,20.880191834528656,23.214049996518604,16.90956905383492
AAPL_w04_s0012,AAPL,technology,4,naive,none,8.811744689941406,10.737220532011936,6.576899503673279
AAPL_w04_s0012,AAPL,technology,4,moving_average,none,7.6679564339773965,9.727996521431496,5.701548540827293
AAPL_w04_s0012,AAPL,technology,4,linear_trend,none,10.257037434644543,12.547654387300279,7.652588691770676
AAPL_w04_s0013,AAPL,technology,4,naive,none,2.593937465122768,3.026076808743922,1.7982708641163192
AAPL_w04_s0013,AAPL,technology,4,moving_average,none,3.147869655064174,3.526683576747623,2.1839282042245447
AAPL_w04_s0013,AAPL,technology,4,linear_trend,none,9.820220492042349,11.413735003094224,6.847628705452951
AAPL_w04_s0014,AAPL,technology,4,naive,none,3.4627462114606584,4.326122414307304,2.3525298454202033
AAPL_w04_s0014,AAPL,technology,4,moving_average,none,2.928636278424944,3.748118496374716,2.0102665255616112
AAPL_w04_s0014,AAPL,technology,4,linear_trend,none,3.4017559227702696,4.253591889774014,2.3483853729570123
AAPL_w04_s0015,AAPL,technology,4,naive,none,4.347986493791852,5.285918937308879,2.9901531998916986
AAPL_w04_s0015,AAPL,technology,4,moving_average,none,3.8399381365094842,4.237933895564027,2.665828786561971
AAPL_w04_s0015,AAPL,technology,4,linear_trend,none,13.631653821148245,16.242646067808185,9.374989289206946
AAPL_w04_s0016,AAPL,technology,4,naive,none,12.729875837053571,15.508044081387597,7.688745197327972
AAPL_w04_s0016,AAPL,technology,4,moving_average,none,12.544045584542411,15.302311208159562,7.575995777175399
AAPL_w04_s0016,AAPL,technology,4,linear_trend,none,5.994344861679004,7.274559375437071,3.661206641170276
AAPL_w04_s0017,AAPL,technology,4,naive,none,5.449625287737165,6.531672282338659,3.2695106977735415
AAPL_w04_s0017,AAPL,technology,4,moving_average,none,5.383840942382814,7.0107407608571295,3.291693855983682
AAPL_w04_s0017,AAPL,technology,4,linear_trend,none,19.764607646053015,23.97748762224157,12.07745171925649
AAPL_w04_s0018,AAPL,technology,4,naive,none,4.977307455880301,5.854014174652605,3.079749131291527
AAPL_w04_s0018,AAPL,technology,4,moving_average,none,6.605285099574506,7.876925695807723,3.947495493452289
AAPL_w04_s0018,AAPL,technology,4,linear_trend,none,21.654049212233463,22.014892874309883,13.232238669192844
AAPL_w04_s0019,AAPL,technology,4,naive,none,10.73692866734096,11.979594983754316,6.400721209626144
AAPL_w04_s0019,AAPL,technology,4,moving_average,none,9.434323992047988,10.638993913553259,5.63196146860667
AAPL_w04_s0019,AAPL,technology,4,linear_trend,none,18.57578684789409,20.307063091553715,11.102010798068296
AAPL_w04_s0020,AAPL,technology,4,naive,none,15.242970602852958,17.44266683275086,10.629088387561161
AAPL_w04_s0020,AAPL,technology,4,moving_average,none,15.09417909894672,17.31279053503471,10.52853361638915
AAPL_w04_s0020,AAPL,technology,4,linear_trend,none,7.1001267512041855,8.59036987462039,4.960758813241595
AAPL_w04_s0021,AAPL,technology,4,naive,none,8.016217912946429,9.685464747200438,5.977898542852127
AAPL_w04_s0021,AAPL,technology,4,moving_average,none,5.538257271902905,6.78443752653692,4.118304021792942
AAPL_w04_s0021,AAPL,technology,4,linear_trend,none,14.567633125477256,17.01947866599269,10.41416630166189
AAPL_w04_s0022,AAPL,technology,4,naive,none,15.055287497384208,17.452856877714513,9.241357627375015
AAPL_w04_s0022,AAPL,technology,4,moving_average,none,15.472475215366902,17.835845898692277,9.504491792937545
AAPL_w04_s0022,AAPL,technology,4,linear_trend,none,4.042232186453689,4.76400941861507,2.4876657656893824
AAPL_w04_s0023,AAPL,technology,4,naive,none,14.522262573242188,15.771856097475633,9.612111507853205
AAPL_w04_s0023,AAPL,technology,4,moving_average,none,16.25787048339845,17.383143765390855,10.741970513541876
AAPL_w04_s0023,AAPL,technology,4,linear_trend,none,35.11645736694336,38.059624281870875,23.220559528084
AAPL_w04_s0024,AAPL,technology,4,naive,none,4.008367810930524,5.084685719239836,2.7837477025982995
AAPL_w04_s0024,AAPL,technology,4,moving_average,none,5.998953356061667,6.83113103698303,4.306854995127418
AAPL_w04_s0024,AAPL,technology,4,linear_trend,none,5.622978984861446,7.09667194902999,3.918696019038065
AAPL_w04_s0025,AAPL,technology,4,naive,none,6.771151406424386,7.4301816676807135,4.699887340045024
AAPL_w04_s0025,AAPL,technology,4,moving_average,none,6.3862811497279575,7.049535107445214,4.437773578865526
AAPL_w04_s0025,AAPL,technology,4,linear_trend,none,4.419585871056247,5.580079291697836,3.173521395471485
AAPL_w04_s0026,AAPL,technology,4,naive,none,4.930254255022321,6.268719051593388,3.660851078710201
AAPL_w04_s0026,AAPL,technology,4,moving_average,none,6.324732317243301,7.137696977524256,4.8759035784467475
AAPL_w04_s0026,AAPL,technology,4,linear_trend,none,9.642306413660751,12.523035074432768,7.079116620457805
AAPL_w04_s0027,AAPL,technology,4,naive,none,6.434101104736328,7.013240447536927,4.304010454152625
AAPL_w04_s0027,AAPL,technology,4,moving_average,none,6.908060455322271,7.450448563904462,4.623684707987856
AAPL_w04_s0027,AAPL,technology,4,linear_trend,none,11.904642694311422,14.755179223201509,8.079751941794962
AAPL_w04_s0028,AAPL,technology,4,naive,none,10.756956917898995,11.547557123515377,6.70197517221121
AAPL_w04_s0028,AAPL,technology,4,moving_average,none,10.426067025320881,11.239965613995404,6.493644855631271
AAPL_w04_s0028,AAPL,technology,4,linear_trend,none,14.325431611484154,15.258150774834693,8.931510321868153
AAPL_w04_s0029,AAPL,technology,4,naive,none,6.913939339773996,7.8327769935194285,4.036196362036974
AAPL_w04_s0029,AAPL,technology,4,moving_average,none,6.007900782993853,6.858859832293801,3.5073899851241306
AAPL_w04_s0029,AAPL,technology,4,linear_trend,none,1.836466934908857,2.186725731389635,1.087224066101532
AAPL_w04_s0030,AAPL,technology,4,naive,none,6.267136710030691,7.363282490958886,3.3672103465857313
AAPL_w04_s0030,AAPL,technology,4,moving_average,none,9.439234270368315,10.353991234743601,5.089721935005467
AAPL_w04_s0030,AAPL,technology,4,linear_trend,none,4.473278231677137,4.968865145594345,2.4148124348672817
AAPL_w04_s0031,AAPL,technology,4,naive,none,7.455905914306638,9.017667048715694,4.178835801894358
AAPL_w04_s0031,AAPL,technology,4,moving_average,none,7.526627349853512,8.601171666135881,4.194453624070409
AAPL_w04_s0031,AAPL,technology,4,linear_trend,none,11.007966617866938,15.08013923701378,6.247779567190727
AAPL_w04_s0032,AAPL,technology,4,naive,none,4.154578617640903,5.4282657930098965,2.3288525874823534
AAPL_w04_s0032,AAPL,technology,4,moving_average,none,4.295370156424382,5.918207607162639,2.388668683956168
AAPL_w04_s0032,AAPL,technology,4,linear_trend,none,24.610268505354572,25.634948154421387,14.030326698667034
AAPL_w04_s0033,AAPL,technology,4,naive,none,3.8160062517438615,4.588112799799826,2.1808749143874966
AAPL_w04_s0033,AAPL,technology,4,moving_average,none,4.938092041015632,5.8526235842178576,2.8089089028421306
AAPL_w04_s0033,AAPL,technology,4,linear_trend,none,13.732685548022289,15.186899062565915,7.853180313913133
AAPL_w04_s0034,AAPL,technology,4,naive,none,9.667372022356302,10.270053548865294,5.0618893217569
AAPL_w04_s0034,AAPL,technology,4,moving_average,none,11.454746900285995,11.967754368616314,6.003925854696375
AAPL_w04_s0034,AAPL,technology,4,linear_trend,none,11.280689268183895,11.45671628493288,5.927803703039924
AAPL_w04_s0035,AAPL,technology,4,naive,none,5.872116088867186,7.33519488687344,3.201225139766548
AAPL_w04_s0035,AAPL,technology,4,moving_average,none,7.664816284179691,8.85225636605708,4.161878029148244
AAPL_w04_s0035,AAPL,technology,4,linear_trend,none,14.883290323816738,15.965614076695404,8.029862885527603
AAPL_w04_s0036,AAPL,technology,4,naive,none,6.617716108049665,8.704606595211173,3.8179628919598687
AAPL_w04_s0036,AAPL,technology,4,moving_average,none,7.841094752720433,10.021507876726892,4.517049438723857
AAPL_w04_s0036,AAPL,technology,4,linear_trend,none,17.198357638022056,19.713719815833528,9.822406475959475
AAPL_w04_s0037,AAPL,technology,4,naive,none,2.6799087524414062,3.2363778633038187,1.5833541972784626
AAPL_w04_s0037,AAPL,technology,4,moving_average,none,2.713569205147881,3.2687102822124063,1.6054229488562506
AAPL_w04_s0037,AAPL,technology,4,linear_trend,none,13.03277905686459,14.123021339946478,7.720189283563673
AAPL_w04_s0038,AAPL,technology,4,naive,none,16.805620465959816,18.73472684242685,9.036662287894663
AAPL_w04_s0038,AAPL,technology,4,moving_average,none,17.146199689592617,19.04083176780488,9.224145662023213
AAPL_w04_s0038,AAPL,technology,4,linear_trend,none,18.48141664203846,20.856684896317674,9.92401171374951
AAPL_w04_s0039,AAPL,technology,4,naive,none,19.858331407819474,23.001421564047156,9.083282292076419
AAPL_w04_s0039,AAPL,technology,4,moving_average,none,22.23276748657227,25.130923943992897,10.202736440177915
AAPL_w04_s0039,AAPL,technology,4,linear_trend,none,12.530946096877122,14.547275029874616,5.736530438333306
AAPL_w04_s0040,AAPL,technology,4,naive,none,13.40983363560265,14.68605906498557,6.204193894781773
AAPL_w04_s0040,AAPL,technology,4,moving_average,none,10.126990182059151,11.5573369581869,4.697145116416889
AAPL_w04_s0040,AAPL,technology,4,linear_trend,none,29.710910378362865,32.15680200407577,13.661552446675017
AAPL_w04_s0041,AAPL,technology,4,naive,none,3.4817592075892847,3.949142275639133,1.5629403819912366
AAPL_w04_s0041,AAPL,technology,4,moving_average,none,3.290902709960939,4.069665735127075,1.4866700001171653
AAPL_w04_s0041,AAPL,technology,4,linear_trend,none,8.628798755846535,9.817192952515372,3.889861030335801
AAPL_w04_s0042,AAPL,technology,4,naive,none,3.9540372576032365,4.72987297993038,1.7275639520204884
AAPL_w04_s0042,AAPL,technology,4,moving_average,none,3.713010297502791,4.291215186387815,1.6315413588976486
AAPL_w04_s0042,AAPL,technology,4,linear_trend,none,7.4636644209750385,9.774259731881042,3.3271125800746204
AAPL_w04_s0043,AAPL,technology,4,naive,none,14.659569331577845,17.44354457976271,6.023799630646077
AAPL_w04_s0043,AAPL,technology,4,moving_average,none,14.11523797171456,16.953876085991627,5.795341411254769
AAPL_w04_s0043,AAPL,technology,4,linear_trend,none,24.57640641864978,28.496411279711662,10.12340209999167
AAPL_w08_s0000,AAPL,technology,8,naive,none,5.297514915466309,5.9172406566563,8.690880711374678
AAPL_w08_s0000,AAPL,technology,8,moving_average,none,6.809798894609726,7.8137498295502255,11.35263018394683
AAPL_w08_s0000,AAPL,technology,8,linear_trend,none,11.561871061015777,12.559886606273016,19.1188940803896
AAPL_w08_s0001,AAPL,technology,8,naive,none,6.34011105128697,7.306022359075195,8.743778290972985
AAPL_w08_s0001,AAPL,technology,8,moving_average,none,9.045761380876813,9.74714078734979,12.587878144548151
AAPL_w08_s0001,AAPL,technology,8,linear_trend,none,22.06261423298067,23.346140271357566,30.807877114641997
AAPL_w08_s0002,AAPL,technology,8,naive,none,6.0602297101702005,7.314390645358234,7.172260822956238
AAPL_w08_s0002,AAPL,technology,8,moving_average,none,6.67506430489676,7.831373433018076,7.925234560216396
AAPL_w08_s0002,AAPL,technology,8,linear_trend,none,1.5040613792499202,1.7660541747409915,1.8615460053075346
AAPL_w08_s0003,AAPL,technology,8,naive,none,7.43730354309082,9.801352324849937,7.439613686815735
AAPL_w08_s0003,AAPL,technology,8,moving_average,none,7.53702888488769,9.877237863664183,7.545020463564857
AAPL_w08_s0003,AAPL,technology,8,linear_trend,none,3.394338850360295,4.5899388860344645,3.427485769374119
AAPL_w08_s0004,AAPL,technology,8,naive,none,7.617919921875001,9.849698703792685,6.339569949458776
AAPL_w08_s0004,AAPL,technology,8,moving_average,none,8.06339460100447,10.248135951699828,6.722332201617559
AAPL_w08_s0004,AAPL,technology,8,linear_trend,none,8.224288162511586,9.441950526895292,6.979226623471946
AAPL_w08_s0005,AAPL,technology,8,naive,none,5.390272685459682,6.1718542410258985,4.744074897517218
AAPL_w08_s0005,AAPL,technology,8,moving_average,none,3.6423901694161587,4.458636239485472,3.2264516872881464
AAPL_w08_s0005,AAPL,technology,8,linear_trend,none,18.276201670893848,18.649432413797996,16.39650773080053
AAPL_w08_s0006,AAPL,technology,8,naive,none,3.3116877419607955,4.0752616782665605,2.9107390539737787
AAPL_w08_s0006,AAPL,technology,8,moving_average,none,3.5575663430350137,4.29151304832907,3.1098867434985413
AAPL_w08_s0006,AAPL,technology,8,linear_trend,none,3.936163307482349,4.684828789665805,3.4293281810404213
AAPL_w08_s0007,AAPL,technology,8,naive,none,5.3708019256591815,6.157954181204966,4.225658385230308
AAPL_w08_s0007,AAPL,technology,8,moving_average,none,5.947664914812357,6.802324003264832,4.678097712165339
AAPL_w08_s0007,AAPL,technology,8,linear_trend,none,8.253714567188029,8.918689197730858,6.519849876673935
AAPL_w08_s0008,AAPL,technology,8,naive,none,6.7132661002022775,7.739918526070345,5.088633150591563
AAPL_w08_s0008,AAPL,technology,8,moving_average,none,6.211963762555805,7.165800423377797,4.720168568640091
AAPL_w08_s0008,AAPL,technology,8,linear_trend,none,7.890525886783079,10.167857853096335,6.280065679956956
AAPL_w08_s0009,AAPL,technology,8,naive,none,5.2922633034842335,5.805692549369903,4.472172634355392
AAPL_w08_s0009,AAPL,technology,8,moving_average,none,3.0242540087018694,3.5902024976737725,2.5302188341465963
AAPL_w08_s0009,AAPL,technology,8,linear_trend,none,6.728696681206411,7.285583929649235,5.6860599641776846
AAPL_w08_s0010,AAPL,technology,8,naive,none,3.2054516928536563,4.255688944384554,2.5843654831150658
AAPL_w08_s0010,AAPL,technology,8,moving_average,none,3.6006159646170497,3.985502375448237,2.8159871045652043
AAPL_w08_s0010,AAPL,technology,8,linear_trend,none,10.00533609070749,10.377964644132927,7.8210189007419855
AAPL_w08_s0011,AAPL,technology,8,naive,none,4.0929167611258475,5.300902999140576,3.189937711122896
AAPL_w08_s0011,AAPL,technology,8,moving_average,none,3.442058999197823,4.642484273455691,2.6786228813105164
AAPL_w08_s0011,AAPL,technology,8,linear_trend,none,3.508115859429154,4.104853705325093,2.8382600046027857
AAPL_w08_s0012,AAPL,technology,8,naive,none,8.60593032836914,9.094293549085814,6.040458921137785
AAPL_w08_s0012,AAPL,technology,8,moving_average,none,10.61782913208009,11.017369641536435,7.4629889797099835
AAPL_w08_s0012,AAPL,technology,8,linear_trend,none,10.272097488102713,10.5276208467944,7.232992820574806
AAPL_w08_s0013,AAPL,technology,8,naive,none,3.7870091029575894,4.700420144976849,2.551998633165228
AAPL_w08_s0013,AAPL,technology,8,moving_average,none,3.420969281877782,4.324277687670967,2.3040132610735
AAPL_w08_s0013,AAPL,technology,8,linear_trend,none,7.807923109452792,8.76204611962895,5.357523335538345
AAPL_w08_s0014,AAPL,technology,8,naive,none,2.894818442208426,3.254140705374221,2.062858753932992
AAPL_w08_s0014,AAPL,technology,8,moving_average,none,3.8452119009835406,4.601859505049895,2.7601128409678353
AAPL_w08_s0014,AAPL,technology,8,linear_trend,none,8.94974262479863,9.306532998770313,6.373015302414542
AAPL_w08_s0015,AAPL,technology,8,naive,none,7.280576978410993,9.648788853052217,4.610840847259899
AAPL_w08_s0015,AAPL,technology,8,moving_average,none,7.160926055908212,9.54324697174773,4.533019625017633
AAPL_w08_s0015,AAPL,technology,8,linear_trend,none,14.623260431997702,16.479158800302265,9.400327943391051
AAPL_w08_s0016,AAPL,technology,8,naive,none,4.2810260227748325,5.219450047765477,2.4659387736352447
AAPL_w08_s0016,AAPL,technology,8,moving_average,none,9.758133261544353,10.285960880923561,5.658205014296723
AAPL_w08_s0016,AAPL,technology,8,linear_trend,none,5.9026974947195,6.674962800011555,3.430825512286683
AAPL_w08_s0017,AAPL,technology,8,naive,none,4.736842564174107,5.531857102210162,2.919111612601472
AAPL_w08_s0017,AAPL,technology,8,moving_average,none,5.628484889439171,7.183880071583357,3.511159289480909
AAPL_w08_s0017,AAPL,technology,8,linear_trend,none,16.18330747593633,17.195566269573707,9.950940655894138
AAPL_w08_s0018,AAPL,technology,8,naive,none,6.8179152352469305,7.937890741452395,4.154557474213596
AAPL_w08_s0018,AAPL,technology,8,moving_average,none,7.094797515869138,8.465352871087127,4.283255528933082
AAPL_w08_s0018,AAPL,technology,8,linear_trend,none,8.176172701739269,9.692031021966516,4.9342378358957735
AAPL_w08_s0019,AAPL,technology,8,naive,none,13.196311405726842,15.529145126945036,8.808749152392656
AAPL_w08_s0019,AAPL,technology,8,moving_average,none,15.365513065883103,17.41007482564704,10.209469040948173
AAPL_w08_s0019,AAPL,technology,8,linear_trend,none,15.18750853015795,18.024425840013667,10.146609755663542
AAPL_w08_s0020,AAPL,technology,8,naive,none,4.911414010184152,5.799981971708635,3.566647295751986
AAPL_w08_s0020,AAPL,technology,8,moving_average,none,6.077573285784045,7.187380482238418,4.512117332532276
AAPL_w08_s0020,AAPL,technology,8,linear_trend,none,7.315518887718448,8.659631612758618,5.242602180569611
AAPL_w08_s0021,AAPL,technology,8,naive,none,13.535386766706194,15.76598542375538,8.761697898233072
AAPL_w08_s0021,AAPL,technology,8,moving_average,none,13.18076640537806,15.417537155811,8.528441944100992
AAPL_w08_s0021,AAPL,technology,8,linear_trend,none,25.1011211511821,27.919229366173127,16.34828110748535
AAPL_w08_s0022,AAPL,technology,8,naive,none,7.045682634626116,7.7955218588048085,4.471000711854291
AAPL_w08_s0022,AAPL,technology,8,moving_average,none,7.102329363141743,7.91486949490426,4.5169401030486505
AAPL_w08_s0022,AAPL,technology,8,linear_trend,none,17.016534975635174,21.064241797853594,11.028747951294863
AAPL_w08_s0023,AAPL,technology,8,naive,none,8.668245588030134,9.877872902979574,6.177134210230711
AAPL_w08_s0023,AAPL,technology,8,moving_average,none,7.655714416503916,8.933258130447353,5.463961565537046
AAPL_w08_s0023,AAPL,technology,8,linear_trend,none,9.572975293652547,10.672153537426805,6.805825349648746
AAPL_w08_s0024,AAPL,technology,8,naive,none,4.650937216622489,5.23683502377117,3.22869802490472
AAPL_w08_s0024,AAPL,technology,8,moving_average,none,3.9165803091866644,5.342654437975553,2.7929563463942926
AAPL_w08_s0024,AAPL,technology,8,linear_trend,none,11.151771705932134,12.388762504812913,7.650206924219704
AAPL_w08_s0025,AAPL,technology,8,naive,none,8.043492998395648,8.985320894748327,6.247087140865156
AAPL_w08_s0025,AAPL,technology,8,moving_average,none,11.428188214983269,12.670277795237986,8.87777671025093
AAPL_w08_s0025,AAPL,technology,8,linear_trend,none,14.563803363248963,15.695966597755614,11.277548025404755
AAPL_w08_s0026,AAPL,technology,8,naive,none,12.982628958565849,13.774677410755059,8.800711680834084
AAPL_w08_s0026,AAPL,technology,8,moving_average,none,13.328747122628338,14.101368123467534,9.038025727124358
AAPL_w08_s0026,AAPL,technology,8,linear_trend,none,28.79346877440342,29.815766301796273,19.591607902087535
AAPL_w08_s0027,AAPL,technology,8,naive,none,11.721035548618861,12.903851318213507,7.457465874726321
AAPL_w08_s0027,AAPL,technology,8,moving_average,none,9.813314165387835,11.1108051218836,6.228759978466936
AAPL_w08_s0027,AAPL,technology,8,linear_trend,none,8.628164277834594,8.909162633230585,5.591101652971164
AAPL_w08_s0028,AAPL,technology,8,naive,none,8.103196280343193,8.981488638474707,4.816518899947726
AAPL_w08_s0028,AAPL,technology,8,moving_average,none,5.747513035365519,6.799922067796515,3.4061095527579197
AAPL_w08_s0028,AAPL,technology,8,linear_trend,none,1.5642090286463446,1.9096025184355863,0.9467073001217843
AAPL_w08_s0029,AAPL,technology,8,naive,none,7.260357448032925,8.560990993738613,3.9801050068814234
AAPL_w08_s0029,AAPL,technology,8,moving_average,none,8.55026811872209,9.945750154013943,4.687215542563983
AAPL_w08_s0029,AAPL,technology,8,linear_trend,none,3.095856776220875,3.665591243192708,1.7034681131209959
AAPL_w08_s0030,AAPL,technology,8,naive,none,4.300069536481588,6.554646003926618,2.371567389479538
AAPL_w08_s0030,AAPL,technology,8,moving_average,none,4.515900748116624,5.446198240868016,2.4381612750989565
AAPL_w08_s0030,AAPL,technology,8,linear_trend,none,7.131123194391629,10.691663556786889,3.9211686673051536
AAPL_w08_s0031,AAPL,technology,8,naive,none,3.235147203717912,4.714217847927733,1.788841128191209
AAPL_w08_s0031,AAPL,technology,8,moving_average,none,3.41730902535575,4.462861550076055,1.9063125958564364
AAPL_w08_s0031,AAPL,technology,8,linear_trend,none,9.979454001061422,10.904217249511012,5.701325530643557
AAPL_w08_s0032,AAPL,technology,8,naive,none,3.0658580235072543,3.6588339031928965,1.7929774959314435
AAPL_w08_s0032,AAPL,technology,8,moving_average,none,3.4930225917271156,4.167472107948072,2.051237716889316
AAPL_w08_s0032,AAPL,technology,8,linear_trend,none,4.190451181391805,5.10051733944472,2.4094113590906177
AAPL_w08_s0033,AAPL,technology,8,naive,none,16.488639831542965,17.63772986634143,8.82101851709092
AAPL_w08_s0033,AAPL,technology,8,moving_average,none,16.78687896728516,17.91685175486944,8.982726074071316
AAPL_w08_s0033,AAPL,technology,8,linear_trend,none,17.181312888111446,18.67970234324461,9.177531177621598
AAPL_w08_s0034,AAPL,technology,8,naive,none,5.79759434291295,7.432748105318472,3.149487297863203
AAPL_w08_s0034,AAPL,technology,8,moving_average,none,4.616668701171872,5.87414991091436,2.4979351617264465
AAPL_w08_s0034,AAPL,technology,8,linear_trend,none,13.99033239400919,16.87006367837423,7.566157716235375
AAPL_w08_s0035,AAPL,technology,8,naive,none,7.5630825587681345,8.538765134906992,4.1543952194197775
AAPL_w08_s0035,AAPL,technology,8,moving_average,none,3.8812642778669044,4.55833365247927,2.1156490096424863
AAPL_w08_s0035,AAPL,technology,8,linear_trend,none,2.591812760438207,3.4739690376148795,1.3825601014736784
AAPL_w08_s0036,AAPL,technology,8,naive,none,8.074388776506696,8.461729814328754,4.778183292621328
AAPL_w08_s0036,AAPL,technology,8,moving_average,none,9.523839460100435,9.854371385242642,5.631985715039782
AAPL_w08_s0036,AAPL,technology,8,linear_trend,none,10.042092989776117,10.335245169345837,5.934652641000106
AAPL_w08_s0037,AAPL,technology,8,naive,none,8.265580313546314,9.33920778226618,4.628951261567342
AAPL_w08_s0037,AAPL,technology,8,moving_average,none,8.911532592773431,11.647664429426444,4.875459169853736
AAPL_w08_s0037,AAPL,technology,8,linear_trend,none,15.52276203868153,19.463322819912516,8.515454017885252
AAPL_w08_s0038,AAPL,technology,8,naive,none,11.73900876726423,14.96117320515151,5.610567302511316
AAPL_w08_s0038,AAPL,technology,8,moving_average,none,12.81895283290318,16.27314201818323,6.125059006109098
AAPL_w08_s0038,AAPL,technology,8,linear_trend,none,8.528921973587078,10.7383623310073,4.085511101060703
AAPL_w08_s0039,AAPL,technology,8,naive,none,6.00788824898856,7.353112397897619,2.7164639112935296
AAPL_w08_s0039,AAPL,technology,8,moving_average,none,8.384575435093469,9.966150751724289,3.747578075539124
AAPL_w08_s0039,AAPL,technology,8,linear_trend,none,13.690005209950149,16.339870546977664,6.3348769903965305
AAPL_w08_s0040,AAPL,technology,8,naive,none,6.526784624372235,7.28910925577638,2.913843168827804
AAPL_w08_s0040,AAPL,technology,8,moving_average,none,11.251841299874437,11.786503247790055,5.037777353365186
AAPL_w08_s0040,AAPL,technology,8,linear_trend,none,3.895338712010816,4.727470022806563,1.7390259002918982
AAPL_w08_s0041,AAPL,technology,8,naive,none,3.15917696271624,3.8565912545078724,1.3762013691632577
AAPL_w08_s0041,AAPL,technology,8,moving_average,none,7.58585063389369,8.332640402935118,3.3035500327008243
AAPL_w08_s0041,AAPL,technology,8,linear_trend,none,2.301945209017517,3.0510734095442222,1.0028558901232445
AAPL_w08_s0042,AAPL,technology,8,naive,none,6.548027583530977,8.115955642220285,2.797055136622027
AAPL_w08_s0042,AAPL,technology,8,moving_average,none,6.914359501429971,7.9154176546780075,2.978478279293045
AAPL_w08_s0042,AAPL,technology,8,linear_trend,none,8.089898238927168,9.24483003625732,3.5805429128122555
AAPL_w12_s0000,AAPL,technology,12,naive,none,6.9712998526436945,7.869736167956755,10.179472546514148
AAPL_w12_s0000,AAPL,technology,12,moving_average,none,7.574638039725168,8.526105110250331,11.058990395127367
AAPL_w12_s0000,AAPL,technology,12,linear_trend,none,8.868802658002013,10.313831308154448,12.92402646109593
AAPL_w12_s0001,AAPL,technology,12,naive,none,5.269677843366351,6.229468771594825,6.543102160872692
AAPL_w12_s0001,AAPL,technology,12,moving_average,none,6.937280382428851,7.691725145105036,8.668588938391926
AAPL_w12_s0001,AAPL,technology,12,linear_trend,none,15.432179574077225,15.936815460328354,19.46189492707122
AAPL_w12_s0002,AAPL,technology,12,naive,none,5.282464981079101,6.0610198062810205,5.742118340555095
AAPL_w12_s0002,AAPL,technology,12,moving_average,none,7.021501650129051,7.646799818023238,7.666599714734508
AAPL_w12_s0002,AAPL,technology,12,linear_trend,none,1.6639734576553136,2.3103763122062735,1.8369624809772882
AAPL_w12_s0003,AAPL,technology,12,naive,none,22.881070273263113,24.626501513893015,19.67677685340177
AAPL_w12_s0003,AAPL,technology,12,moving_average,none,22.003364889962338,23.81321621378761,18.89595526956746
AAPL_w12_s0003,AAPL,technology,12,linear_trend,none,12.416663441059724,13.510568109886991,10.67720049340183
AAPL_w12_s0004,AAPL,technology,12,naive,none,6.5958142961774575,7.484194029538939,6.05943149131102
AAPL_w12_s0004,AAPL,technology,12,moving_average,none,12.473713139125278,13.096353780384991,11.380601268293251
AAPL_w12_s0004,AAPL,technology,12,linear_trend,none,22.149194958249147,22.685211117210347,19.99935105261907
AAPL_w12_s0005,AAPL,technology,12,naive,none,4.336725507463712,5.310895105486796,3.9253215248258586
AAPL_w12_s0005,AAPL,technology,12,moving_average,none,4.495812116350451,5.441575624754353,4.066527101357025
AAPL_w12_s0005,AAPL,technology,12,linear_trend,none,7.552094778348777,8.162480965282889,6.767624357106845
AAPL_w12_s0006,AAPL,technology,12,naive,none,10.90742819649834,12.062819205740865,8.72035876751754
AAPL_w12_s0006,AAPL,technology,12,moving_average,none,9.55323813302176,10.817607407043067,7.618682278050145
AAPL_w12_s0006,AAPL,technology,12,linear_trend,none,9.901192992939754,11.134147727463588,7.901644144436328
AAPL_w12_s0007,AAPL,technology,12,naive,none,7.549464634486607,8.621612675478202,5.687228246931894
AAPL_w12_s0007,AAPL,technology,12,moving_average,none,4.3961919512067515,5.490836695490632,3.2995762727421782
AAPL_w12_s0007,AAPL,technology,12,linear_trend,none,2.9097470046196974,3.937549798444259,2.202972936348513
AAPL_w12_s0008,AAPL,technology,12,naive,none,7.767053604125975,8.331280659468268,6.563556694647492
AAPL_w12_s0008,AAPL,technology,12,moving_average,none,10.826492691040043,11.238151971147534,9.124223103210758
AAPL_w12_s0008,AAPL,technology,12,linear_trend,none,20.703063719999328,21.290584116688095,17.419525791381442
AAPL_w12_s0009,AAPL,technology,12,naive,none,9.134666987827845,9.852938691708626,7.09860015087119
AAPL_w12_s0009,AAPL,technology,12,moving_average,none,9.338881574358265,10.054902680587595,7.258264844899498
AAPL_w12_s0009,AAPL,technology,12,linear_trend,none,12.99837631016931,13.950961565391035,10.111877371043233
AAPL_w12_s0010,AAPL,technology,12,naive,none,3.7695391518729116,4.146221175819362,3.079944793298202
AAPL_w12_s0010,AAPL,technology,12,moving_average,none,3.2398411887032643,3.5638745513232974,2.646147041319622
AAPL_w12_s0010,AAPL,technology,12,linear_trend,none,6.14706989165125,6.363558796617207,5.005655445217696
AAPL_w12_s0011,AAPL,technology,12,naive,none,9.538674218314034,11.047588151337564,6.75833929952984
AAPL_w12_s0011,AAPL,technology,12,moving_average,none,11.305879483904151,12.674532279756788,8.036473675702235
AAPL_w12_s0011,AAPL,technology,12,linear_trend,none,13.122811333118232,14.31370429257634,9.356677832540807
AAPL_w12_s0012,AAPL,technology,12,naive,none,3.9703543526785716,4.950432190526832,2.6930833964572485
AAPL_w12_s0012,AAPL,technology,12,moving_average,none,2.5058872767857117,3.4548632841459077,1.694887410039789
AAPL_w12_s0012,AAPL,technology,12,linear_trend,none,3.8696086649249404,4.334258941880596,2.665505740362708
AAPL_w12_s0013,AAPL,technology,12,naive,none,11.335244315011161,11.934825568214954,8.07699637612326
AAPL_w12_s0013,AAPL,technology,12,moving_average,none,8.620800345284604,9.293739574403922,6.154060787576367
AAPL_w12_s0013,AAPL,technology,12,linear_trend,none,14.2745226330118,15.53916103111975,10.192945087169962
AAPL_w12_s0014,AAPL,technology,12,naive,none,6.85322516305106,8.109579361805247,4.54426165019327
AAPL_w12_s0014,AAPL,technology,12,moving_average,none,8.877865055629197,9.880033918762798,5.911099608527327
AAPL_w12_s0014,AAPL,technology,12,linear_trend,none,8.607860746211948,9.90015103766242,5.718636726977526
AAPL_w12_s0015,AAPL,technology,12,naive,none,11.05705097743443,12.4470993789328,6.42773560365399
AAPL_w12_s0015,AAPL,technology,12,moving_average,none,12.208163997105194,13.613474701023062,7.100001955958628
AAPL_w12_s0015,AAPL,technology,12,linear_trend,none,18.564917998033224,19.46426776567028,10.870847325990884
AAPL_w12_s0016,AAPL,technology,12,naive,none,4.932833535330636,6.93808427523115,3.061170447709569
AAPL_w12_s0016,AAPL,technology,12,moving_average,none,8.175298309326166,9.640052081210555,5.017619288688637
AAPL_w12_s0016,AAPL,technology,12,linear_trend,none,20.799586553945453,21.967017346425838,12.604334663890432
AAPL_w12_s0017,AAPL,technology,12,naive,none,8.863401140485491,10.312856974433098,5.642984897158615
AAPL_w12_s0017,AAPL,technology,12,moving_average,none,8.113883972167969,9.491375705417575,5.1656755881939835
AAPL_w12_s0017,AAPL,technology,12,linear_trend,none,9.782437209750894,11.388572079710498,6.229548813817326
AAPL_w12_s0018,AAPL,technology,12,naive,none,9.370670318603516,11.07991644706763,5.901440015931058
AAPL_w12_s0018,AAPL,technology,12,moving_average,none,7.542394038609099,8.98652072469885,4.741052437284344
AAPL_w12_s0018,AAPL,technology,12,linear_trend,none,6.992575714703272,8.546899128670892,4.172581209228825
AAPL_w12_s0019,AAPL,technology,12,naive,none,13.524934496198382,14.856646739425974,9.829716233283474
AAPL_w12_s0019,AAPL,technology,12,moving_average,none,15.519044603620257,16.692418776881752,11.250170389649238
AAPL_w12_s0019,AAPL,technology,12,linear_trend,none,19.513343200049636,20.403165817576504,14.089039321164373
AAPL_w12_s0020,AAPL,technology,12,naive,none,14.949169703892313,16.449753321445648,10.285450320167323
AAPL_w12_s0020,AAPL,technology,12,moving_average,none,11.75642830984933,13.499362232424996,8.048410981689134
AAPL_w12_s0020,AAPL,technology,12,linear_trend,none,21.139623972681882,24.440297110902083,14.46400261327067
AAPL_w12_s0021,AAPL,technology,12,naive,none,8.221626826695033,9.74090287562137,4.965057998801181
AAPL_w12_s0021,AAPL,technology,12,moving_average,none,10.60333982195174,12.061005365049622,6.422185503319251
AAPL_w12_s0021,AAPL,technology,12,linear_trend,none,20.10753644414959,20.90273634191613,12.293006480713586
AAPL_w12_s0022,AAPL,technology,12,naive,none,8.26471437726702,10.10829435439639,5.861721416665574
AAPL_w12_s0022,AAPL,technology,12,moving_average,none,8.523879241943368,10.35781484967409,6.043624545086541
AAPL_w12_s0022,AAPL,technology,12,linear_trend,none,32.66564586830546,34.59377736192444,22.84605624249281
AAPL_w12_s0023,AAPL,technology,12,naive,none,5.957084110804966,6.670733090543882,4.081024649943261
AAPL_w12_s0023,AAPL,technology,12,moving_average,none,7.339146532331187,8.278182965752755,5.006856175449927
AAPL_w12_s0023,AAPL,technology,12,linear_trend,none,10.410283638831983,12.3134560272626,7.089046647271104
AAPL_w12_s0024,AAPL,technology,12,naive,none,10.977273123604911,13.287715250854475,8.48861051418889
AAPL_w12_s0024,AAPL,technology,12,moving_average,none,12.558142089843756,14.631403829739929,9.666955417839244
AAPL_w12_s0024,AAPL,technology,12,linear_trend,none,6.460756633290502,7.912641040610868,4.982539346964141
AAPL_w12_s0025,AAPL,technology,12,naive,none,14.340269906180259,16.436634870835483,9.82038706180951
AAPL_w12_s0025,AAPL,technology,12,moving_average,none,16.71985669817243,18.549211112672342,11.504018807061977
AAPL_w12_s0025,AAPL,technology,12,linear_trend,none,14.92855104836997,17.78286933232996,10.17562727855308
AAPL_w12_s0026,AAPL,technology,12,naive,none,4.012761797223773,4.594986697211203,2.6789108173676985
AAPL_w12_s0026,AAPL,technology,12,moving_average,none,3.9515627179826986,4.547721466375304,2.6334279453865785
AAPL_w12_s0026,AAPL,technology,12,linear_trend,none,6.725057971638216,7.7064257670081755,4.399058302104044
AAPL_w12_s0027,AAPL,technology,12,naive,none,5.385504041399274,6.241220785433407,3.2542128214949466
AAPL_w12_s0027,AAPL,technology,12,moving_average,none,6.908179909842366,7.627420899484834,4.183840045105938
AAPL_w12_s0027,AAPL,technology,12,linear_trend,none,2.533025963471502,3.193943783106416,1.5567532093917893
AAPL_w12_s0028,AAPL,technology,12,naive,none,5.9967645917619965,7.5366964565234005,3.3584808760789016
AAPL_w12_s0028,AAPL,technology,12,moving_average,none,7.330196598597945,8.635530677547202,4.120268239871571
AAPL_w12_s0028,AAPL,technology,12,linear_trend,none,1.841051915576497,2.202927403326995,1.0427876195734984
AAPL_w12_s0029,AAPL,technology,12,naive,none,6.122383117675805,6.796925551503455,3.2230805375662968
AAPL_w12_s0029,AAPL,technology,12,moving_average,none,6.461206272670188,7.123574436790752,3.402339891591535
AAPL_w12_s0029,AAPL,technology,12,linear_trend,none,2.0116018861367797,2.67680528093938,1.0642353092359278
AAPL_w12_s0030,AAPL,technology,12,naive,none,14.545723506382535,15.621087606494047,8.223976557134119
AAPL_w12_s0030,AAPL,technology,12,moving_average,none,12.905992453438902,14.049835693616247,7.305476578154972
AAPL_w12_s0030,AAPL,technology,12,linear_trend,none,21.94133112022403,23.049714033665623,12.360260659897417
AAPL_w12_s0031,AAPL,technology,12,naive,none,2.9286591666085378,3.656022143357256,1.706194863762119
AAPL_w12_s0031,AAPL,technology,12,moving_average,none,7.647382136753639,8.14910267739865,4.432196521275278
AAPL_w12_s0031,AAPL,technology,12,linear_trend,none,3.7054187419883533,4.360519758087299,2.152702623268458
AAPL_w12_s0032,AAPL,technology,12,naive,none,8.126829419817243,9.578704225903335,4.453010722869628
AAPL_w12_s0032,AAPL,technology,12,moving_average,none,7.6071152823311925,8.54049943457564,4.214274132117476
AAPL_w12_s0032,AAPL,technology,12,linear_trend,none,11.67909636098697,14.615678475916539,6.3306153306804305
AAPL_w12_s0033,AAPL,technology,12,naive,none,4.248693193708143,4.844837048025789,2.2461064397194193
AAPL_w12_s0033,AAPL,technology,12,moving_average,none,4.2409210205078125,4.838859168875013,2.242237838272005
AAPL_w12_s0033,AAPL,technology,12,linear_trend,none,6.928997691088132,7.321805061983748,3.6370716115663946
AAPL_w12_s0034,AAPL,technology,12,naive,none,3.584838867187496,4.620599034040749,1.9029138302141289
AAPL_w12_s0034,AAPL,technology,12,moving_average,none,4.489003208705362,5.642720014381636,2.381422422969511
AAPL_w12_s0034,AAPL,technology,12,linear_trend,none,13.501714239126935,14.525806168071844,7.320393665648418
AAPL_w12_s0035,AAPL,technology,12,naive,none,6.921640123639788,8.099551400887318,4.063500057350655
AAPL_w12_s0035,AAPL,technology,12,moving_average,none,8.401231057303281,9.614214905698518,4.926902702399551
AAPL_w12_s0035,AAPL,technology,12,linear_trend,none,8.811368050448632,9.72976533690409,5.1543916633610625
AAPL_w12_s0036,AAPL,technology,12,naive,none,4.018977573939731,5.962755302422514,2.289465296002665
AAPL_w12_s0036,AAPL,technology,12,moving_average,none,4.293652779715402,5.693096567488195,2.4666602064315386
AAPL_w12_s0036,AAPL,technology,12,linear_trend,none,6.367926420048944,9.545015256588952,3.6138052043978233
AAPL_w12_s0037,AAPL,technology,12,naive,none,12.005647931780159,15.413279490701653,5.944135750253758
AAPL_w12_s0037,AAPL,technology,12,moving_average,none,13.509715924944189,16.67625262381131,6.71545403580367
AAPL_w12_s0037,AAPL,technology,12,linear_trend,none,27.512914508288638,29.496363623946955,13.905596170611917
AAPL_w12_s0038,AAPL,technology,12,naive,none,12.090995243617467,14.024014611488202,5.3992804811188355
AAPL_w12_s0038,AAPL,technology,12,moving_average,none,9.353544507707868,11.053246008446765,4.179568695765846
AAPL_w12_s0038,AAPL,technology,12,linear_trend,none,7.344224905274662,8.872638171108136,3.282901571320824
AAPL_w12_s0039,AAPL,technology,12,naive,none,4.644020080566408,5.964292249724572,2.1391531768118566
AAPL_w12_s0039,AAPL,technology,12,moving_average,none,5.683338710239956,6.59126740024717,2.5825562575214076
AAPL_w12_s0039,AAPL,technology,12,linear_trend,none,23.102304316198566,23.873285020147545,10.541156396627068
AAPL_w12_s0040,AAPL,technology,12,naive,none,7.146082741873582,8.029442108137058,3.1456548322309374
AAPL_w12_s0040,AAPL,technology,12,moving_average,none,6.399950190952851,7.304621315549259,2.817023924130496
AAPL_w12_s0040,AAPL,technology,12,linear_trend,none,2.887573506655812,3.7921208881433768,1.2897297938022012
AAPL_w12_s0041,AAPL,technology,12,naive,none,6.208220890590107,7.31097768191195,2.763738358712533
AAPL_w12_s0041,AAPL,technology,12,moving_average,none,4.783773258754192,5.666477080169227,2.1277067356664126
AAPL_w12_s0041,AAPL,technology,12,linear_trend,none,5.9589193525592,6.8819037469378515,2.6461063642051466
BAC_w04_s0000,BAC,finance,4,naive,none,2.821756226675851,3.944723485425694,12.256187296337943
BAC_w04_s0000,BAC,finance,4,moving_average,none,2.8060629435947964,3.8425835609489303,12.107857062639985
BAC_w04_s0000,BAC,finance,4,linear_trend,none,2.2831314918690166,2.8176137653292073,9.395819666870329
BAC_w04_s0001,BAC,finance,4,naive,none,1.3011229038238525,1.5478556616567951,7.207725776436627
BAC_w04_s0001,BAC,finance,4,moving_average,none,2.1580496311187756,2.479488961722113,12.026846776920426
BAC_w04_s0001,BAC,finance,4,linear_trend,none,7.579195873975496,9.24922604679668,39.4557497868618
BAC_w04_s0002,BAC,finance,4,naive,none,1.2776798520769392,1.581238322347513,6.210467522970644
BAC_w04_s0002,BAC,finance,4,moving_average,none,0.957363837105887,1.2444234032837023,4.655083630888264
BAC_w04_s0002,BAC,finance,4,linear_trend,none,1.2847731210235342,1.4949578284397889,6.605453992559143
BAC_w04_s0003,BAC,finance,4,naive,none,1.0865415164402557,1.4206661580258273,4.880266783371198
BAC_w04_s0003,BAC,finance,4,moving_average,none,1.0667996951511924,1.3947905487756156,4.819118589261678
BAC_w04_s0003,BAC,finance,4,linear_trend,none,1.940269005669943,2.2866192942841033,9.09611985315205
BAC_w04_s0004,BAC,finance,4,naive,none,0.9877755301339287,1.2394025225283916,4.41538820127103
BAC_w04_s0004,BAC,finance,4,moving_average,none,1.526637431553431,1.7406962053791624,6.866810515191364
BAC_w04_s0004,BAC,finance,4,linear_trend,none,3.5137184630659326,3.8962699823633877,15.858887914738942
BAC_w04_s0005,BAC,finance,4,naive,none,0.5633125305175781,0.7786135541740338,2.63208472697107
BAC_w04_s0005,BAC,finance,4,moving_average,none,0.6722849982125416,0.9559807471377259,3.165273770100188
BAC_w04_s0005,BAC,finance,4,linear_trend,none,2.4670594896588973,2.834758056372386,11.442449679131482
BAC_w04_s0006,BAC,finance,4,naive,none,0.5592589378356937,0.7067955602969944,2.579305370169947
BAC_w04_s0006,BAC,finance,4,moving_average,none,0.6718608175005221,0.82654938033369,3.1010097259836495
BAC_w04_s0006,BAC,finance,4,linear_trend,none,2.3723206606126364,2.553993681527039,11.111528585944718
BAC_w04_s0007,BAC,finance,4,naive,none,3.4736701420375278,3.5597789896012175,13.940773753412754
BAC_w04_s0007,BAC,finance,4,moving_average,none,3.5051959446498318,3.590548817313709,14.06820507812416
BAC_w04_s0007,BAC,finance,4,linear_trend,none,4.1098782618242975,4.214609144731723,16.493500723245297
BAC_w04_s0008,BAC,finance,4,naive,none,2.092660358973912,2.4662579206757074,7.404832022032015
BAC_w04_s0008,BAC,finance,4,moving_average,none,2.288806206839424,2.642704104834935,8.116860428233844
BAC_w04_s0008,BAC,finance,4,linear_trend,none,1.1370699891726521,1.4917071019048835,4.001686221867243
BAC_w04_s0009,BAC,finance,4,naive,none,4.341436658586774,4.695065684023263,13.943916474102231
BAC_w04_s0009,BAC,finance,4,moving_average,none,3.724561609540668,4.10751619914317,11.925308277532983
BAC_w04_s0009,BAC,finance,4,linear_trend,none,3.754210808095307,4.271292206263636,11.972791856871032
BAC_w04_s0010,BAC,finance,4,naive,none,1.3607192720685686,1.5506055516350676,3.9184573962922893
BAC_w04_s0010,BAC,finance,4,moving_average,none,1.5444146020071858,1.736405615106865,4.449970359294785
BAC_w04_s0010,BAC,finance,4,linear_trend,none,1.6547139754740925,2.0306285706593448,4.821539110208603
BAC_w04_s0011,BAC,finance,4,naive,none,2.4316925321306506,2.617362434381686,6.555799198877386
BAC_w04_s0011,BAC,finance,4,moving_average,none,2.3889280319213846,2.575039034148154,6.439895402835634
BAC_w04_s0011,BAC,finance,4,linear_trend,none,1.1429826160762804,1.2510259371545933,3.0854872531824036
BAC_w04_s0012,BAC,finance,4,naive,none,1.5173568725585942,1.799208962810384,4.229095818053214
BAC_w04_s0012,BAC,finance,4,moving_average,none,1.2184055328369137,1.4539114493188054,3.389795859670467
BAC_w04_s0012,BAC,finance,4,linear_trend,none,2.0154940251761184,2.3483359850059973,5.608963349837077
BAC_w04_s0013,BAC,finance,4,naive,none,1.5541533061436241,1.7783365427908433,4.5318625327360955
BAC_w04_s0013,BAC,finance,4,moving_average,none,1.2989092963082454,1.4199316754301248,3.740228277968559
BAC_w04_s0013,BAC,finance,4,linear_trend,none,1.4642653077040515,1.5724839501658325,4.211337552050825
BAC_w04_s0014,BAC,finance,4,naive,none,1.125085966927665,1.3784503300529118,3.013907912602782
BAC_w04_s0014,BAC,finance,4,moving_average,none,0.7626370293753484,0.9857103647185301,2.056761675747997
BAC_w04_s0014,BAC,finance,4,linear_trend,none,3.338336604699152,3.772477473509813,9.143828178651361
BAC_w04_s0015,BAC,finance,4,naive,none,2.586933272225516,3.0379280840049976,6.154463094797865
BAC_w04_s0015,BAC,finance,4,moving_average,none,2.923939977373396,3.348095446490298,6.971767883349535
BAC_w04_s0015,BAC,finance,4,linear_trend,none,2.6598513768131573,2.90125681654809,6.377240664845477
BAC_w04_s0016,BAC,finance,4,naive,none,1.6251005445207871,1.9484334998042872,4.065532564777763
BAC_w04_s0016,BAC,finance,4,moving_average,none,1.8028601510184128,2.1252848029289835,4.505946835830953
BAC_w04_s0016,BAC,finance,4,linear_trend,none,4.912212093611409,5.427041152955664,12.218290863345073
BAC_w04_s0017,BAC,finance,4,naive,none,2.0774517059326176,2.5848541345266476,4.880685834243121
BAC_w04_s0017,BAC,finance,4,moving_average,none,1.8889581952776218,2.428582935414953,4.427580943772864
BAC_w04_s0017,BAC,finance,4,linear_trend,none,3.828417211546937,4.323878875164122,9.080762408112317
BAC_w04_s0018,BAC,finance,4,naive,none,2.243826729910715,2.8142243161324307,5.7556839190517755
BAC_w04_s0018,BAC,finance,4,moving_average,none,2.278600311279298,2.758709370978165,5.7867530531394005
BAC_w04_s0018,BAC,finance,4,linear_trend,none,1.97177674081477,2.3430810127064077,4.80577987182575
BAC_w04_s0019,BAC,finance,4,naive,none,1.4873719896589008,1.7210774574182333,3.9571831044481107
BAC_w04_s0019,BAC,finance,4,moving_average,none,1.6252138410295753,2.019498659653653,4.2606352931492735
BAC_w04_s0019,BAC,finance,4,linear_trend,none,8.135336414136386,8.55405521803071,22.03407843485223
BAC_w04_s0020,BAC,finance,4,naive,none,3.0453366552080428,3.2245287668529325,9.412216326963579
BAC_w04_s0020,BAC,finance,4,moving_average,none,2.3549768311636816,2.581582270996553,7.301972414908185
BAC_w04_s0020,BAC,finance,4,linear_trend,none,2.281566845333537,2.893887841148907,6.965077292757331
BAC_w04_s0021,BAC,finance,4,naive,none,3.67095490864345,4.047063183241251,12.62046503520628
BAC_w04_s0021,BAC,finance,4,moving_average,none,3.0634194101606096,3.465244010451901,10.566940426827435
BAC_w04_s0021,BAC,finance,4,linear_trend,none,1.784796580899543,1.8806346584231273,6.071417808897451
BAC_w04_s0022,BAC,finance,4,naive,none,2.454004355839321,2.750656636682141,7.803264596401534
BAC_w04_s0022,BAC,finance,4,moving_average,none,2.352847739628383,2.65096206553499,7.480289317448128
BAC_w04_s0022,BAC,finance,4,linear_trend,none,2.909135728030916,3.276313028195321,9.244798358935194
BAC_w04_s0023,BAC,finance,4,naive,none,1.628437655312675,2.01671013697669,5.491393345786654
BAC_w04_s0023,BAC,finance,4,moving_average,none,2.291502339499338,2.5828317135556733,7.663224913916555
BAC_w04_s0023,BAC,finance,4,linear_trend,none,4.912505642453532,5.441760323193607,16.36758180940257
BAC_w04_s0024,BAC,finance,4,naive,none,2.9929909706115723,3.60100031756736,9.282136798464691
BAC_w04_s0024,BAC,finance,4,moving_average,none,2.7803382192339217,3.351942672464918,8.629506379508967
BAC_w04_s0024,BAC,finance,4,linear_trend,none,4.428302314176466,5.487118546951667,13.673087322144045
BAC_w04_s0025,BAC,finance,4,naive,none,1.8364088194710868,2.558670910826539,6.037227259982277
BAC_w04_s0025,BAC,finance,4,moving_average,none,1.8250312123979842,2.3240574092119677,5.918073610397485
BAC_w04_s0025,BAC,finance,4,linear_trend,none,5.868612877408366,7.211476525370751,18.992912217940866
BAC_w04_s0026,BAC,finance,4,naive,none,1.7227133342197962,1.9470241415058096,5.442884706029994
BAC_w04_s0026,BAC,finance,4,moving_average,none,1.6749212809971386,1.9048682561386872,5.2895261911650575
BAC_w04_s0026,BAC,finance,4,linear_trend,none,7.556792532411732,8.352133186065283,23.939594644780822
BAC_w04_s0027,BAC,finance,4,naive,none,1.322420937674386,1.9596726670359141,4.44444336623318
BAC_w04_s0027,BAC,finance,4,moving_average,none,1.2886767796107697,1.8823007545096624,4.316963241093146
BAC_w04_s0027,BAC,finance,4,linear_trend,none,1.939856944406839,2.6872293684989517,6.481033381655806
BAC_w04_s0028,BAC,finance,4,naive,none,0.6320378439767014,0.843854367414595,2.370042431311915
BAC_w04_s0028,BAC,finance,4,moving_average,none,2.213554164341517,2.3679790876562787,8.479421688535105
BAC_w04_s0028,BAC,finance,4,linear_trend,none,2.269272498797652,2.8492689777899236,8.434552435430557
BAC_w04_s0029,BAC,finance,4,naive,none,1.603334835597447,1.7120887292548648,6.2158167270682005
BAC_w04_s0029,BAC,finance,4,moving_average,none,1.86420977456229,1.9585309048812147,7.218584066495275
BAC_w04_s0029,BAC,finance,4,linear_trend,none,3.356736442738009,3.583814400243129,12.979648557176201
BAC_w04_s0030,BAC,finance,4,naive,none,0.9854290825980051,1.0899492013206276,3.635604035977956
BAC_w04_s0030,BAC,finance,4,moving_average,none,0.8955243791852666,1.003459554130399,3.30212641734685
BAC_w04_s0030,BAC,finance,4,linear_trend,none,0.5789209774562282,0.6550465410268328,2.162123762651246
BAC_w04_s0031,BAC,finance,4,naive,none,1.4130332129342218,1.5900088048320091,4.821749244590688
BAC_w04_s0031,BAC,finance,4,moving_average,none,1.7731036322457465,2.049770852936815,6.025419670584071
BAC_w04_s0031,BAC,finance,4,linear_trend,none,1.7354216725178353,2.0064541718425786,5.900583722742186
BAC_w04_s0032,BAC,finance,4,naive,none,0.501838411603655,0.5958420736292335,1.897565680238775
BAC_w04_s0032,BAC,finance,4,moving_average,none,0.5583039964948388,0.7720837088520247,2.144430593264491
BAC_w04_s0032,BAC,finance,4,linear_trend,none,2.00464970622488,2.258702081263214,7.566265956766041
BAC_w04_s0033,BAC,finance,4,naive,none,0.725669588361468,0.8457058631824155,2.885902039045122
BAC_w04_s0033,BAC,finance,4,moving_average,none,0.8368870871407649,0.9778267423729017,3.3812254479424126
BAC_w04_s0033,BAC,finance,4,linear_trend,none,1.0708897515859308,1.437813494465444,4.174567010286771
BAC_w04_s0034,BAC,finance,4,naive,none,3.0631860324314664,3.4526319834333115,10.315592216962141
BAC_w04_s0034,BAC,finance,4,moving_average,none,2.6097172464643217,3.014486407287712,8.763449059212029
BAC_w04_s0034,BAC,finance,4,linear_trend,none,2.2335449605956117,2.511020435686636,7.528501951387321
BAC_w04_s0035,BAC,finance,4,naive,none,0.6813670567103792,0.7841168294712435,2.1488362524478544
BAC_w04_s0035,BAC,finance,4,moving_average,none,0.5316205705915176,0.7134385071230154,1.7016805656627314
BAC_w04_s0035,BAC,finance,4,linear_trend,none,3.252278323639603,3.8360654836850623,10.368002059768019
BAC_w04_s0036,BAC,finance,4,naive,none,0.9580290658133374,1.2801423105355325,2.873213758065987
BAC_w04_s0036,BAC,finance,4,moving_average,none,0.8906021935599195,1.1372732074264604,2.688763160841128
BAC_w04_s0036,BAC,finance,4,linear_trend,none,1.0488744436606177,1.3977305793094894,3.140545343270455
BAC_w04_s0037,BAC,finance,4,naive,none,0.9278420039585659,1.0822698567634839,2.618766499888182
BAC_w04_s0037,BAC,finance,4,moving_average,none,1.0460549490792428,1.2378669412771113,2.9442590304850276
BAC_w04_s0037,BAC,finance,4,linear_trend,none,1.6294701091713093,2.175673895639412,4.703783627790221
BAC_w04_s0038,BAC,finance,4,naive,none,0.7441114698137555,0.879780823656217,2.0232579843220555
BAC_w04_s0038,BAC,finance,4,moving_average,none,1.5897350311279297,1.8139243746740044,4.274356858657848
BAC_w04_s0038,BAC,finance,4,linear_trend,none,2.886181514424486,3.1579273581587253,7.781692316664267
BAC_w04_s0039,BAC,finance,4,naive,none,0.6901610238211511,0.9647048943435194,1.7594840304549615
BAC_w04_s0039,BAC,finance,4,moving_average,none,0.9996610369001105,1.3050239747938523,2.550263482195867
BAC_w04_s0039,BAC,finance,4,linear_trend,none,0.8646964223761255,1.01157225174491,2.2620941921783646
BAC_w04_s0040,BAC,finance,4,naive,none,2.2891274860927036,2.7019782973391058,6.137435460783351
BAC_w04_s0040,BAC,finance,4,moving_average,none,2.1931043079921166,2.580875394165245,5.869412656203282
BAC_w04_s0040,BAC,finance,4,linear_trend,none,3.885576550148741,4.5647647932367,10.428895323927891
BAC_w04_s0041,BAC,finance,4,naive,none,0.6257907322474886,0.7655825478897519,1.6217666681772027
BAC_w04_s0041,BAC,finance,4,moving_average,none,0.7027514321463446,0.8413818362331494,1.8218014411366397
BAC_w04_s0041,BAC,finance,4,linear_trend,none,2.522841760448943,2.61542652793572,6.582208584638159
BAC_w04_s0042,BAC,finance,4,naive,none,2.8052459444318507,3.2224250912457895,6.75029135790592
BAC_w04_s0042,BAC,finance,4,moving_average,none,2.6423231124877913,3.0721718081317655,6.351549457505912
BAC_w04_s0042,BAC,finance,4,linear_trend,none,2.224727818481911,2.6513279971447234,5.337231318649645
BAC_w04_s0043,BAC,finance,4,naive,none,0.7610118048531671,1.0044021130269425,1.7108858099461868
BAC_w04_s0043,BAC,finance,4,moving_average,none,1.7059698649815132,1.8429130943165783,3.786367460174612
BAC_w04_s0043,BAC,finance,4,linear_trend,none,1.5221017739186349,1.7676290338323997,3.4296572184470726
BAC_w08_s0000,BAC,finance,8,naive,none,5.092865637370518,5.550165354104761,27.8184420116519
BAC_w08_s0000,BAC,finance,8,moving_average,none,6.682199607576644,7.0752556187380105,36.17667614136581
BAC_w08_s0000,BAC,finance,8,linear_trend,none,7.420869598130504,7.692410309110072,39.845340133122654
BAC_w08_s0001,BAC,finance,8,naive,none,0.904429163251604,1.0674953129489781,4.704842271153463
BAC_w08_s0001,BAC,finance,8,moving_average,none,1.104566437857492,1.3677831131383884,5.46167570653721
BAC_w08_s0001,BAC,finance,8,linear_trend,none,9.650674783234559,10.022295082714201,49.25754804924062
BAC_w08_s0002,BAC,finance,8,naive,none,2.5338233539036303,2.873499118616227,11.334201195496917
BAC_w08_s0002,BAC,finance,8,moving_average,none,2.860306889670236,3.1651369479053844,12.843236677998476
BAC_w08_s0002,BAC,finance,8,linear_trend,none,1.6438731037877066,2.0927337278049896,7.245835654720878
BAC_w08_s0003,BAC,finance,8,naive,none,0.8405391148158502,1.0222842167603754,3.9054188961687824
BAC_w08_s0003,BAC,finance,8,moving_average,none,0.6114251000540593,0.7460815223610229,2.872979415408506
BAC_w08_s0003,BAC,finance,8,linear_trend,none,2.5493963094091177,2.574816701379724,12.135634803303324
BAC_w08_s0004,BAC,finance,8,naive,none,0.40218578066144695,0.4613838551435018,1.7941822957514735
BAC_w08_s0004,BAC,finance,8,moving_average,none,0.47350072860717773,0.5949148727896301,2.077211506233267
BAC_w08_s0004,BAC,finance,8,linear_trend,none,0.9445804670584851,1.0513094333190036,4.160569480898102
BAC_w08_s0005,BAC,finance,8,naive,none,0.9173961366925922,1.046696503283068,4.367450374755886
BAC_w08_s0005,BAC,finance,8,moving_average,none,1.0355032239641457,1.1580550946177322,4.924569202850403
BAC_w08_s0005,BAC,finance,8,linear_trend,none,1.6969533573811115,1.7789658975843383,8.029760637741425
BAC_w08_s0006,BAC,finance,8,naive,none,2.714465822492327,3.1727822133689942,11.059630346524237
BAC_w08_s0006,BAC,finance,8,moving_average,none,2.3750321796962197,2.754292628130665,9.707327543451507
BAC_w08_s0006,BAC,finance,8,linear_trend,none,3.0433243773380383,3.565504384838658,12.396629417813635
BAC_w08_s0007,BAC,finance,8,naive,none,1.505370821271624,2.0697303371898186,5.311424152067124
BAC_w08_s0007,BAC,finance,8,moving_average,none,1.5633596692766463,2.1569823011069222,5.509593776239404
BAC_w08_s0007,BAC,finance,8,linear_trend,none,0.8212628645220829,0.9270876970002409,3.10122926989156
BAC_w08_s0008,BAC,finance,8,naive,none,1.4358148574829102,1.7092703887574625,4.952426872645456
BAC_w08_s0008,BAC,finance,8,moving_average,none,1.4995169503348211,1.7570630693179796,5.26283356105769
BAC_w08_s0008,BAC,finance,8,linear_trend,none,1.772123607711158,1.9989832747070941,6.294525405273197
BAC_w08_s0009,BAC,finance,8,naive,none,2.141158240182059,2.394066499811023,6.2629817440797
BAC_w08_s0009,BAC,finance,8,moving_average,none,2.242626871381487,2.491558511634519,6.562996383844899
BAC_w08_s0009,BAC,finance,8,linear_trend,none,1.8755039505203241,1.964032185179646,5.529719147291954
BAC_w08_s0010,BAC,finance,8,naive,none,1.1041920525687086,1.2904249308518152,3.046190604998674
BAC_w08_s0010,BAC,finance,8,moving_average,none,1.135821887425015,1.3422902320034897,3.1245639391408373
BAC_w08_s0010,BAC,finance,8,linear_trend,none,1.7218926188198795,1.8247430481610385,4.822575939529054
BAC_w08_s0011,BAC,finance,8,naive,none,0.7623320988246378,1.0058659751216699,2.084823595909837
BAC_w08_s0011,BAC,finance,8,moving_average,none,0.7974901471819196,1.054670492812008,2.191401311247929
BAC_w08_s0011,BAC,finance,8,linear_trend,none,1.6430906104581433,2.2422408554767355,4.543075709870132
BAC_w08_s0012,BAC,finance,8,naive,none,1.719004631042475,1.9648017050135385,5.037694622472328
BAC_w08_s0012,BAC,finance,8,moving_average,none,1.8098462513514906,2.062266395161237,5.303509788495533
BAC_w08_s0012,BAC,finance,8,linear_trend,none,1.5395819876667485,1.7798084014407909,4.514678267707808
BAC_w08_s0013,BAC,finance,8,naive,none,0.6100026539393831,0.7369874103374721,1.6498571446300472
BAC_w08_s0013,BAC,finance,8,moving_average,none,1.6769472667149103,1.7658276220314089,4.55294071555749
BAC_w08_s0013,BAC,finance,8,linear_trend,none,3.7305075811080863,3.776295705828655,10.165297551367761
BAC_w08_s0014,BAC,finance,8,naive,none,3.460421562194824,3.9113688587698427,8.550344835765893
BAC_w08_s0014,BAC,finance,8,moving_average,none,3.5489169257027777,4.005760151683541,8.768182472242758
BAC_w08_s0014,BAC,finance,8,linear_trend,none,1.6802029641375615,2.04480510728523,4.177123775263242
BAC_w08_s0015,BAC,finance,8,naive,none,0.9253657204764227,1.2418201939866433,2.2756698018884136
BAC_w08_s0015,BAC,finance,8,moving_average,none,1.0033919198172436,1.3915089117542747,2.4775400602505404
BAC_w08_s0015,BAC,finance,8,linear_trend,none,3.238543550465262,4.036063754778947,7.953601735575741
BAC_w08_s0016,BAC,finance,8,naive,none,1.4336229051862455,2.018663392664879,3.359218194882491
BAC_w08_s0016,BAC,finance,8,moving_average,none,1.531783185686385,2.241966419649084,3.570274057275064
BAC_w08_s0016,BAC,finance,8,linear_trend,none,1.6850791464667334,2.010790001081985,4.012780882299954
BAC_w08_s0017,BAC,finance,8,naive,none,1.1327167238507965,1.3937198092670378,2.693230518267018
BAC_w08_s0017,BAC,finance,8,moving_average,none,1.776226942879812,2.0769461985516378,4.338426039800803
BAC_w08_s0017,BAC,finance,8,linear_trend,none,1.8529894283328463,2.272703550782836,4.532742324128107
BAC_w08_s0018,BAC,finance,8,naive,none,2.0577951158796037,2.4881910803867555,5.615235199206415
BAC_w08_s0018,BAC,finance,8,moving_average,none,2.43325069972447,2.8158267389973055,6.615650404619319
BAC_w08_s0018,BAC,finance,8,linear_trend,none,3.2829320406345035,3.588780065676201,8.876023439360656
BAC_w08_s0019,BAC,finance,8,naive,none,2.0124927929469516,2.4171422783389693,6.16819520249666
BAC_w08_s0019,BAC,finance,8,moving_average,none,2.676431587764195,3.032075628476096,8.15881303288185
BAC_w08_s0019,BAC,finance,8,linear_trend,none,0.9054204773372494,1.0669430208383048,2.742717805085059
BAC_w08_s0020,BAC,finance,8,naive,none,1.6941121646336146,1.8336323934504961,5.558090416705471
BAC_w08_s0020,BAC,finance,8,moving_average,none,1.7333121027265277,1.9251339661585087,5.731044779650154
BAC_w08_s0020,BAC,finance,8,linear_trend,none,2.6980874616126522,2.9426241759956193,8.624818499256474
BAC_w08_s0021,BAC,finance,8,naive,none,1.0935864448547368,1.2393526322568633,3.650535487034686
BAC_w08_s0021,BAC,finance,8,moving_average,none,1.0126610210963658,1.1073862321379797,3.4064869507787408
BAC_w08_s0021,BAC,finance,8,linear_trend,none,2.29190897804839,2.7886350041401955,7.575648252413666
BAC_w08_s0022,BAC,finance,8,naive,none,0.9233410017830986,1.192945119569878,2.8610483554269277
BAC_w08_s0022,BAC,finance,8,moving_average,none,1.0685733931405208,1.3505390516593903,3.3127432272626836
BAC_w08_s0022,BAC,finance,8,linear_trend,none,0.9674743705893679,1.2174514742887028,3.0186063332289543
BAC_w08_s0023,BAC,finance,8,naive,none,2.261629581451416,2.650584000512268,7.901614973284117
BAC_w08_s0023,BAC,finance,8,moving_average,none,2.0256125177655906,2.3512806555096963,7.05411283285877
BAC_w08_s0023,BAC,finance,8,linear_trend,none,2.2588484740199757,2.6940759795664184,7.911751932181477
BAC_w08_s0024,BAC,finance,8,naive,none,1.1908275059291296,1.3813896237567478,3.561090518341878
BAC_w08_s0024,BAC,finance,8,moving_average,none,1.5311495372227282,1.6559413813815407,4.552306819009921
BAC_w08_s0024,BAC,finance,8,linear_trend,none,3.479994393136281,3.6672390410374534,10.26703330082972
BAC_w08_s0025,BAC,finance,8,naive,none,0.7513903209141329,0.9570242758648676,2.4236067397107393
BAC_w08_s0025,BAC,finance,8,moving_average,none,1.3175776617867616,1.540903709070013,4.3952848351175815
BAC_w08_s0025,BAC,finance,8,linear_trend,none,4.942392024991338,4.967485438671759,16.24973659040221
BAC_w08_s0026,BAC,finance,8,naive,none,1.8234995433262415,1.9722063803202536,5.583141364520183
BAC_w08_s0026,BAC,finance,8,moving_average,none,0.9352182660784029,1.1728939313512865,2.8411660263672918
BAC_w08_s0026,BAC,finance,8,linear_trend,none,3.237879126974866,3.334245604509718,9.964899058996705
BAC_w08_s0027,BAC,finance,8,naive,none,4.3264660154070205,4.7189133653018605,16.51261708277832
BAC_w08_s0027,BAC,finance,8,moving_average,none,4.392646544320242,4.7893652298448774,16.76415318855818
BAC_w08_s0027,BAC,finance,8,linear_trend,none,5.7783382642751615,6.143781928643061,21.948056951896753
BAC_w08_s0028,BAC,finance,8,naive,none,0.8206902231488906,0.9569377791201302,3.11332215796758
BAC_w08_s0028,BAC,finance,8,moving_average,none,0.8584880147661479,1.068090316463865,3.186385496830651
BAC_w08_s0028,BAC,finance,8,linear_trend,none,5.323620349157595,5.477485466771931,20.21798574758251
BAC_w08_s0029,BAC,finance,8,naive,none,0.6537888390677314,0.8216888343420339,2.4198363025754146
BAC_w08_s0029,BAC,finance,8,moving_average,none,0.7098232269287097,0.8770571594718625,2.628608225259667
BAC_w08_s0029,BAC,finance,8,linear_trend,none,0.8884389006973283,1.0547361712111971,3.2965566150013377
BAC_w08_s0030,BAC,finance,8,naive,none,1.918906279972622,2.255114909442104,6.53255385899331
BAC_w08_s0030,BAC,finance,8,moving_average,none,2.2006448064531594,2.525361894671478,7.508590637622003
BAC_w08_s0030,BAC,finance,8,linear_trend,none,1.1785674278297091,1.4366757830073722,4.013256219366173
BAC_w08_s0031,BAC,finance,8,naive,none,1.7382058416094102,1.8206348728310897,6.451297080627478
BAC_w08_s0031,BAC,finance,8,moving_average,none,2.006624562399728,2.095162739279663,7.446302502124889
BAC_w08_s0031,BAC,finance,8,linear_trend,none,4.296516559514435,4.465561401329576,15.918814313453526
BAC_w08_s0032,BAC,finance,8,naive,none,1.7894898142133442,1.9329951882303615,7.234122956770752
BAC_w08_s0032,BAC,finance,8,moving_average,none,2.0245529856000646,2.1524431221406424,8.173131413170072
BAC_w08_s0032,BAC,finance,8,linear_trend,none,0.4916937900401095,0.6207833246447371,1.957700695043512
BAC_w08_s0033,BAC,finance,8,naive,none,3.3666225842067177,3.617542003930019,12.024168901284735
BAC_w08_s0033,BAC,finance,8,moving_average,none,3.451244395119802,3.696424001728312,12.332373844048103
BAC_w08_s0033,BAC,finance,8,linear_trend,none,4.589395965720845,4.979143620098434,16.37226479108092
BAC_w08_s0034,BAC,finance,8,naive,none,2.0366526331220354,2.2088439876226147,6.419837698555013
BAC_w08_s0034,BAC,finance,8,moving_average,none,2.2512484005519307,2.4268606926606835,7.099514012898135
BAC_w08_s0034,BAC,finance,8,linear_trend,none,1.1821162725447072,1.409151804301999,3.788775743742983
BAC_w08_s0035,BAC,finance,8,naive,none,1.029159137180873,1.16150681309323,3.2009399166940433
BAC_w08_s0035,BAC,finance,8,moving_average,none,1.4708125795636848,1.5662755796544534,4.586761197124396
BAC_w08_s0035,BAC,finance,8,linear_trend,none,1.7499091656909054,1.8549815679265753,5.497926492736116
BAC_w08_s0036,BAC,finance,8,naive,none,2.112356867109026,2.2617582159788783,6.002624612276928
BAC_w08_s0036,BAC,finance,8,moving_average,none,2.378617777143203,2.512234308990101,6.766026729948975
BAC_w08_s0036,BAC,finance,8,linear_trend,none,2.3380507356709592,2.4293751418730127,6.6604764371361105
BAC_w08_s0037,BAC,finance,8,naive,none,1.4865194048200336,1.6679883565917475,4.093303129353272
BAC_w08_s0037,BAC,finance,8,moving_average,none,1.077480043683733,1.2724032817141238,2.993711734304114
BAC_w08_s0037,BAC,finance,8,linear_trend,none,2.0665269505207586,2.1678175090774583,5.803371569284952
BAC_w08_s0038,BAC,finance,8,naive,none,0.35616520472935115,0.4838362306071003,0.9379313911034652
BAC_w08_s0038,BAC,finance,8,moving_average,none,0.5922224862234907,0.7052931386193108,1.5516192756727976
BAC_w08_s0038,BAC,finance,8,linear_trend,none,0.5369609540347826,0.6408749526346408,1.409824872839043
BAC_w08_s0039,BAC,finance,8,naive,none,1.5953580311366504,1.998806071141968,4.178151494880895
BAC_w08_s0039,BAC,finance,8,moving_average,none,1.9621680395943772,2.1753453972579315,4.999309871158646
BAC_w08_s0039,BAC,finance,8,linear_trend,none,1.8550199276063497,2.280816015693403,4.856217369972538
BAC_w08_s0040,BAC,finance,8,naive,none,1.4052088601248602,1.5489238029064791,3.6642571609148957
BAC_w08_s0040,BAC,finance,8,moving_average,none,1.7835383278983006,1.8988317391804694,4.658652288912679
BAC_w08_s0040,BAC,finance,8,linear_trend,none,0.6183832305585114,0.7701616792519659,1.6194737610008305
BAC_w08_s0041,BAC,finance,8,naive,none,1.2802577699933742,1.4821254833184099,3.182473262350591
BAC_w08_s0041,BAC,finance,8,moving_average,none,1.332035200936454,1.6865555177007487,3.285410605499107
BAC_w08_s0041,BAC,finance,8,linear_trend,none,1.152133351681029,1.4671258850223836,2.840975039454794
BAC_w08_s0042,BAC,finance,8,naive,none,3.533565248761858,3.796790818199554,7.867180855163649
BAC_w08_s0042,BAC,finance,8,moving_average,none,3.4714341844831216,3.719931061803722,7.731977197429099
BAC_w08_s0042,BAC,finance,8,linear_trend,none,2.0334510626086173,2.161912825137528,4.555446770002032
BAC_w12_s0000,BAC,finance,12,naive,none,1.0993811743600028,1.346126437563665,5.530547360487876
BAC_w12_s0000,BAC,finance,12,moving_average,none,1.5234656061444976,1.7622379529818157,7.630874503072474
BAC_w12_s0000,BAC,finance,12,linear_trend,none,4.0784020455251815,4.7293277550958095,20.53820208224004
BAC_w12_s0001,BAC,finance,12,naive,none,1.8086637769426617,2.306732647999033,8.129037892924348
BAC_w12_s0001,BAC,finance,12,moving_average,none,1.8380300794328968,2.3429736877533247,8.253697778532052
BAC_w12_s0001,BAC,finance,12,linear_trend,none,6.629951938614183,7.231056484996163,30.474851472161905
BAC_w12_s0002,BAC,finance,12,naive,none,0.9060815402439661,1.053170421787582,4.41735904079021
BAC_w12_s0002,BAC,finance,12,moving_average,none,0.8553861754281167,1.0038014858085174,4.172190598900005
BAC_w12_s0002,BAC,finance,12,linear_trend,none,2.4307877679023138,2.570412646233962,11.742914766610092
BAC_w12_s0003,BAC,finance,12,naive,none,1.2286109243120467,1.3320466957251884,5.43142194182211
BAC_w12_s0003,BAC,finance,12,moving_average,none,1.2460093770708371,1.3481108871313021,5.509081049116989
BAC_w12_s0003,BAC,finance,12,linear_trend,none,0.6764362623027248,0.8246608126587147,2.97354490528043
BAC_w12_s0004,BAC,finance,12,naive,none,1.6474381855555946,1.7799236971557566,7.7341759123147416
BAC_w12_s0004,BAC,finance,12,moving_average,none,1.0228314808436791,1.2248510238697525,4.839122237818579
BAC_w12_s0004,BAC,finance,12,linear_trend,none,1.5591729747818286,1.756742066105566,7.338267097724607
BAC_w12_s0005,BAC,finance,12,naive,none,1.4122195925031396,1.913515991732787,5.977886740623081
BAC_w12_s0005,BAC,finance,12,moving_average,none,1.3096264430454798,1.6297838447580681,5.6382317073078525
BAC_w12_s0005,BAC,finance,12,linear_trend,none,1.4150190711499349,1.8564945712013259,6.030321447388259
BAC_w12_s0006,BAC,finance,12,naive,none,0.5919129507882256,0.8711502953478989,2.232394399683223
BAC_w12_s0006,BAC,finance,12,moving_average,none,1.807241984776088,1.9555851902522494,6.921736272734172
BAC_w12_s0006,BAC,finance,12,linear_trend,none,2.69929295973053,2.7661795719561852,10.395353090880734
BAC_w12_s0007,BAC,finance,12,naive,none,0.9920395442417689,1.158016710110352,3.512027687665974
BAC_w12_s0007,BAC,finance,12,moving_average,none,1.695155007498604,1.9245464745408158,5.841762276990622
BAC_w12_s0007,BAC,finance,12,linear_trend,none,1.3046560165570733,1.5082729708035527,4.6637615855033125
BAC_w12_s0008,BAC,finance,12,naive,none,2.229238646371024,2.508586596567274,6.7304912934751036
BAC_w12_s0008,BAC,finance,12,moving_average,none,2.945068604605537,3.1715104310605224,8.929959455642718
BAC_w12_s0008,BAC,finance,12,linear_trend,none,1.8830033135784139,1.9997666791776536,5.728638780853737
BAC_w12_s0009,BAC,finance,12,naive,none,1.3581714630126953,1.6133202604030414,3.7916215261688353
BAC_w12_s0009,BAC,finance,12,moving_average,none,1.892719323294506,2.0928141320706075,5.306209103531735
BAC_w12_s0009,BAC,finance,12,linear_trend,none,0.7985759820633879,0.9690102501236787,2.2888486805584254
BAC_w12_s0010,BAC,finance,12,naive,none,0.49284008571079824,0.6455319697882788,1.3211481101070661
BAC_w12_s0010,BAC,finance,12,moving_average,none,0.8084588732038228,0.9518753061302541,2.1476550582505785
BAC_w12_s0010,BAC,finance,12,linear_trend,none,0.9514373555398744,1.3911044978087792,2.5763401690219707
BAC_w12_s0011,BAC,finance,12,naive,none,1.0653256007603233,1.2485129742092906,3.065377560826545
BAC_w12_s0011,BAC,finance,12,moving_average,none,1.6129158564976287,1.9621427219986152,4.709298322127017
BAC_w12_s0011,BAC,finance,12,linear_trend,none,4.120652387527637,4.446415419629473,11.912578561164915
BAC_w12_s0012,BAC,finance,12,naive,none,2.316856792994908,2.58309195521468,6.299697433809029
BAC_w12_s0012,BAC,finance,12,moving_average,none,2.4407288960048104,2.702853910789162,6.640198802026041
BAC_w12_s0012,BAC,finance,12,linear_trend,none,2.8265143911755146,3.206513668421381,7.6789063031907006
BAC_w12_s0013,BAC,finance,12,naive,none,1.623736654009138,1.8887847423264055,4.226638907227934
BAC_w12_s0013,BAC,finance,12,moving_average,none,1.6502805709838864,1.946974342477355,4.284327752857326
BAC_w12_s0013,BAC,finance,12,linear_trend,none,1.640590817636926,2.0014090807641542,4.23414500774593
BAC_w12_s0014,BAC,finance,12,naive,none,0.7783444268362858,0.9016043716091402,1.834937059317952
BAC_w12_s0014,BAC,finance,12,moving_average,none,2.480616188049318,2.5443924906390856,5.867725836467746
BAC_w12_s0014,BAC,finance,12,linear_trend,none,1.7670596879344218,1.9698639145508885,4.174483091161039
BAC_w12_s0015,BAC,finance,12,naive,none,2.4995724814278737,2.625549365833415,6.2774052164685665
BAC_w12_s0015,BAC,finance,12,moving_average,none,1.7160598754882803,1.8110880338679278,4.305418664759171
BAC_w12_s0015,BAC,finance,12,linear_trend,none,5.458420190538733,5.567461796028783,13.640636418707045
BAC_w12_s0016,BAC,finance,12,naive,none,1.1952717644827715,1.32827593318699,2.811412382562589
BAC_w12_s0016,BAC,finance,12,moving_average,none,1.4366326195853103,1.744089643319061,3.319022991563706
BAC_w12_s0016,BAC,finance,12,linear_trend,none,2.9277739879426616,3.223831586900369,6.79418809498825
BAC_w12_s0017,BAC,finance,12,naive,none,4.2226458958217075,4.6100847032315215,11.167761308230688
BAC_w12_s0017,BAC,finance,12,moving_average,none,4.673556082589287,5.0263574352185385,12.335511029812004
BAC_w12_s0017,BAC,finance,12,linear_trend,none,5.053380514993429,5.453769448739227,13.337332634117333
BAC_w12_s0018,BAC,finance,12,naive,none,4.256775992257254,4.597551806232036,12.414736535414246
BAC_w12_s0018,BAC,finance,12,moving_average,none,4.233307211739679,4.575831149823702,12.347620674216675
BAC_w12_s0018,BAC,finance,12,linear_trend,none,1.5129851574924866,1.738372153840392,4.415541414019737
BAC_w12_s0019,BAC,finance,12,naive,none,2.038684163774763,2.4897877328562465,6.643896818919877
BAC_w12_s0019,BAC,finance,12,moving_average,none,1.9718941552298423,2.435400664056134,6.4331819024793235
BAC_w12_s0019,BAC,finance,12,linear_trend,none,1.291329880473924,1.662595600278203,3.972385735119154
BAC_w12_s0020,BAC,finance,12,naive,none,0.7486190114702512,0.9256846571546166,2.534229931914462
BAC_w12_s0020,BAC,finance,12,moving_average,none,0.7110094206673762,0.864735128941407,2.424665571243729
BAC_w12_s0020,BAC,finance,12,linear_trend,none,1.4636879301656036,2.1337639900357255,4.8816446453648865
BAC_w12_s0021,BAC,finance,12,naive,none,1.0966404506138392,1.4607776869048201,3.4096970276640612
BAC_w12_s0021,BAC,finance,12,moving_average,none,1.0172707966395775,1.3927149447768359,3.157932779233747
BAC_w12_s0021,BAC,finance,12,linear_trend,none,4.063355020004886,4.224829697209207,12.88925132614982
BAC_w12_s0022,BAC,finance,12,naive,none,1.6386230332510812,1.9046239160882252,5.705068492508513
BAC_w12_s0022,BAC,finance,12,moving_average,none,1.590061719076974,1.811096301599924,5.515154587319693
BAC_w12_s0022,BAC,finance,12,linear_trend,none,3.1867723245067663,3.710893304356841,11.13669517249823
BAC_w12_s0023,BAC,finance,12,naive,none,2.6036509786333357,2.8275526885383084,7.709724585696502
BAC_w12_s0023,BAC,finance,12,moving_average,none,4.6980578695024775,4.825743832106719,14.001490099976035
BAC_w12_s0023,BAC,finance,12,linear_trend,none,5.191016132997915,5.400634867573179,15.444516045418439
BAC_w12_s0024,BAC,finance,12,naive,none,3.6217778750828336,3.9193319411382075,11.999417446631131
BAC_w12_s0024,BAC,finance,12,moving_average,none,3.4181321689060757,3.71819373397388,11.331892626849815
BAC_w12_s0024,BAC,finance,12,linear_trend,none,4.344191269521327,4.734980872911732,14.388872270463867
BAC_w12_s0025,BAC,finance,12,naive,none,0.9030489240373901,1.0794399292589665,2.7594174820861967
BAC_w12_s0025,BAC,finance,12,moving_average,none,1.2464105878557472,1.4603636497978785,3.8011126281834064
BAC_w12_s0025,BAC,finance,12,linear_trend,none,1.8346746476285625,2.0994459325097514,5.601343107957243
BAC_w12_s0026,BAC,finance,12,naive,none,3.769010611942836,4.590726712670434,14.105104767549154
BAC_w12_s0026,BAC,finance,12,moving_average,none,4.001549761635915,4.787103103004155,14.925293964018884
BAC_w12_s0026,BAC,finance,12,linear_trend,none,3.719915933131662,4.596237228628614,13.957382166280857
BAC_w12_s0027,BAC,finance,12,naive,none,0.6951421328953332,0.847401708314991,2.607315715654399
BAC_w12_s0027,BAC,finance,12,moving_average,none,0.86456698008946,1.1305488914715536,3.181488380247858
BAC_w12_s0027,BAC,finance,12,linear_trend,none,1.181281135000196,1.3337083046051872,4.406683170116903
BAC_w12_s0028,BAC,finance,12,naive,none,0.9363581112452913,1.1137260241135432,3.4861608206058943
BAC_w12_s0028,BAC,finance,12,moving_average,none,0.9872381346566323,1.1689797789618144,3.675178776505158
BAC_w12_s0028,BAC,finance,12,linear_trend,none,3.314503519075664,3.6662553453316273,12.393273472365953
BAC_w12_s0029,BAC,finance,12,naive,none,1.301471369607108,1.761226750250864,4.484772265511911
BAC_w12_s0029,BAC,finance,12,moving_average,none,1.26150791985648,1.629581227306153,4.3854559544472425
BAC_w12_s0029,BAC,finance,12,linear_trend,none,1.2904318042118101,1.7976349887049972,4.425585647519417
BAC_w12_s0030,BAC,finance,12,naive,none,2.0965253284999266,2.371307035248785,7.7257754169879
BAC_w12_s0030,BAC,finance,12,moving_average,none,2.172986357552664,2.439169594859827,8.001815331347208
BAC_w12_s0030,BAC,finance,12,linear_trend,none,2.2550255631515332,2.706235098553668,8.34836005471267
BAC_w12_s0031,BAC,finance,12,naive,none,1.0537477902003696,1.2369257417100452,4.16526522870776
BAC_w12_s0031,BAC,finance,12,moving_average,none,1.1124463898794998,1.3294072210425134,4.40622786022447
BAC_w12_s0031,BAC,finance,12,linear_trend,none,2.218533980603348,2.421215686942338,8.729269739724739
BAC_w12_s0032,BAC,finance,12,naive,none,1.401976244790214,1.5884686160801909,5.306798717639767
BAC_w12_s0032,BAC,finance,12,moving_average,none,1.4540920938764306,1.6543001729670683,5.47205970357305
BAC_w12_s0032,BAC,finance,12,linear_trend,none,2.850488951888257,3.492017554341264,10.485757693088257
BAC_w12_s0033,BAC,finance,12,naive,none,3.0868628365652904,3.3869401661243854,9.817380311992947
BAC_w12_s0033,BAC,finance,12,moving_average,none,3.000361142839703,3.308293896346142,9.536421923627545
BAC_w12_s0033,BAC,finance,12,linear_trend,none,4.303927971079237,4.499900870314402,13.782528236716129
BAC_w12_s0034,BAC,finance,12,naive,none,0.6157015391758512,0.7841657858179713,1.982123734506137
BAC_w12_s0034,BAC,finance,12,moving_average,none,0.7862961632864819,0.9552960892263767,2.5338609073579157
BAC_w12_s0034,BAC,finance,12,linear_trend,none,3.610226458442228,3.7670167093770126,11.488723147808729
BAC_w12_s0035,BAC,finance,12,naive,none,1.8885583196367537,2.2345768314585857,5.4285282638989845
BAC_w12_s0035,BAC,finance,12,moving_average,none,2.1620489801679352,2.5203666266633427,6.220997067960632
BAC_w12_s0035,BAC,finance,12,linear_trend,none,0.9847170652246869,1.155259033170248,2.843374858772349
BAC_w12_s0036,BAC,finance,12,naive,none,0.6929830823625837,0.9604412877909251,1.9985924309987997
BAC_w12_s0036,BAC,finance,12,moving_average,none,0.6807117462158203,0.9309100283303857,1.9600693160814624
BAC_w12_s0036,BAC,finance,12,linear_trend,none,0.93766136739526,1.1578902302331757,2.6882513449507206
BAC_w12_s0037,BAC,finance,12,naive,none,1.0813452856881276,1.1988617834524031,2.8561411449622676
BAC_w12_s0037,BAC,finance,12,moving_average,none,1.5786025183541432,1.6644055540660707,4.1780760329039754
BAC_w12_s0037,BAC,finance,12,linear_trend,none,0.37358808389128406,0.44021534952519925,0.9920675841678449
BAC_w12_s0038,BAC,finance,12,naive,none,1.4259462356567383,1.7632206212012125,3.526154778586098
BAC_w12_s0038,BAC,finance,12,moving_average,none,1.679720878601073,2.0411052281507076,4.152636383345655
BAC_w12_s0038,BAC,finance,12,linear_trend,none,0.8807870311482441,1.1546336084153301,2.183720692842619
BAC_w12_s0039,BAC,finance,12,naive,none,1.2439813613891602,1.561739040545447,3.386080580709181
BAC_w12_s0039,BAC,finance,12,moving_average,none,2.034388051714219,2.280227167371178,5.501052690688045
BAC_w12_s0039,BAC,finance,12,linear_trend,none,4.154709962254747,4.210893895059951,11.120578375312348
BAC_w12_s0040,BAC,finance,12,naive,none,0.9758127757481166,1.4477716606426192,2.4381673619980937
BAC_w12_s0040,BAC,finance,12,moving_average,none,0.8883730479649132,1.3216999890362215,2.222949477322155
BAC_w12_s0040,BAC,finance,12,linear_trend,none,1.3327427355294454,1.8224818061395702,3.3438800902109405
BAC_w12_s0041,BAC,finance,12,naive,none,2.3710154124668663,3.0166415796882715,5.31219325337038
BAC_w12_s0041,BAC,finance,12,moving_average,none,2.357898575919014,2.9935434354231503,5.284391092151452
BAC_w12_s0041,BAC,finance,12,linear_trend,none,2.9533281768538195,3.4782538242052055,6.667046099384553
COST_w04_s0000,COST,consumer,4,naive,none,6.942032950265067,8.83401482995779,2.468504395844186
COST_w04_s0000,COST,consumer,4,moving_average,none,6.855690002441406,8.794593267985482,2.44190152312349
COST_w04_s0000,COST,consumer,4,linear_trend,none,19.93537094001483,24.20163944654019,7.16574191906372
COST_w04_s0001,COST,consumer,4,naive,none,9.59946060180664,10.759244862122653,3.5250378913773104
COST_w04_s0001,COST,consumer,4,moving_average,none,11.213012586321156,13.756222844430052,4.222745577050568
COST_w04_s0001,COST,consumer,4,linear_trend,none,13.902246879635006,17.792525024680803,5.00670906144506
COST_w04_s0002,COST,consumer,4,naive,none,4.444356645856585,5.083716860716458,1.581308257346954
COST_w04_s0002,COST,consumer,4,moving_average,none,6.0341306413922995,6.620988066326063,2.1679265592881722
COST_w04_s0002,COST,consumer,4,linear_trend,none,32.446622954633895,35.22454322160172,11.621049274127165
COST_w04_s0003,COST,consumer,4,naive,none,6.265012468610491,7.413796415443165,2.232396622563158
COST_w04_s0003,COST,consumer,4,moving_average,none,5.8694161551339175,7.207332583636721,2.0860070785972398
COST_w04_s0003,COST,consumer,4,linear_trend,none,5.4535853663525415,6.980527843269832,1.9273742804727625
COST_w04_s0004,COST,consumer,4,naive,none,5.8708343505859375,8.288955870460866,1.8924267125014902
COST_w04_s0004,COST,consumer,4,moving_average,none,11.942626081194208,13.468753792894816,3.885963577836069
COST_w04_s0004,COST,consumer,4,linear_trend,none,5.204459737578991,6.205068752484499,1.7084076595535462
COST_w04_s0005,COST,consumer,4,naive,none,4.497557503836496,5.64826803378867,1.4084978760364795
COST_w04_s0005,COST,consumer,4,moving_average,none,5.795778329031829,7.097878099921895,1.8146964626797122
COST_w04_s0005,COST,consumer,4,linear_trend,none,10.432816684284473,12.92588201665327,3.3126040385979287
COST_w04_s0006,COST,consumer,4,naive,none,16.97679683140346,18.921043888850537,4.933696297145201
COST_w04_s0006,COST,consumer,4,moving_average,none,21.515572466169072,23.080600723032113,6.268951150129349
COST_w04_s0006,COST,consumer,4,linear_trend,none,27.179428777479615,28.632949210605954,7.930811681323433
COST_w04_s0007,COST,consumer,4,naive,none,5.153469630650112,6.910987834081732,1.480339385453142
COST_w04_s0007,COST,consumer,4,moving_average,none,6.987486703055254,8.14079933584187,1.9768714736284363
COST_w04_s0007,COST,consumer,4,linear_trend,none,13.3604272024972,14.496876064856625,3.7753318951300234
COST_w04_s0008,COST,consumer,4,naive,none,6.534206935337612,7.696595258584685,1.9103178762731376
COST_w04_s0008,COST,consumer,4,moving_average,none,7.651706150599888,8.897708288081557,2.2400751099301837
COST_w04_s0008,COST,consumer,4,linear_trend,none,5.677850372937256,6.680186854809098,1.6583756705426496
COST_w04_s0009,COST,consumer,4,naive,none,12.731910705566406,17.166874158641534,4.104073666966949
COST_w04_s0009,COST,consumer,4,moving_average,none,15.254119655064184,20.843290269199976,4.929587040707805
COST_w04_s0009,COST,consumer,4,linear_trend,none,7.590535428777534,8.886755803229889,2.3381546665209383
COST_w04_s0010,COST,consumer,4,naive,none,22.241053989955358,26.272074986616484,6.515223429830695
COST_w04_s0010,COST,consumer,4,moving_average,none,29.941141619001126,33.362222577324474,8.82387005080711
COST_w04_s0010,COST,consumer,4,linear_trend,none,67.45294597883871,74.78286244529805,19.897100656627213
COST_w04_s0011,COST,consumer,4,naive,none,6.186717442103791,7.255186931371588,1.7123803482275188
COST_w04_s0011,COST,consumer,4,moving_average,none,8.04400503976005,9.459415704019284,2.2237629625431197
COST_w04_s0011,COST,consumer,4,linear_trend,none,15.730178615025107,17.694828033381143,4.376217425635378
COST_w04_s0012,COST,consumer,4,naive,none,11.913255964006698,14.936347934244706,3.1610702749035497
COST_w04_s0012,COST,consumer,4,moving_average,none,8.627805001395092,11.655148462347853,2.282310611249764
COST_w04_s0012,COST,consumer,4,linear_trend,none,5.98487597833259,7.436777318582338,1.5953774656322992
COST_w04_s0013,COST,consumer,4,naive,none,22.09825461251396,26.153229290287513,5.298308061204704
COST_w04_s0013,COST,consumer,4,moving_average,none,23.645720781598804,27.51778006594778,5.676815731490397
COST_w04_s0013,COST,consumer,4,linear_trend,none,2.9488829812481185,3.5354871441520164,0.7136106701368541
COST_w04_s0014,COST,consumer,4,naive,none,4.998792375837054,5.97427523013435,1.145002519099355
COST_w04_s0014,COST,consumer,4,moving_average,none,6.526445661272321,8.127557740452977,1.4909389868024672
COST_w04_s0014,COST,consumer,4,linear_trend,none,22.633827645438053,26.71365510277396,5.228419314882853
COST_w04_s0015,COST,consumer,4,naive,none,21.97793252127511,29.447675831354807,4.707634514993085
COST_w04_s0015,COST,consumer,4,moving_average,none,21.282860674176895,26.98010176571665,4.589690799415964
COST_w04_s0015,COST,consumer,4,linear_trend,none,26.18290958097234,34.99456464451442,5.607916265472716
COST_w04_s0016,COST,consumer,4,naive,none,30.185797555106035,33.52451198010834,5.851059063948355
COST_w04_s0016,COST,consumer,4,moving_average,none,27.80691441127231,31.347655385328,5.384137949196088
COST_w04_s0016,COST,consumer,4,linear_trend,none,29.76406136419543,35.740484014998074,5.819835826419217
COST_w04_s0017,COST,consumer,4,naive,none,29.260990687779014,37.037117879329614,6.131536021949898
COST_w04_s0017,COST,consumer,4,moving_average,none,31.437551443917418,40.440549957773676,6.61637030669189
COST_w04_s0017,COST,consumer,4,linear_trend,none,35.25227008331986,46.19722892717945,7.435185105180428
COST_w04_s0018,COST,consumer,4,naive,none,24.608880179268972,26.209410777062118,4.961936936401261
COST_w04_s0018,COST,consumer,4,moving_average,none,31.741155569893984,32.997533036810104,6.409811247999402
COST_w04_s0018,COST,consumer,4,linear_trend,none,118.921521386168,126.59385880710288,24.04699073872401
COST_w04_s0019,COST,consumer,4,naive,none,36.65325491768973,41.029639366561334,6.633647970051322
COST_w04_s0019,COST,consumer,4,moving_average,none,40.87263793945311,45.392083217172555,7.401113488316294
COST_w04_s0019,COST,consumer,4,linear_trend,none,23.06399582023903,25.4665728663021,4.183379026933289
COST_w04_s0020,COST,consumer,4,naive,none,98.25894274030414,108.64704921016786,21.793727499758873
COST_w04_s0020,COST,consumer,4,moving_average,none,87.55293688092918,99.0700672761972,19.524669955289216
COST_w04_s0020,COST,consumer,4,linear_trend,none,124.86895860944483,139.27773240749693,27.73926795041543
COST_w04_s0021,COST,consumer,4,naive,none,13.275902884347099,16.03573757103064,2.8988248544431596
COST_w04_s0021,COST,consumer,4,moving_average,none,18.295115879603806,22.2491151074249,3.967153835093231
COST_w04_s0021,COST,consumer,4,linear_trend,none,107.42883028876518,117.29075377186533,23.541749088181117
COST_w04_s0022,COST,consumer,4,naive,none,42.46218872070313,44.999122319335925,8.240948241403453
COST_w04_s0022,COST,consumer,4,moving_average,none,37.787323869977705,40.3954575437183,7.328119682856301
COST_w04_s0022,COST,consumer,4,linear_trend,none,10.252442840346715,11.751225296328828,2.006627187390589
COST_w04_s0023,COST,consumer,4,naive,none,38.541958400181365,44.40445903312072,8.067533526304908
COST_w04_s0023,COST,consumer,4,moving_average,none,38.14640175955632,44.06156365704997,7.986844246055032
COST_w04_s0023,COST,consumer,4,linear_trend,none,58.5247413922073,66.95004347488326,12.237957024239051
COST_w04_s0024,COST,consumer,4,naive,none,11.727165222167972,13.874695680017517,2.5295032556984
COST_w04_s0024,COST,consumer,4,moving_average,none,11.7630599975586,13.987840318053617,2.5345696110000984
COST_w04_s0024,COST,consumer,4,linear_trend,none,50.899042000447885,61.45610248876789,10.883946985901646
COST_w04_s0025,COST,consumer,4,naive,none,21.678113664899545,25.358691643984482,4.432996423774403
COST_w04_s0025,COST,consumer,4,moving_average,none,22.703972516741082,27.82077186133262,4.603699801609357
COST_w04_s0025,COST,consumer,4,linear_trend,none,31.541308983824308,42.268276454586186,6.822020578322396
COST_w04_s0026,COST,consumer,4,naive,none,18.456177847726003,23.62359929717265,3.941194462521552
COST_w04_s0026,COST,consumer,4,moving_average,none,15.488282339913502,17.410231042426396,3.3697421794955877
COST_w04_s0026,COST,consumer,4,linear_trend,none,73.49882755136129,87.60739897360767,15.79069404104044
COST_w04_s0027,COST,consumer,4,naive,none,16.036616734095983,19.5083076136255,3.4383701018529624
COST_w04_s0027,COST,consumer,4,moving_average,none,12.333315168108259,14.687350396813224,2.618909714044928
COST_w04_s0027,COST,consumer,4,linear_trend,none,42.48358225591965,51.37441959981377,9.112309649972195
COST_w04_s0028,COST,consumer,4,naive,none,19.97885458809989,20.725207214147904,4.21531462005474
COST_w04_s0028,COST,consumer,4,moving_average,none,13.48815634591241,14.570859447153609,2.841450219111183
COST_w04_s0028,COST,consumer,4,linear_trend,none,46.77316105204415,50.59328725035264,9.859731886922136
COST_w04_s0029,COST,consumer,4,naive,none,8.333377293178016,9.982025824176963,1.7565875738232846
COST_w04_s0029,COST,consumer,4,moving_average,none,5.911467851911269,7.381293485999381,1.2369847884382936
COST_w04_s0029,COST,consumer,4,linear_trend,none,7.527858439936174,10.0522011402321,1.590192238178298
COST_w04_s0030,COST,consumer,4,naive,none,13.414349147251679,15.555007273127188,2.628182936231727
COST_w04_s0030,COST,consumer,4,moving_average,none,20.429170227050808,21.952134402025564,4.014867200210824
COST_w04_s0030,COST,consumer,4,linear_trend,none,20.769928104716115,21.74721057912924,4.087597641423583
COST_w04_s0031,COST,consumer,4,naive,none,17.009981427873885,18.239643717070983,3.1686236655246356
COST_w04_s0031,COST,consumer,4,moving_average,none,23.556706455775693,24.46323985739325,4.394032782070959
COST_w04_s0031,COST,consumer,4,linear_trend,none,11.904600261028548,13.000571887150281,2.2251339011059144
COST_w04_s0032,COST,consumer,4,naive,none,16.12131064278739,18.550089720626087,2.9949673054734274
COST_w04_s0032,COST,consumer,4,moving_average,none,10.897410147530682,12.79276458893758,2.028976429020552
COST_w04_s0032,COST,consumer,4,linear_trend,none,20.29858024916771,24.049942977771792,3.7707009361561785
COST_w04_s0033,COST,consumer,4,naive,none,9.958607264927455,12.493275117737836,1.8638563204568641
COST_w04_s0033,COST,consumer,4,moving_average,none,7.114179774693079,8.675483099417145,1.3248939749711077
COST_w04_s0033,COST,consumer,4,linear_trend,none,17.890712747051452,21.28121571710629,3.3374631548960165
COST_w04_s0034,COST,consumer,4,naive,none,43.97724914550781,52.65518511468521,7.275501424477748
COST_w04_s0034,COST,consumer,4,moving_average,none,40.83552551269531,50.06106492029198,6.739182467104761
COST_w04_s0034,COST,consumer,4,linear_trend,none,50.2632056444211,58.40786374448597,8.342146131107251
COST_w04_s0035,COST,consumer,4,naive,none,28.1092529296875,32.7394387021609,4.162594613446459
COST_w04_s0035,COST,consumer,4,moving_average,none,27.28896571568078,31.987330169539625,4.039674357053209
COST_w04_s0035,COST,consumer,4,linear_trend,none,40.74308391370262,46.66044606694397,6.066135877833383
COST_w04_s0036,COST,consumer,4,naive,none,28.987060546875,34.422107367198635,3.9377410638181614
COST_w04_s0036,COST,consumer,4,moving_average,none,37.97225341796877,42.26729026196492,5.178209084022599
COST_w04_s0036,COST,consumer,4,linear_trend,none,10.239257501096123,15.394234001008364,1.40698733194243
COST_w04_s0037,COST,consumer,4,naive,none,12.019274030412946,15.0183927404532,1.7001567583649704
COST_w04_s0037,COST,consumer,4,moving_average,none,16.262440708705395,18.968807937825577,2.2969695606402665
COST_w04_s0037,COST,consumer,4,linear_trend,none,45.032588161382556,48.34924622417929,6.338395099509102
COST_w04_s0038,COST,consumer,4,naive,none,51.84880501883371,61.17210000447439,6.60068183052224
COST_w04_s0038,COST,consumer,4,moving_average,none,59.61406380789621,67.87903830173421,7.616761114235874
COST_w04_s0038,COST,consumer,4,linear_trend,none,65.12878996196547,74.20069034023024,8.321026833247384
COST_w04_s0039,COST,consumer,4,naive,none,39.57820129394531,42.20704330311423,4.648693028388694
COST_w04_s0039,COST,consumer,4,moving_average,none,42.87055969238281,45.308778123726356,5.037868843825936
COST_w04_s0039,COST,consumer,4,linear_trend,none,15.319195297683738,20.042225367663896,1.8190534444072919
COST_w04_s0040,COST,consumer,4,naive,none,21.534029279436385,24.700571210798856,2.597150681763236
COST_w04_s0040,COST,consumer,4,moving_average,none,25.271626063755566,30.214814011935175,3.081554124403535
COST_w04_s0040,COST,consumer,4,linear_trend,none,26.1501823482657,32.50271710787683,3.2002526813578354
COST_w04_s0041,COST,consumer,4,naive,none,17.460697719029017,21.04033154095661,1.951703924720588
COST_w04_s0041,COST,consumer,4,moving_average,none,19.303650774274598,22.65091875982222,2.1593909417821635
COST_w04_s0041,COST,consumer,4,linear_trend,none,54.12503460516341,64.10311256061463,6.113989128872869
COST_w04_s0042,COST,consumer,4,naive,none,15.350389753069196,21.363879131794516,1.7068524348597611
COST_w04_s0042,COST,consumer,4,moving_average,none,10.85855364118306,17.268635885351774,1.204885136429173
COST_w04_s0042,COST,consumer,4,linear_trend,none,10.758489688664326,17.64309167436551,1.1954518114369486
COST_w04_s0043,COST,consumer,4,naive,none,34.6226588657924,39.93666911924892,3.5724932803911718
COST_w04_s0043,COST,consumer,4,moving_average,none,48.0128322056362,53.86028637700302,4.956630776065235
COST_w04_s0043,COST,consumer,4,linear_trend,none,33.385344737838636,37.926355492515185,3.449822933522683
COST_w08_s0000,COST,consumer,8,naive,none,15.042237962995257,18.178168117382558,5.399851256904518
COST_w08_s0000,COST,consumer,8,moving_average,none,9.325050898960658,10.548926532268686,3.460722138934122
COST_w08_s0000,COST,consumer,8,linear_trend,none,21.838476074799498,24.726321976080452,8.203117431720424
COST_w08_s0001,COST,consumer,8,naive,none,3.7095936366489957,4.874798707011778,1.312860469614772
COST_w08_s0001,COST,consumer,8,moving_average,none,7.2601128714425,8.702011293033484,2.5610439902521027
COST_w08_s0001,COST,consumer,8,linear_trend,none,27.778623950439908,28.387310710954843,9.892337528500395
COST_w08_s0002,COST,consumer,8,naive,none,3.5287083217075894,4.0063796162005065,1.2728077463883158
COST_w08_s0002,COST,consumer,8,moving_average,none,3.402737862723216,4.221159300109276,1.215571871032336
COST_w08_s0002,COST,consumer,8,linear_trend,none,12.318397952825906,13.933246626977768,4.462924647548476
COST_w08_s0003,COST,consumer,8,naive,none,21.52257537841797,23.390543638166765,7.140743201798551
COST_w08_s0003,COST,consumer,8,moving_average,none,23.34661102294922,25.07908545035473,7.754065793215004
COST_w08_s0003,COST,consumer,8,linear_trend,none,24.533633105079392,26.57885923976192,8.142249650749076
COST_w08_s0004,COST,consumer,8,naive,none,3.9440111432756697,5.212837003348284,1.2431813933059708
COST_w08_s0004,COST,consumer,8,moving_average,none,4.808611188616063,6.254726351157197,1.5117030771820024
COST_w08_s0004,COST,consumer,8,linear_trend,none,12.512910193548347,14.943343135224012,3.984295680086309
COST_w08_s0005,COST,consumer,8,naive,none,22.12921360560826,25.42206313689695,6.510479517733943
COST_w08_s0005,COST,consumer,8,moving_average,none,19.854852294921866,23.21506314422196,5.833479483348553
COST_w08_s0005,COST,consumer,8,linear_trend,none,9.37232875082711,11.091116376193796,2.7754577796980446
COST_w08_s0006,COST,consumer,8,naive,none,9.707037789481026,11.041329485969777,2.7615855969453174
COST_w08_s0006,COST,consumer,8,moving_average,none,9.017671421595992,10.250544461905767,2.5718593151544016
COST_w08_s0006,COST,consumer,8,linear_trend,none,13.122930720893445,14.264739808261705,3.7878075787907766
COST_w08_s0007,COST,consumer,8,naive,none,5.3166994367327005,6.742558864392783,1.542646468242385
COST_w08_s0007,COST,consumer,8,moving_average,none,8.722894941057477,10.232288656103664,2.528786832074584
COST_w08_s0007,COST,consumer,8,linear_trend,none,12.092541220283367,14.191199751334628,3.503802818004493
COST_w08_s0008,COST,consumer,8,naive,none,5.907393319266183,8.387429021624097,1.805893010753588
COST_w08_s0008,COST,consumer,8,moving_average,none,8.343455505371102,11.603536783841438,2.5654702667757965
COST_w08_s0008,COST,consumer,8,linear_trend,none,6.092897662896634,8.688683307564878,1.8744528188329102
COST_w08_s0009,COST,consumer,8,naive,none,13.077613830566406,16.05362457660535,4.004171600690029
COST_w08_s0009,COST,consumer,8,moving_average,none,13.173095049176895,15.01127788070551,4.084260130230994
COST_w08_s0009,COST,consumer,8,linear_trend,none,18.295787423368242,21.918042365855307,5.61495383093622
COST_w08_s0010,COST,consumer,8,naive,none,10.98567417689732,12.564276552934999,3.071541278564565
COST_w08_s0010,COST,consumer,8,moving_average,none,13.227325439453123,14.567001317655475,3.7043067495252044
COST_w08_s0010,COST,consumer,8,linear_trend,none,22.736890322629737,23.140662567242774,6.398222011907624
COST_w08_s0011,COST,consumer,8,naive,none,5.442770821707591,7.400472398925198,1.4724961691209701
COST_w08_s0011,COST,consumer,8,moving_average,none,4.351687186104916,6.003460203028763,1.1781921244336082
COST_w08_s0011,COST,consumer,8,linear_trend,none,13.414807698605841,14.51879127674782,3.6799225336935906
COST_w08_s0012,COST,consumer,8,naive,none,18.53926958356585,22.2939676598215,4.586590746524271
COST_w08_s0012,COST,consumer,8,moving_average,none,21.859373256138408,25.4693782022043,5.419315413604417
COST_w08_s0012,COST,consumer,8,linear_trend,none,21.799714651851556,24.251682102876202,5.424710234047785
COST_w08_s0013,COST,consumer,8,naive,none,14.206815447126118,15.497054157611561,3.2664980333772813
COST_w08_s0013,COST,consumer,8,moving_average,none,15.905851091657368,17.068133505606944,3.6596086382235637
COST_w08_s0013,COST,consumer,8,linear_trend,none,7.185192941437139,8.722944525368618,1.6551044442635228
COST_w08_s0014,COST,consumer,8,naive,none,11.4108407156808,13.360480505933312,2.5942097270222666
COST_w08_s0014,COST,consumer,8,moving_average,none,11.631592668805796,13.430999570671723,2.649418149757076
COST_w08_s0014,COST,consumer,8,linear_trend,none,24.42569975902811,26.402268761654042,5.670391273484947
COST_w08_s0015,COST,consumer,8,naive,none,32.15481894356865,36.53917284620273,6.362391472556371
COST_w08_s0015,COST,consumer,8,moving_average,none,36.253421238490525,40.19315019361426,7.189059633027925
COST_w08_s0015,COST,consumer,8,linear_trend,none,50.425013842106026,52.72146721141575,10.06175504277214
COST_w08_s0016,COST,consumer,8,naive,none,16.76959991455078,19.81011160446686,3.2797700872274036
COST_w08_s0016,COST,consumer,8,moving_average,none,20.49637211390903,23.00820254701865,3.942363351618161
COST_w08_s0016,COST,consumer,8,linear_trend,none,44.40841647669321,55.54020583240756,8.813370493991505
COST_w08_s0017,COST,consumer,8,naive,none,19.121975490025104,22.154491920539442,3.9132523428451518
COST_w08_s0017,COST,consumer,8,moving_average,none,12.038141087123313,15.17721081814381,2.550601275047854
COST_w08_s0017,COST,consumer,8,linear_trend,none,26.65402051505947,30.905200161471008,5.645205329441059
COST_w08_s0018,COST,consumer,8,naive,none,31.458871023995535,37.983829433926026,5.8300580607632435
COST_w08_s0018,COST,consumer,8,moving_average,none,42.21634783063616,47.27928464474117,7.879040103576686
COST_w08_s0018,COST,consumer,8,linear_trend,none,58.97416399217296,64.57998061731496,11.032846186892865
COST_w08_s0019,COST,consumer,8,naive,none,62.67077418736049,75.58028886319491,12.930754328201807
COST_w08_s0019,COST,consumer,8,moving_average,none,44.27144208635603,57.87322244179059,9.251400258518558
COST_w08_s0019,COST,consumer,8,linear_trend,none,70.33942415456737,90.56789509318598,14.665679037054053
COST_w08_s0020,COST,consumer,8,naive,none,30.644277300153465,33.76443393592989,6.8721589788547295
COST_w08_s0020,COST,consumer,8,moving_average,none,19.550605773925778,24.97279443876439,4.600050887281193
COST_w08_s0020,COST,consumer,8,linear_trend,none,24.5589665912106,32.709361572585024,5.703296165668213
COST_w08_s0021,COST,consumer,8,naive,none,46.71918378557478,50.98507144159083,9.28547161182938
COST_w08_s0021,COST,consumer,8,moving_average,none,40.92638593401227,45.735811372856666,8.112733106614145
COST_w08_s0021,COST,consumer,8,linear_trend,none,76.30802230916758,81.1052622065054,15.217108085299575
COST_w08_s0022,COST,consumer,8,naive,none,12.86687796456473,15.778453906351956,2.5573259322482786
COST_w08_s0022,COST,consumer,8,moving_average,none,14.213256835937498,17.851632310947537,2.8479336740251293
COST_w08_s0022,COST,consumer,8,linear_trend,none,56.35602995464293,65.70041322233304,11.280034880874657
COST_w08_s0023,COST,consumer,8,naive,none,26.37125505719866,28.876689229982002,5.8328020197629575
COST_w08_s0023,COST,consumer,8,moving_average,none,26.306270926339273,28.817355493575317,5.818591004527638
COST_w08_s0023,COST,consumer,8,linear_trend,none,32.37401830938543,34.73366026752532,7.144740024778944
COST_w08_s0024,COST,consumer,8,naive,none,17.996800013950875,21.378084607336458,3.6258930788803774
COST_w08_s0024,COST,consumer,8,moving_average,none,18.957050868443073,23.20786971272282,3.8045752607178915
COST_w08_s0024,COST,consumer,8,linear_trend,none,61.61524371022161,65.62377035913218,12.518667730263145
COST_w08_s0025,COST,consumer,8,naive,none,13.106460571289064,16.811671840182395,2.97780865163907
COST_w08_s0025,COST,consumer,8,moving_average,none,19.026933506556897,22.733332532042464,4.308162763106035
COST_w08_s0025,COST,consumer,8,linear_trend,none,69.57927983451931,71.22864885027666,15.546063975458837
COST_w08_s0026,COST,consumer,8,naive,none,30.71474347795758,32.623738221278884,6.348932506580995
COST_w08_s0026,COST,consumer,8,moving_average,none,20.12284109933037,22.826283070293414,4.142488819676325
COST_w08_s0026,COST,consumer,8,linear_trend,none,65.81258922465454,67.35728664343036,13.67437581354858
COST_w08_s0027,COST,consumer,8,naive,none,10.014728001185825,11.205311878853664,2.1279388898131764
COST_w08_s0027,COST,consumer,8,moving_average,none,5.450577872140065,7.079663145242885,1.1657117475364602
COST_w08_s0027,COST,consumer,8,linear_trend,none,31.570822937371606,31.915433827797436,6.757944086603585
COST_w08_s0028,COST,consumer,8,naive,none,4.224186488560268,5.072765478050381,0.8830276800732966
COST_w08_s0028,COST,consumer,8,moving_average,none,5.166131591796865,6.402414698531206,1.0736011167658532
COST_w08_s0028,COST,consumer,8,linear_trend,none,11.943950108732908,13.077838166844744,2.4865545224964527
COST_w08_s0029,COST,consumer,8,naive,none,21.48977988106864,23.16803444132838,4.29485335132505
COST_w08_s0029,COST,consumer,8,moving_average,none,20.774670192173534,22.365852699200126,4.1539575173054155
COST_w08_s0029,COST,consumer,8,linear_trend,none,16.286946082441084,17.424485605318406,3.2663511931956215
COST_w08_s0030,COST,consumer,8,naive,none,14.72924586704799,16.68832640741059,2.7569677750129045
COST_w08_s0030,COST,consumer,8,moving_average,none,19.96017281668525,22.175344182103427,3.7323560981901407
COST_w08_s0030,COST,consumer,8,linear_trend,none,6.883698531585081,8.262451492399716,1.2977304464474706
COST_w08_s0031,COST,consumer,8,naive,none,10.818641662597656,13.682704399046123,2.071111917810921
COST_w08_s0031,COST,consumer,8,moving_average,none,9.362041146414615,11.299795452196706,1.7869398632748723
COST_w08_s0031,COST,consumer,8,linear_trend,none,30.70803145033139,32.3482245586214,5.8198562411291395
COST_w08_s0032,COST,consumer,8,naive,none,6.946916852678571,8.47384099471117,1.2939448225731205
COST_w08_s0032,COST,consumer,8,moving_average,none,6.922855922154018,8.173096926926819,1.2862525178599518
COST_w08_s0032,COST,consumer,8,linear_trend,none,11.402608188372556,13.470983802561655,2.0922387816819827
COST_w08_s0033,COST,consumer,8,naive,none,28.793683733258927,32.85689384370613,5.039949599457124
COST_w08_s0033,COST,consumer,8,moving_average,none,33.835335867745535,37.48282123006051,5.934907749113625
COST_w08_s0033,COST,consumer,8,linear_trend,none,22.689928591893533,26.521613172163615,3.967109195815488
COST_w08_s0034,COST,consumer,8,naive,none,60.685472760881694,64.42775415996516,9.238304215765575
COST_w08_s0034,COST,consumer,8,moving_average,none,64.60263584681924,68.13009217843411,9.841928496273365
COST_w08_s0034,COST,consumer,8,linear_trend,none,48.258861845001704,50.082880179298776,7.372455834009499
COST_w08_s0035,COST,consumer,8,naive,none,27.613876342773438,32.44221338346175,3.8346640828793443
COST_w08_s0035,COST,consumer,8,moving_average,none,30.724829537527935,35.973708865770256,4.265701448808191
COST_w08_s0035,COST,consumer,8,linear_trend,none,25.984203995229482,27.160481600207525,3.652273786850407
COST_w08_s0036,COST,consumer,8,naive,none,22.853400094168528,25.17564491243036,3.181768962594831
COST_w08_s0036,COST,consumer,8,moving_average,none,20.61688886369981,23.15029268346387,2.8661702711779
COST_w08_s0036,COST,consumer,8,linear_trend,none,53.91537163866584,60.08193105986032,7.535086089225299
COST_w08_s0037,COST,consumer,8,naive,none,27.592919485909597,35.10079102985191,3.6277058008715555
COST_w08_s0037,COST,consumer,8,moving_average,none,30.958466884068066,42.27914650800879,4.033956125165376
COST_w08_s0037,COST,consumer,8,linear_trend,none,36.65867390955977,49.335049430644,4.781709187784345
COST_w08_s0038,COST,consumer,8,naive,none,37.59075927734375,42.69495621767394,4.472034809395881
COST_w08_s0038,COST,consumer,8,moving_average,none,44.15191999162942,48.82075409737613,5.261358067055523
COST_w08_s0038,COST,consumer,8,linear_trend,none,26.812562842408692,29.012759881842204,3.214485514663053
COST_w08_s0039,COST,consumer,8,naive,none,25.277594430106028,29.417566090747858,3.0739800744208208
COST_w08_s0039,COST,consumer,8,moving_average,none,21.655317470005603,25.938101729497948,2.6234680265381205
COST_w08_s0039,COST,consumer,8,linear_trend,none,69.79943129540263,80.03941103266108,8.510540788878924
COST_w08_s0040,COST,consumer,8,naive,none,25.16654968261719,28.80597739775802,2.833013614685323
COST_w08_s0040,COST,consumer,8,moving_average,none,51.40664978027348,53.31164902618062,5.81323020380584
COST_w08_s0040,COST,consumer,8,linear_trend,none,81.7461393975406,84.64649575244985,9.246225012067457
COST_w08_s0041,COST,consumer,8,naive,none,17.123881748744417,18.99596935241753,1.9506962248235595
COST_w08_s0041,COST,consumer,8,moving_average,none,12.586746215820309,14.354361368573858,1.4330932065960478
COST_w08_s0041,COST,consumer,8,linear_trend,none,66.95825105665588,71.53353528388809,7.608054060457013
COST_w08_s0042,COST,consumer,8,naive,none,64.12999398367745,73.28145244832609,6.723307086361512
COST_w08_s0042,COST,consumer,8,moving_average,none,56.35561915806362,65.47045131761175,5.901267710683677
COST_w08_s0042,COST,consumer,8,linear_trend,none,62.122910105373776,71.9492547531373,6.506257185308336
COST_w12_s0000,COST,consumer,12,naive,none,18.114408220563615,19.792417644193044,6.440375498083624
COST_w12_s0000,COST,consumer,12,moving_average,none,16.991646466936373,18.74301451864958,6.03670834827984
COST_w12_s0000,COST,consumer,12,linear_trend,none,8.17570149981652,9.392140100800214,2.933897702693931
COST_w12_s0001,COST,consumer,12,naive,none,2.9459381103515625,3.5679563564431747,1.058043056791012
COST_w12_s0001,COST,consumer,12,moving_average,none,2.994211251395086,3.6677293689029495,1.077557421602475
COST_w12_s0001,COST,consumer,12,linear_trend,none,5.124953715773726,6.116900299639764,1.8225346610327648
COST_w12_s0002,COST,consumer,12,naive,none,14.585437229701451,18.061298180018245,4.918468899583783
COST_w12_s0002,COST,consumer,12,moving_average,none,14.640904671805256,18.11491801652564,4.937471794261354
COST_w12_s0002,COST,consumer,12,linear_trend,none,9.686674033686504,10.2865474628774,3.3353423066963783
COST_w12_s0003,COST,consumer,12,naive,none,12.955758231026786,14.536780438216832,4.098319035804588
COST_w12_s0003,COST,consumer,12,moving_average,none,13.314048549107152,14.934997091075088,4.21153642025375
COST_w12_s0003,COST,consumer,12,linear_trend,none,13.47841792976468,14.366325956987136,4.278876782360029
COST_w12_s0004,COST,consumer,12,naive,none,10.162843976702009,13.600683993991286,3.051196013152271
COST_w12_s0004,COST,consumer,12,moving_average,none,10.195883614676339,12.454198014538818,3.096400555702005
COST_w12_s0004,COST,consumer,12,linear_trend,none,14.260571546353571,15.56089925151284,4.470815187134382
COST_w12_s0005,COST,consumer,12,naive,none,5.477964128766741,6.745434151081409,1.5988594872265833
COST_w12_s0005,COST,consumer,12,moving_average,none,5.486089215959822,6.726938007303881,1.600056843108276
COST_w12_s0005,COST,consumer,12,linear_trend,none,5.571415085815834,6.8900710619109296,1.6177704394220542
COST_w12_s0006,COST,consumer,12,naive,none,4.289809090750558,5.712041105507216,1.221366058721348
COST_w12_s0006,COST,consumer,12,moving_average,none,4.333173697335383,5.67747642547199,1.2284734219940332
COST_w12_s0006,COST,consumer,12,linear_trend,none,13.648931647461854,15.717283615889567,3.9017380026487047
COST_w12_s0007,COST,consumer,12,naive,none,10.050587245396205,11.088503598836224,2.9837668058197804
COST_w12_s0007,COST,consumer,12,moving_average,none,15.153126307896205,15.860575178319957,4.488921008437927
COST_w12_s0007,COST,consumer,12,linear_trend,none,17.060325773715103,18.00700381283193,5.055533027106307
COST_w12_s0008,COST,consumer,12,naive,none,22.787652151925222,25.506299806658635,7.358012473025612
COST_w12_s0008,COST,consumer,12,moving_average,none,19.824701363699784,22.6659373753975,6.412741336716418
COST_w12_s0008,COST,consumer,12,linear_trend,none,15.004039205577588,17.338033090703426,4.846144190934516
COST_w12_s0009,COST,consumer,12,naive,none,12.091590881347656,13.865430478535561,3.4335917698619585
COST_w12_s0009,COST,consumer,12,moving_average,none,20.37902156284876,21.890364034763632,5.805673467857235
COST_w12_s0009,COST,consumer,12,linear_trend,none,50.72337832873013,52.517669778652824,14.493149535958013
COST_w12_s0010,COST,consumer,12,naive,none,2.903054373604909,3.81227317070794,0.8073518452105936
COST_w12_s0010,COST,consumer,12,moving_average,none,3.491184779575891,4.22711566385881,0.9613157298526844
COST_w12_s0010,COST,consumer,12,linear_trend,none,6.124383616351232,7.639726144399555,1.6950965533167213
COST_w12_s0011,COST,consumer,12,naive,none,19.757415771484375,22.462965063075373,5.068931171996714
COST_w12_s0011,COST,consumer,12,moving_average,none,21.53272487095422,24.140959418797664,5.529379920666762
COST_w12_s0011,COST,consumer,12,linear_trend,none,7.217745110711631,8.9891702813042,1.8477885707671025
COST_w12_s0012,COST,consumer,12,naive,none,24.78407178606306,26.497404288757277,5.787825257375972
COST_w12_s0012,COST,consumer,12,moving_average,none,24.848488289969332,26.557665372578754,5.802996824319829
COST_w12_s0012,COST,consumer,12,linear_trend,none,21.220870070292822,21.729426792801828,4.976535820815856
COST_w12_s0013,COST,consumer,12,naive,none,7.306999206542945,8.46424731995531,1.7071825676463406
COST_w12_s0013,COST,consumer,12,moving_average,none,7.106306893484925,8.145106220872968,1.6590470974875402
COST_w12_s0013,COST,consumer,12,linear_trend,none,31.788469431778516,35.95422069299189,7.429258433127095
COST_w12_s0014,COST,consumer,12,naive,none,50.59855978829521,55.30590754161412,10.347353485957115
COST_w12_s0014,COST,consumer,12,moving_average,none,53.831476048060814,58.27827185036314,11.022341835147383
COST_w12_s0014,COST,consumer,12,linear_trend,none,38.39053926027905,43.08463674707247,7.825510693771018
COST_w12_s0015,COST,consumer,12,naive,none,10.583146231515064,12.859299225428273,2.0360113177714987
COST_w12_s0015,COST,consumer,12,moving_average,none,13.831857517787364,15.911634152083156,2.6228378226194926
COST_w12_s0015,COST,consumer,12,linear_trend,none,8.9507238284264,11.68219288681758,1.7015727604950108
COST_w12_s0016,COST,consumer,12,naive,none,39.363958086286274,43.12239811187816,8.286248177024767
COST_w12_s0016,COST,consumer,12,moving_average,none,51.31810847691132,54.254661369770325,10.76219922536434
COST_w12_s0016,COST,consumer,12,linear_trend,none,90.8970887668747,93.72850470641883,18.95926708429469
COST_w12_s0017,COST,consumer,12,naive,none,20.269020080566406,25.27346402029893,3.909459105639126
COST_w12_s0017,COST,consumer,12,moving_average,none,19.339583696637842,24.264437514629144,3.731463443203547
COST_w12_s0017,COST,consumer,12,linear_trend,none,39.207225828400844,46.0016760329269,7.577300820817053
COST_w12_s0018,COST,consumer,12,naive,none,21.031220572335375,25.145865109023994,3.9337617450622386
COST_w12_s0018,COST,consumer,12,moving_average,none,23.615683637346557,26.805107442396356,4.367480695128214
COST_w12_s0018,COST,consumer,12,linear_trend,none,32.790858810562696,36.10619080431092,5.989059625173996
COST_w12_s0019,COST,consumer,12,naive,none,36.51939392089844,42.849608503491304,8.51647672414865
COST_w12_s0019,COST,consumer,12,moving_average,none,56.61206970214846,60.88800581817109,13.058409804011886
COST_w12_s0019,COST,consumer,12,linear_trend,none,121.5957915810354,124.30300330267521,27.77000509186674
COST_w12_s0020,COST,consumer,12,naive,none,43.92503574916295,49.27221868857917,9.050971104400672
COST_w12_s0020,COST,consumer,12,moving_average,none,40.00903058733258,45.584703643480985,8.230653460899008
COST_w12_s0020,COST,consumer,12,linear_trend,none,96.95385770955076,106.46682685050527,20.036178082868055
COST_w12_s0021,COST,consumer,12,naive,none,9.218112400599887,10.875269687179962,1.7828247480523678
COST_w12_s0021,COST,consumer,12,moving_average,none,14.887670244489408,17.25282875912782,2.856658649580478
COST_w12_s0021,COST,consumer,12,linear_trend,none,26.809053143525116,30.049146529173054,5.15217642232008
COST_w12_s0022,COST,consumer,12,naive,none,40.77952357700893,44.81251701061046,8.932683717781122
COST_w12_s0022,COST,consumer,12,moving_average,none,36.34833025251114,39.95019435641731,7.958246183792317
COST_w12_s0022,COST,consumer,12,linear_trend,none,89.67841289201627,95.23677651146951,19.5622909566504
COST_w12_s0023,COST,consumer,12,naive,none,37.50449807303293,42.047865605254984,7.653117958738336
COST_w12_s0023,COST,consumer,12,moving_average,none,36.70025394984657,41.306550791333244,7.4861259829842
COST_w12_s0023,COST,consumer,12,linear_trend,none,52.538241094949775,60.22146812659486,10.70323047810526
COST_w12_s0024,COST,consumer,12,naive,none,54.27511814662388,58.65893235511441,12.14387533664267
COST_w12_s0024,COST,consumer,12,moving_average,none,50.6160675048828,54.96092501126426,11.331272183020376
COST_w12_s0024,COST,consumer,12,linear_trend,none,30.702063653313253,33.833569642367515,6.831026641584074
COST_w12_s0025,COST,consumer,12,naive,none,16.33380235944475,20.017313047875657,3.3641332060496083
COST_w12_s0025,COST,consumer,12,moving_average,none,36.588938903808575,39.07298776421288,7.598338526855756
COST_w12_s0025,COST,consumer,12,linear_trend,none,27.24947158449466,31.581257170902298,5.625163184646809
COST_w12_s0026,COST,consumer,12,naive,none,16.504017421177455,17.927641814073386,3.558620172809881
COST_w12_s0026,COST,consumer,12,moving_average,none,17.312425449916283,18.721426429549805,3.732298258728164
COST_w12_s0026,COST,consumer,12,linear_trend,none,7.823548127886318,9.441039059048434,1.686203222854744
COST_w12_s0027,COST,consumer,12,naive,none,6.56464494977679,8.096941349948587,1.3668531837224158
COST_w12_s0027,COST,consumer,12,moving_average,none,6.633941650390629,8.163269863971093,1.3813216609319963
COST_w12_s0027,COST,consumer,12,linear_trend,none,4.542021899468815,5.727801508055993,0.9476168856261606
COST_w12_s0028,COST,consumer,12,naive,none,11.888833182198665,14.04547389154461,2.4159144561621786
COST_w12_s0028,COST,consumer,12,moving_average,none,14.184871128627233,16.960028342129924,2.86886311664056
COST_w12_s0028,COST,consumer,12,linear_trend,none,12.594788856068721,14.868631528564805,2.5521676896025522
COST_w12_s0029,COST,consumer,12,naive,none,22.454573495047438,26.610993306782827,4.232146481630849
COST_w12_s0029,COST,consumer,12,moving_average,none,18.380366516113295,22.96788336335619,3.4539167146596834
COST_w12_s0029,COST,consumer,12,linear_trend,none,20.339895466915664,23.136808158012027,3.8440531664927278
COST_w12_s0030,COST,consumer,12,naive,none,10.768730163574219,13.279908601205806,2.062039219687337
COST_w12_s0030,COST,consumer,12,moving_average,none,13.157888575962634,15.466988764615458,2.5156541047940237
COST_w12_s0030,COST,consumer,12,linear_trend,none,27.45190605050816,31.649987976353767,5.23853935119682
COST_w12_s0031,COST,consumer,12,naive,none,12.101656232561384,13.311133170576992,2.21990376442545
COST_w12_s0031,COST,consumer,12,moving_average,none,16.04243992396768,16.97339274947279,2.946185796131522
COST_w12_s0031,COST,consumer,12,linear_trend,none,4.447284385967715,5.176555166076154,0.8168148610985476
COST_w12_s0032,COST,consumer,12,naive,none,14.517732892717634,16.530688766027005,2.6632222389744413
COST_w12_s0032,COST,consumer,12,moving_average,none,14.098626273018974,15.993091429753589,2.5677916628186748
COST_w12_s0032,COST,consumer,12,linear_trend,none,12.365537807121544,14.192346747745185,2.2448927557208473
COST_w12_s0033,COST,consumer,12,naive,none,50.37541198730469,58.706481488320456,7.864035731743331
COST_w12_s0033,COST,consumer,12,moving_average,none,53.21861703055246,61.4092769878064,8.317129476844968
COST_w12_s0033,COST,consumer,12,linear_trend,none,57.25819690006657,63.568796883628494,8.992644797827586
COST_w12_s0034,COST,consumer,12,naive,none,34.14985220772879,38.39339398570874,4.872734250624029
COST_w12_s0034,COST,consumer,12,moving_average,none,45.586448887416246,48.846336793020114,6.526106824681737
COST_w12_s0034,COST,consumer,12,linear_trend,none,6.702889562329781,7.90326435100915,0.9726130034515991
COST_w12_s0035,COST,consumer,12,naive,none,14.85634286063058,20.20954669019559,1.9994418918871795
COST_w12_s0035,COST,consumer,12,moving_average,none,17.67358616420201,22.717461656933256,2.3827074213030026
COST_w12_s0035,COST,consumer,12,linear_trend,none,37.73874872955877,46.71515722018133,5.218214498381809
COST_w12_s0036,COST,consumer,12,naive,none,13.346378871372767,20.0427242137893,1.8140174743701083
COST_w12_s0036,COST,consumer,12,moving_average,none,14.987827845982151,19.226625456355396,2.0642068446957422
COST_w12_s0036,COST,consumer,12,linear_trend,none,48.73528005399875,50.33731377355201,6.82556267558588
COST_w12_s0037,COST,consumer,12,naive,none,41.45711626325335,49.64767918569699,4.9981577166711055
COST_w12_s0037,COST,consumer,12,moving_average,none,57.14591631208152,63.57043229932592,6.930546659963643
COST_w12_s0037,COST,consumer,12,linear_trend,none,91.38432318839695,95.70978165426422,11.150574638985677
COST_w12_s0038,COST,consumer,12,naive,none,20.523511614118302,24.392744293661192,2.4720448667075376
COST_w12_s0038,COST,consumer,12,moving_average,none,19.319001988002217,23.344047124324863,2.325440758831922
COST_w12_s0038,COST,consumer,12,linear_trend,none,48.35747965662772,61.651773073790785,5.862565511062439
COST_w12_s0039,COST,consumer,12,naive,none,47.653163364955354,52.85294884217639,5.466721978155846
COST_w12_s0039,COST,consumer,12,moving_average,none,52.02765066964282,57.9678206959504,5.96406305774564
COST_w12_s0039,COST,consumer,12,linear_trend,none,16.532162918900248,25.162961087932036,1.9956967724299914
COST_w12_s0040,COST,consumer,12,naive,none,10.156411307198661,12.0825846384309,1.1440834554544885
COST_w12_s0040,COST,consumer,12,moving_average,none,10.663818359375009,13.505042946653264,1.1944392263809456
COST_w12_s0040,COST,consumer,12,linear_trend,none,15.118198449942323,19.7832830878782,1.68852505493427
COST_w12_s0041,COST,consumer,12,naive,none,29.4403795514788,39.36902063827247,3.1585569327019827
COST_w12_s0041,COST,consumer,12,moving_average,none,29.5762472970145,39.528157628158574,3.1731217915752654
COST_w12_s0041,COST,consumer,12,linear_trend,none,22.28564763852808,25.749021603963193,2.488509070640192
CVX_w04_s0000,CVX,energy,4,naive,none,6.345977783203125,9.14928296580249,9.078307900903395
CVX_w04_s0000,CVX,energy,4,moving_average,none,6.177129908970427,8.95957048079149,8.846019776149884
CVX_w04_s0000,CVX,energy,4,linear_trend,none,3.6710698136965783,4.493409846368721,4.83148891291264
CVX_w04_s0001,CVX,energy,4,naive,none,7.137763840811589,9.656767406786674,14.486154576946264
CVX_w04_s0001,CVX,energy,4,moving_average,none,10.401797621590754,12.645463926628992,20.536654139030112
CVX_w04_s0001,CVX,energy,4,linear_trend,none,14.426742399033362,17.349881516691767,24.919222320098903
CVX_w04_s0002,CVX,energy,4,naive,none,7.500165939331055,7.7759357211808835,10.708942366846841
CVX_w04_s0002,CVX,energy,4,moving_average,none,6.48826713562012,6.805166981463665,9.252109675965357
CVX_w04_s0002,CVX,energy,4,linear_trend,none,7.038531592683557,8.439042707227149,10.064347188527735
CVX_w04_s0003,CVX,energy,4,naive,none,3.3958116258893694,4.011948574757472,4.830463407154429
CVX_w04_s0003,CVX,energy,4,moving_average,none,3.303969192504884,3.9625019748323984,4.687586307329083
CVX_w04_s0003,CVX,energy,4,linear_trend,none,4.165713432549659,4.803444595676005,5.964711422338791
CVX_w04_s0004,CVX,energy,4,naive,none,2.6084292275565013,2.988537331205748,3.7764052075351495
CVX_w04_s0004,CVX,energy,4,moving_average,none,2.2609925951276466,2.6053652450229405,3.274501733591316
CVX_w04_s0004,CVX,energy,4,linear_trend,none,7.434570510405351,8.123730214600595,10.835642866217048
CVX_w04_s0005,CVX,energy,4,naive,none,5.314727374485561,6.443613439183823,8.918327492444742
CVX_w04_s0005,CVX,energy,4,moving_average,none,6.701933860778809,7.659543362485893,11.160178181417344
CVX_w04_s0005,CVX,energy,4,linear_trend,none,6.422697344041408,7.484367131005439,10.72319485105165
CVX_w04_s0006,CVX,energy,4,naive,none,1.0609377452305389,1.388843233722146,1.9005902674804758
CVX_w04_s0006,CVX,energy,4,moving_average,none,1.0706553595406674,1.4203073641346204,1.927841138237751
CVX_w04_s0006,CVX,energy,4,linear_trend,none,6.723731745096081,7.507311541511727,11.973616586196497
CVX_w04_s0007,CVX,energy,4,naive,none,14.22644465310233,14.634177112577849,20.16446905294174
CVX_w04_s0007,CVX,energy,4,moving_average,none,13.726000622340608,14.148162614947859,19.446346460885593
CVX_w04_s0007,CVX,energy,4,linear_trend,none,16.760663181677803,17.268567080099036,23.751377185444053
CVX_w04_s0008,CVX,energy,4,naive,none,2.5475548335484097,2.8814869667349914,3.5796169997640757
CVX_w04_s0008,CVX,energy,4,moving_average,none,2.5306659698486333,2.8845179103635954,3.6060098296286127
CVX_w04_s0008,CVX,energy,4,linear_trend,none,2.7157264623426847,3.2571287765099664,3.9287527147229593
CVX_w04_s0009,CVX,energy,4,naive,none,10.985024588448661,12.777336795869509,13.386334806249417
CVX_w04_s0009,CVX,energy,4,moving_average,none,8.542196001325335,10.588327554921081,10.291809363675156
CVX_w04_s0009,CVX,energy,4,linear_trend,none,6.089655379347586,7.748698635807416,7.342158430737275
CVX_w04_s0010,CVX,energy,4,naive,none,5.279787608555385,5.622847222386285,6.325958174654782
CVX_w04_s0010,CVX,energy,4,moving_average,none,4.51672357831682,4.858076038591798,5.414660560422167
CVX_w04_s0010,CVX,energy,4,linear_trend,none,18.21711109993153,20.09064525715964,21.827975976266845
CVX_w04_s0011,CVX,energy,4,naive,none,2.902300698416574,3.377592337297289,3.3568522246818002
CVX_w04_s0011,CVX,energy,4,moving_average,none,2.8965415954589804,3.3712440839546796,3.350212739346698
CVX_w04_s0011,CVX,energy,4,linear_trend,none,5.854063378240835,6.482792087647353,6.793860181028781
CVX_w04_s0012,CVX,energy,4,naive,none,1.4475171225411552,1.7248260951968506,1.680059934836919
CVX_w04_s0012,CVX,energy,4,moving_average,none,2.0300163813999745,2.4122589997074617,2.3166162759194595
CVX_w04_s0012,CVX,energy,4,linear_trend,none,4.126861230950609,4.270920286183888,4.74717443376751
CVX_w04_s0013,CVX,energy,4,naive,none,3.031326021466936,3.4722936181229778,3.7461736501325436
CVX_w04_s0013,CVX,energy,4,moving_average,none,2.476986421857567,2.983482559132841,3.068254188926369
CVX_w04_s0013,CVX,energy,4,linear_trend,none,2.2437194422671674,2.632793492218213,2.7407338035775193
CVX_w04_s0014,CVX,energy,4,naive,none,2.9125524248395647,3.492741314002972,3.553259968834853
CVX_w04_s0014,CVX,energy,4,moving_average,none,1.4862605503627242,1.9429833041099627,1.8289127111104722
CVX_w04_s0014,CVX,energy,4,linear_trend,none,1.583442899005371,2.2492541966098685,1.936214549753194
CVX_w04_s0015,CVX,energy,4,naive,none,5.819478988647462,6.53340917148298,6.288422465522661
CVX_w04_s0015,CVX,energy,4,moving_average,none,6.789932196480893,7.463905335716548,7.349081650447971
CVX_w04_s0015,CVX,energy,4,linear_trend,none,4.122309929983955,4.365232897742232,4.484865149760096
CVX_w04_s0016,CVX,energy,4,naive,none,1.5759315490722707,1.9018713362349091,1.6247754378029267
CVX_w04_s0016,CVX,energy,4,moving_average,none,2.11259362357003,2.544136201986132,2.1741820760316397
CVX_w04_s0016,CVX,energy,4,linear_trend,none,3.5067761471397083,4.101214712116936,3.6545494917089605
CVX_w04_s0017,CVX,energy,4,naive,none,8.660598482404437,9.98077680968128,8.154532936346225
CVX_w04_s0017,CVX,energy,4,moving_average,none,7.128875895908901,8.585496702513051,6.681793811882137
CVX_w04_s0017,CVX,energy,4,linear_trend,none,4.830565801061195,5.97552731512285,4.521168669062282
CVX_w04_s0018,CVX,energy,4,naive,none,11.224005290440152,15.437501029578486,8.683954711105555
CVX_w04_s0018,CVX,energy,4,moving_average,none,10.345190375191821,14.795937376307013,7.949748077114737
CVX_w04_s0018,CVX,energy,4,linear_trend,none,5.470596216367726,7.163411398540748,4.353232838845425
CVX_w04_s0019,CVX,energy,4,naive,none,4.312784467424665,5.189103938382108,3.125233667074966
CVX_w04_s0019,CVX,energy,4,moving_average,none,2.746901375906808,3.501117028257494,1.9524664011341866
CVX_w04_s0019,CVX,energy,4,linear_trend,none,25.705927807227113,28.396445473594923,18.231080621870532
CVX_w04_s0020,CVX,energy,4,naive,none,6.3784975324358255,7.624743223035881,4.648786574139022
CVX_w04_s0020,CVX,energy,4,moving_average,none,6.296037292480471,7.502854030076413,4.58600097931205
CVX_w04_s0020,CVX,energy,4,linear_trend,none,8.688713417913693,9.479120514832166,6.290409825274379
CVX_w04_s0021,CVX,energy,4,naive,none,16.356303351266046,19.528926962673733,13.066245898679341
CVX_w04_s0021,CVX,energy,4,moving_average,none,16.67545967102051,20.090616554400043,13.34505018424764
CVX_w04_s0021,CVX,energy,4,linear_trend,none,25.765300811783977,31.254770472999667,20.649705763106756
CVX_w04_s0022,CVX,energy,4,naive,none,11.124143055507117,12.645748682466024,8.405709611794041
CVX_w04_s0022,CVX,energy,4,moving_average,none,9.516190392630438,10.829595004013115,7.200832303324567
CVX_w04_s0022,CVX,energy,4,linear_trend,none,27.47103305329056,31.046596783842137,20.7919857221902
CVX_w04_s0023,CVX,energy,4,naive,none,4.233231680733817,5.906250482388467,3.260255469700561
CVX_w04_s0023,CVX,energy,4,moving_average,none,4.225509207589287,5.799011231311268,3.233800467091023
CVX_w04_s0023,CVX,energy,4,linear_trend,none,8.02275795286119,10.741939161982877,6.2197677226465915
CVX_w04_s0024,CVX,energy,4,naive,none,20.644942692347936,22.738277721694793,13.868953537823666
CVX_w04_s0024,CVX,energy,4,moving_average,none,21.702102552141458,23.760838139096123,14.59414602508096
CVX_w04_s0024,CVX,energy,4,linear_trend,none,29.55884739581805,33.16198004036749,19.798592222841815
CVX_w04_s0025,CVX,energy,4,naive,none,5.301289149693081,7.062068735934099,3.5403432337475547
CVX_w04_s0025,CVX,energy,4,moving_average,none,4.616094316755023,5.789733333023958,3.062341961383904
CVX_w04_s0025,CVX,energy,4,linear_trend,none,24.648169054303843,28.57457377035006,16.284314276698627
CVX_w04_s0026,CVX,energy,4,naive,none,6.40404782976423,7.0170266487797655,4.1424831289608655
CVX_w04_s0026,CVX,energy,4,moving_average,none,5.348618752615798,6.069147958701518,3.4540917632379835
CVX_w04_s0026,CVX,energy,4,linear_trend,none,19.29317434210527,20.869367683819593,12.515765149145727
CVX_w04_s0027,CVX,energy,4,naive,none,6.493166787283761,7.306625333657292,4.563782755412992
CVX_w04_s0027,CVX,energy,4,moving_average,none,10.717560141427166,11.231553070247775,7.497894147265874
CVX_w04_s0027,CVX,energy,4,linear_trend,none,15.688294759191054,16.50005780782698,10.975880551001962
CVX_w04_s0028,CVX,energy,4,naive,none,6.2842592511858255,7.325076210036157,4.313110812099764
CVX_w04_s0028,CVX,energy,4,moving_average,none,5.628182983398436,6.274114558281893,3.9055227233384464
CVX_w04_s0028,CVX,energy,4,linear_trend,none,9.30911373953813,11.277969256373776,6.357020548521497
CVX_w04_s0029,CVX,energy,4,naive,none,8.94858387538365,9.910272929143781,6.550377251018904
CVX_w04_s0029,CVX,energy,4,moving_average,none,9.838434600830068,10.770364031513216,7.195773179054739
CVX_w04_s0029,CVX,energy,4,linear_trend,none,21.776120597437828,23.60915569872592,15.904143347196406
CVX_w04_s0030,CVX,energy,4,naive,none,3.614640372140067,4.059576993687881,2.6073520521808646
CVX_w04_s0030,CVX,energy,4,moving_average,none,3.02114606584821,3.4951822984199157,2.177551478921632
CVX_w04_s0030,CVX,energy,4,linear_trend,none,5.769483041404784,6.196504813706528,4.174475123761066
CVX_w04_s0031,CVX,energy,4,naive,none,2.928856440952846,3.2486005322321705,2.0726388033001633
CVX_w04_s0031,CVX,energy,4,moving_average,none,3.247253962925502,3.56673058519879,2.2946100879221936
CVX_w04_s0031,CVX,energy,4,linear_trend,none,2.4158518028054488,2.8037981147419,1.7076439222280366
CVX_w04_s0032,CVX,energy,4,naive,none,5.544008527483259,6.310679278817311,3.72941867697718
CVX_w04_s0032,CVX,energy,4,moving_average,none,5.250131007603228,6.009117149319659,3.5309694173946187
CVX_w04_s0032,CVX,energy,4,linear_trend,none,4.48533874003639,5.159499653862575,3.016414377126382
CVX_w04_s0033,CVX,energy,4,naive,none,8.9935302734375,11.994649726523267,6.813254698276639
CVX_w04_s0033,CVX,energy,4,moving_average,none,10.68576158796038,13.585468068824959,8.051697144965257
CVX_w04_s0033,CVX,energy,4,linear_trend,none,12.275675241570733,15.420886737986715,9.235788022555344
CVX_w04_s0034,CVX,energy,4,naive,none,3.9768679482596268,4.643885714973272,3.0205647944110976
CVX_w04_s0034,CVX,energy,4,moving_average,none,1.9406358446393632,2.853107150948237,1.4629397447702557
CVX_w04_s0034,CVX,energy,4,linear_trend,none,26.134568164223122,29.11364803112264,19.93236390986643
CVX_w04_s0035,CVX,energy,4,naive,none,2.8806977953229636,3.822099457350931,2.212186815163044
CVX_w04_s0035,CVX,energy,4,moving_average,none,2.844732829502651,3.7776350900550373,2.184386328066911
CVX_w04_s0035,CVX,energy,4,linear_trend,none,5.574115714248334,6.706696082450637,4.258758192869184
CVX_w04_s0036,CVX,energy,4,naive,none,4.968971797398159,5.340528953711744,3.5829418320717843
CVX_w04_s0036,CVX,energy,4,moving_average,none,4.211931392124716,4.644452048849338,3.0340086770378827
CVX_w04_s0036,CVX,energy,4,linear_trend,none,6.323941346935749,6.619667777411919,4.5654448873628555
CVX_w04_s0037,CVX,energy,4,naive,none,4.065813337053571,4.753370267974863,2.796298030279346
CVX_w04_s0037,CVX,energy,4,moving_average,none,6.323592267717645,6.786126286847535,4.3653087902832475
CVX_w04_s0037,CVX,energy,4,linear_trend,none,9.521356074971367,10.138488798399019,6.577255842001051
CVX_w04_s0038,CVX,energy,4,naive,none,1.861839839390346,2.2278508397881507,1.267462856441573
CVX_w04_s0038,CVX,energy,4,moving_average,none,2.5629526410784007,3.145455803183323,1.7207555711463813
CVX_w04_s0038,CVX,energy,4,linear_trend,none,2.173554190401105,2.662058260671978,1.473943201445162
CVX_w04_s0039,CVX,energy,4,naive,none,1.94244384765625,2.295380335171637,1.3680838597135476
CVX_w04_s0039,CVX,energy,4,moving_average,none,2.974390738351015,3.3113463348464385,2.093268191203124
CVX_w04_s0039,CVX,energy,4,linear_trend,none,2.345609993120268,2.7237672659217855,1.63876513024843
CVX_w04_s0040,CVX,energy,4,naive,none,6.992649078369141,8.55088325904227,5.18653537759317
CVX_w04_s0040,CVX,energy,4,moving_average,none,6.073241642543247,6.9978695189662865,4.467855546188259
CVX_w04_s0040,CVX,energy,4,linear_trend,none,6.6612948138014705,7.939209089238933,4.9228005730630375
CVX_w04_s0041,CVX,energy,4,naive,none,2.9078096662248885,3.5815896137143866,2.1979449052591304
CVX_w04_s0041,CVX,energy,4,moving_average,none,2.8928218296595998,3.552864254580897,2.185540187177765
CVX_w04_s0041,CVX,energy,4,linear_trend,none,10.464778756736807,11.989393697725898,7.740479642251789
CVX_w04_s0042,CVX,energy,4,naive,none,1.7407052176339286,2.533747678530562,1.223517081192915
CVX_w04_s0042,CVX,energy,4,moving_average,none,4.089499337332589,4.785099353801318,2.8780525177389795
CVX_w04_s0042,CVX,energy,4,linear_trend,none,5.363937680319209,6.168418105566443,3.8152975714333524
CVX_w04_s0043,CVX,energy,4,naive,none,5.0277268545968195,5.9275032145979685,3.462369065478192
CVX_w04_s0043,CVX,energy,4,moving_average,none,5.1222962515694785,5.988974043399215,3.5222832846394505
CVX_w04_s0043,CVX,energy,4,linear_trend,none,6.353820037841797,8.68598467364265,4.486275614487682
CVX_w08_s0000,CVX,energy,8,naive,none,13.426579475402832,15.725627993123604,26.07205704274448
CVX_w08_s0000,CVX,energy,8,moving_average,none,16.295363480704165,18.80386796591162,31.456481866581576
CVX_w08_s0000,CVX,energy,8,linear_trend,none,14.07837390587817,16.45770444747181,27.27151523344096
CVX_w08_s0001,CVX,energy,8,naive,none,3.2192720685686385,3.708132334981825,4.7074362256641615
CVX_w08_s0001,CVX,energy,8,moving_average,none,6.799770028250555,7.473829219944723,9.901688805399141
CVX_w08_s0001,CVX,energy,8,linear_trend,none,33.11113705546885,34.53350208910766,48.670051098577645
CVX_w08_s0002,CVX,energy,8,naive,none,3.041217803955078,4.051712833693266,4.106992885722547
CVX_w08_s0002,CVX,energy,8,moving_average,none,3.236264910016743,4.24623098370933,4.371982140477042
CVX_w08_s0002,CVX,energy,8,linear_trend,none,8.35273417989423,10.103844514370962,11.936302104440188
CVX_w08_s0003,CVX,energy,8,naive,none,1.4246668134416853,1.7182889231574956,2.1123087754299488
CVX_w08_s0003,CVX,energy,8,moving_average,none,1.4932703290666853,1.830871120534965,2.2331711810923025
CVX_w08_s0003,CVX,energy,8,linear_trend,none,3.9745925787785312,4.331033124582101,5.950529991733614
CVX_w08_s0004,CVX,energy,8,naive,none,2.7893126351492747,3.4825928327889653,4.3893607281854585
CVX_w08_s0004,CVX,energy,8,moving_average,none,2.748682512555805,3.4114024073620297,4.316197160849683
CVX_w08_s0004,CVX,energy,8,linear_trend,none,2.2031407168390142,2.5969647994875116,3.4048121324715455
CVX_w08_s0005,CVX,energy,8,naive,none,4.623276438031878,4.84643285341733,8.1819843748687
CVX_w08_s0005,CVX,energy,8,moving_average,none,3.8255696705409483,4.067720460750876,6.778075093837321
CVX_w08_s0005,CVX,energy,8,linear_trend,none,2.151780554935786,2.680685033315429,3.8083624128207045
CVX_w08_s0006,CVX,energy,8,naive,none,10.942580359322685,12.875544759053746,15.821094633002964
CVX_w08_s0006,CVX,energy,8,moving_average,none,9.762952532087054,11.6332970245539,14.093449510343342
CVX_w08_s0006,CVX,energy,8,linear_trend,none,13.755253183205882,16.10748000406332,19.914342477117728
CVX_w08_s0007,CVX,energy,8,naive,none,2.5149664197649275,2.9980228895162035,3.622261558120675
CVX_w08_s0007,CVX,energy,8,moving_average,none,2.4070559365408775,2.838727395329193,3.4514000039183204
CVX_w08_s0007,CVX,energy,8,linear_trend,none,10.24101698373668,11.190667524556227,14.595082036556015
CVX_w08_s0008,CVX,energy,8,naive,none,3.8380184173583984,4.409654325204065,5.163594291634568
CVX_w08_s0008,CVX,energy,8,moving_average,none,3.702817698887415,4.354402503004258,4.941049918885199
CVX_w08_s0008,CVX,energy,8,linear_trend,none,3.8670452294289595,5.21675036479978,4.982435024077248
CVX_w08_s0009,CVX,energy,8,naive,none,3.2315919058663503,4.003969668222983,3.7134924688412188
CVX_w08_s0009,CVX,energy,8,moving_average,none,3.6953233991350447,4.390182707359857,4.2570641652250165
CVX_w08_s0009,CVX,energy,8,linear_trend,none,4.021977751442268,5.145557327079261,4.62614840559943
CVX_w08_s0010,CVX,energy,8,naive,none,2.3405235835484097,3.0310931180319045,2.707487382879706
CVX_w08_s0010,CVX,energy,8,moving_average,none,2.1981004442487437,2.715346409321167,2.554320066476114
CVX_w08_s0010,CVX,energy,8,linear_trend,none,5.479009338385034,5.701135363014563,6.514926838687737
CVX_w08_s0011,CVX,energy,8,naive,none,2.6032646724155972,3.0925861110465744,2.9678944604151902
CVX_w08_s0011,CVX,energy,8,moving_average,none,1.4625143323625838,1.7039030618596382,1.6941729519547315
CVX_w08_s0011,CVX,energy,8,linear_trend,none,1.4882201453183102,1.7936336634526824,1.7315983898535299
CVX_w08_s0012,CVX,energy,8,naive,none,2.136364255632673,2.6530030373794347,2.6230995827356227
CVX_w08_s0012,CVX,energy,8,moving_average,none,3.356635011945457,3.8681200266605984,4.113911566355228
CVX_w08_s0012,CVX,energy,8,linear_trend,none,4.102463201964,4.576379922739941,5.018589382603662
CVX_w08_s0013,CVX,energy,8,naive,none,1.5744105747767858,1.8234512396503773,1.9657695129310138
CVX_w08_s0013,CVX,energy,8,moving_average,none,2.098607199532647,2.3840044434440704,2.6273059707127695
CVX_w08_s0013,CVX,energy,8,linear_trend,none,2.7984757147599653,3.000054359218036,3.4602853571036984
CVX_w08_s0014,CVX,energy,8,naive,none,7.9773131779262,8.922122418821028,8.89641226553818
CVX_w08_s0014,CVX,energy,8,moving_average,none,7.596623829432896,8.539275140838908,8.469276296132223
CVX_w08_s0014,CVX,energy,8,linear_trend,none,9.538689910819143,10.67975665514415,10.63363247454393
CVX_w08_s0015,CVX,energy,8,naive,none,2.7364041464669233,3.0652559416862646,2.8525651209237215
CVX_w08_s0015,CVX,energy,8,moving_average,none,2.041334261213037,2.4647376942067796,2.1226833268013374
CVX_w08_s0015,CVX,energy,8,linear_trend,none,4.476329777905977,5.307869605906183,4.69191710812373
CVX_w08_s0016,CVX,energy,8,naive,none,3.134991509573797,4.321380128036345,3.0369943078609154
CVX_w08_s0016,CVX,energy,8,moving_average,none,4.2683840615408695,5.675779795036739,4.123515397616468
CVX_w08_s0016,CVX,energy,8,linear_trend,none,2.4447892789960837,2.9934652821796024,2.398546416530527
CVX_w08_s0017,CVX,energy,8,naive,none,4.882841655186247,5.641476887513948,4.270494531897868
CVX_w08_s0017,CVX,energy,8,moving_average,none,5.724094009399418,6.537970591815431,5.006823578473249
CVX_w08_s0017,CVX,energy,8,linear_trend,none,3.9594884671017305,4.500340034664818,3.47902042747879
CVX_w08_s0018,CVX,energy,8,naive,none,16.430492946079784,16.950900553285656,11.828740141959805
CVX_w08_s0018,CVX,energy,8,moving_average,none,21.9692609514509,22.36113498615729,15.84788109560466
CVX_w08_s0018,CVX,energy,8,linear_trend,none,14.165334505384333,14.749125174098264,10.21680066918458
CVX_w08_s0019,CVX,energy,8,naive,none,4.251375470842634,4.93350251063235,3.0789489513016224
CVX_w08_s0019,CVX,energy,8,moving_average,none,4.248243713378906,4.849814214291434,3.0344674966060436
CVX_w08_s0019,CVX,energy,8,linear_trend,none,18.941369193503174,20.75487444709518,13.695705073646236
CVX_w08_s0020,CVX,energy,8,naive,none,9.06870814732143,10.920008884677534,6.726499701922823
CVX_w08_s0020,CVX,energy,8,moving_average,none,9.06870814732143,10.979506664684733,6.741185761808881
CVX_w08_s0020,CVX,energy,8,linear_trend,none,9.91391983032227,10.811733609647943,7.1441277526053515
CVX_w08_s0021,CVX,energy,8,naive,none,4.935267312186107,6.067098323921574,3.9089574432483016
CVX_w08_s0021,CVX,energy,8,moving_average,none,4.878753662109375,6.107223190595368,3.8467426315862916
CVX_w08_s0021,CVX,energy,8,linear_trend,none,8.421053009115003,9.460405831696391,6.832875182837221
CVX_w08_s0022,CVX,energy,8,naive,none,4.1762831551688055,4.936493945681345,3.026172453448902
CVX_w08_s0022,CVX,energy,8,moving_average,none,5.552802930559425,6.1450184596330715,4.035786473882978
CVX_w08_s0022,CVX,energy,8,linear_trend,none,10.089494362173948,10.4323091809328,7.362976672287412
CVX_w08_s0023,CVX,energy,8,naive,none,7.301083700997489,9.281973780689768,5.320253943871871
CVX_w08_s0023,CVX,energy,8,moving_average,none,7.2287164960588735,9.116000324003634,5.347510918476282
CVX_w08_s0023,CVX,energy,8,linear_trend,none,7.676881286510678,9.304414097557045,5.853077157974683
CVX_w08_s0024,CVX,energy,8,naive,none,4.519784654889788,5.10296830274891,2.8606304243166023
CVX_w08_s0024,CVX,energy,8,moving_average,none,6.4712468828473675,7.0286196189381895,4.09575758518345
CVX_w08_s0024,CVX,energy,8,linear_trend,none,8.857681082401152,9.511853916622028,5.623717920984685
CVX_w08_s0025,CVX,energy,8,naive,none,2.955316816057478,3.5134252010337916,1.9389203900658896
CVX_w08_s0025,CVX,energy,8,moving_average,none,2.7179090227399536,3.460047971347595,1.821020775206608
CVX_w08_s0025,CVX,energy,8,linear_trend,none,15.468644301497056,15.648965684530237,10.242200014868033
CVX_w08_s0026,CVX,energy,8,naive,none,7.818004063197544,9.016926544299015,5.395896158717051
CVX_w08_s0026,CVX,energy,8,moving_average,none,7.45810939243862,8.543935498497332,5.141545915688467
CVX_w08_s0026,CVX,energy,8,linear_trend,none,4.630844588779437,5.534010300986412,3.151199871718293
CVX_w08_s0027,CVX,energy,8,naive,none,3.920300619942801,4.631618070045126,2.795157753677075
CVX_w08_s0027,CVX,energy,8,moving_average,none,3.9169351850237155,4.62599139453072,2.791847052725753
CVX_w08_s0027,CVX,energy,8,linear_trend,none,5.096231146275408,7.153866891784313,3.5420472882895506
CVX_w08_s0028,CVX,energy,8,naive,none,5.952342987060547,7.605176532566544,4.308594754007014
CVX_w08_s0028,CVX,energy,8,moving_average,none,5.831033434186663,7.374471453404794,4.2161884334138575
CVX_w08_s0028,CVX,energy,8,linear_trend,none,5.259462212506582,5.783117024306346,3.6456047445415343
CVX_w08_s0029,CVX,energy,8,naive,none,1.8639820643833704,2.169464172202543,1.3596578403342208
CVX_w08_s0029,CVX,energy,8,moving_average,none,2.0327209472656267,2.4267238761865095,1.474414884237502
CVX_w08_s0029,CVX,energy,8,linear_trend,none,2.8711398623386453,3.3511697990586335,2.086948240737297
CVX_w08_s0030,CVX,energy,8,naive,none,2.410406930106027,2.7541207449461402,1.7244750565468943
CVX_w08_s0030,CVX,energy,8,moving_average,none,3.2218407767159567,3.757012291143377,2.28692030183167
CVX_w08_s0030,CVX,energy,8,linear_trend,none,3.1283161019167105,3.6286332286030687,2.2216726994100204
CVX_w08_s0031,CVX,energy,8,naive,none,3.5396526881626675,4.462248051578262,2.4049300114838608
CVX_w08_s0031,CVX,energy,8,moving_average,none,4.147147369384775,5.0740575837598465,2.8198309491549356
CVX_w08_s0031,CVX,energy,8,linear_trend,none,2.144902002993554,2.405621298492521,1.4704131800064046
CVX_w08_s0032,CVX,energy,8,naive,none,4.102243150983538,6.486341609140783,2.964623035369255
CVX_w08_s0032,CVX,energy,8,moving_average,none,4.18218438284738,6.5998075670185194,3.023455654037037
CVX_w08_s0032,CVX,energy,8,linear_trend,none,6.3745282660090465,9.22297223687967,4.581348489941931
CVX_w08_s0033,CVX,energy,8,naive,none,1.199605396815708,1.5705133410697372,0.9339208681430977
CVX_w08_s0033,CVX,energy,8,moving_average,none,5.611507034301752,5.777313287693069,4.354130738011609
CVX_w08_s0033,CVX,energy,8,linear_trend,none,8.435320907506878,8.792002599980405,6.5398604674823115
CVX_w08_s0034,CVX,energy,8,naive,none,3.696632930210659,4.378302098314212,2.7464252958213287
CVX_w08_s0034,CVX,energy,8,moving_average,none,4.183957890101846,4.985092902083394,3.104715278460759
CVX_w08_s0034,CVX,energy,8,linear_trend,none,15.365278939733068,15.812697656789263,11.548330076322884
CVX_w08_s0035,CVX,energy,8,naive,none,8.638447080339704,9.22877224618555,6.2631716915309905
CVX_w08_s0035,CVX,energy,8,moving_average,none,8.48649155753,9.076241395549502,6.152562871159086
CVX_w08_s0035,CVX,energy,8,linear_trend,none,3.9719684215372877,4.557149009312837,2.877283233840358
CVX_w08_s0036,CVX,energy,8,naive,none,4.129443032400949,4.840782488452071,2.8780110701545842
CVX_w08_s0036,CVX,energy,8,moving_average,none,4.154894692557199,4.870909891345546,2.895280979770392
CVX_w08_s0036,CVX,energy,8,linear_trend,none,2.765634963660052,3.314090150672775,1.9865983951490966
CVX_w08_s0037,CVX,energy,8,naive,none,2.0775773184640065,2.5443255831694533,1.4156331706515988
CVX_w08_s0037,CVX,energy,8,moving_average,none,2.078359440394808,2.544465632107995,1.416129584794785
CVX_w08_s0037,CVX,energy,8,linear_trend,none,2.370762678855423,2.6986321791932566,1.6177345335040318
CVX_w08_s0038,CVX,energy,8,naive,none,3.392053876604353,3.7507916869367577,2.37548960730472
CVX_w08_s0038,CVX,energy,8,moving_average,none,4.4901105608259035,4.809134917869353,3.142260036743371
CVX_w08_s0038,CVX,energy,8,linear_trend,none,7.658662080726404,8.039219703549287,5.353296382874383
CVX_w08_s0039,CVX,energy,8,naive,none,4.214414324079241,5.926327292886218,3.0883417079539894
CVX_w08_s0039,CVX,energy,8,moving_average,none,4.155002049037388,5.783903867670548,3.040017613259243
CVX_w08_s0039,CVX,energy,8,linear_trend,none,4.347873372425823,5.0394115060508105,3.0625531069568392
CVX_w08_s0040,CVX,energy,8,naive,none,2.4715483529227122,2.8617384073932928,1.855520436125635
CVX_w08_s0040,CVX,energy,8,moving_average,none,2.716486794607976,3.1060936672769284,2.0269081800966346
CVX_w08_s0040,CVX,energy,8,linear_trend,none,2.5917325860531895,3.1829108568415756,1.9661448225083682
CVX_w08_s0041,CVX,energy,8,naive,none,3.676713671003069,3.959004936294294,2.641218197439982
CVX_w08_s0041,CVX,energy,8,moving_average,none,4.980285317557194,5.308917067276858,3.575175856025423
CVX_w08_s0041,CVX,energy,8,linear_trend,none,11.443947549583266,11.95637748309843,8.225929093942815
CVX_w08_s0042,CVX,energy,8,naive,none,10.57296643938337,11.201039045676522,7.0838238065270485
CVX_w08_s0042,CVX,energy,8,moving_average,none,9.12190965924943,9.790553653214577,6.105589552519997
CVX_w08_s0042,CVX,energy,8,linear_trend,none,2.8860123269585327,3.3318166059400744,1.9351254621365739
CVX_w12_s0000,CVX,energy,12,naive,none,11.822031838553292,12.857441356774615,17.910078746450278
CVX_w12_s0000,CVX,energy,12,moving_average,none,13.131938770839145,14.081309847548285,19.964447946916223
CVX_w12_s0000,CVX,energy,12,linear_trend,none,20.317034020607675,22.90647892749934,30.582572999737543
CVX_w12_s0001,CVX,energy,12,naive,none,2.3806615556989397,3.3428250994670687,3.213287398082369
CVX_w12_s0001,CVX,energy,12,moving_average,none,2.8822029113769565,3.903471318981788,3.879860786853521
CVX_w12_s0001,CVX,energy,12,linear_trend,none,15.864802778763863,16.37830440771785,21.90591631372549
CVX_w12_s0002,CVX,energy,12,naive,none,2.364805221557617,2.934764832475539,3.535574749125318
CVX_w12_s0002,CVX,energy,12,moving_average,none,2.4851716722760933,3.0415377274439908,3.7127948838259193
CVX_w12_s0002,CVX,energy,12,linear_trend,none,13.489703298624821,13.888802753997444,19.860020837535682
CVX_w12_s0003,CVX,energy,12,naive,none,1.9699753352573939,2.333369948341376,2.9811504801463413
CVX_w12_s0003,CVX,energy,12,moving_average,none,2.6434686388288275,3.132735195221335,4.005340532948833
CVX_w12_s0003,CVX,energy,12,linear_trend,none,1.37780155821428,1.6027305678784927,2.056704029812932
CVX_w12_s0004,CVX,energy,12,naive,none,5.6071047101702005,6.006040750753342,9.738838382615729
CVX_w12_s0004,CVX,energy,12,moving_average,none,6.351542881556919,6.706340227363453,11.01400809893714
CVX_w12_s0004,CVX,energy,12,linear_trend,none,6.997960148905747,7.2417065818022115,12.101825143694134
CVX_w12_s0005,CVX,energy,12,naive,none,5.351910863603864,7.180539916374828,8.200441991080046
CVX_w12_s0005,CVX,energy,12,moving_average,none,5.370228603907994,7.124686170421227,8.250602322090057
CVX_w12_s0005,CVX,energy,12,linear_trend,none,8.896487453667481,12.127994226767726,13.469847583140526
CVX_w12_s0006,CVX,energy,12,naive,none,5.736117226736886,6.160334945439709,8.289550596601346
CVX_w12_s0006,CVX,energy,12,moving_average,none,1.970602308000837,2.247863708967864,2.8140398882316755
CVX_w12_s0006,CVX,energy,12,linear_trend,none,7.274087196473447,7.739495124562009,10.263149662033474
CVX_w12_s0007,CVX,energy,12,naive,none,2.051144463675363,2.495384788262362,2.80229504737386
CVX_w12_s0007,CVX,energy,12,moving_average,none,4.030017362322121,4.543513870572354,5.482901354805602
CVX_w12_s0007,CVX,energy,12,linear_trend,none,5.933085107062019,6.835977801950851,8.30074871104872
CVX_w12_s0008,CVX,energy,12,naive,none,7.122780391148159,7.9269039274003275,8.291892789722775
CVX_w12_s0008,CVX,energy,12,moving_average,none,9.850732094900954,10.487453036024524,11.528904081858967
CVX_w12_s0008,CVX,energy,12,linear_trend,none,11.607940207755592,12.115206232742546,13.625821188551168
CVX_w12_s0009,CVX,energy,12,naive,none,2.5867151532854353,2.876925177174984,3.111849274977507
CVX_w12_s0009,CVX,energy,12,moving_average,none,1.751476505824499,2.054238283311157,2.093356464384676
CVX_w12_s0009,CVX,energy,12,linear_trend,none,8.84358745003546,9.244702866563939,10.57360564223995
CVX_w12_s0010,CVX,energy,12,naive,none,1.8497960226876395,2.374887421203028,2.161991809246518
CVX_w12_s0010,CVX,energy,12,moving_average,none,1.4954750605991904,1.707144424641821,1.7263202481941335
CVX_w12_s0010,CVX,energy,12,linear_trend,none,1.185167887897941,1.544572409935313,1.3742093085564744
CVX_w12_s0011,CVX,energy,12,naive,none,3.5251227787562778,4.316915900429476,4.306328715375933
CVX_w12_s0011,CVX,energy,12,moving_average,none,4.740852628435407,5.367281718214212,5.760990074496098
CVX_w12_s0011,CVX,energy,12,linear_trend,none,5.394098381711045,6.213637119663839,6.561635358415588
CVX_w12_s0012,CVX,energy,12,naive,none,1.5388565063476562,1.93614095625945,1.916652607797301
CVX_w12_s0012,CVX,energy,12,moving_average,none,1.392240251813616,1.6694144618805116,1.718585272597659
CVX_w12_s0012,CVX,energy,12,linear_trend,none,1.0365225873079065,1.3010051364935733,1.2772028700151001
CVX_w12_s0013,CVX,energy,12,naive,none,4.337130682809013,5.472930077132963,4.998252416124567
CVX_w12_s0013,CVX,energy,12,moving_average,none,4.383353369576591,5.53824486906055,5.050175012593857
CVX_w12_s0013,CVX,energy,12,linear_trend,none,6.551402815628742,8.16380841016515,7.550577018915695
CVX_w12_s0014,CVX,energy,12,naive,none,3.896527154105038,4.214894504951522,4.100779795333274
CVX_w12_s0014,CVX,energy,12,moving_average,none,5.141738183157791,5.389142281351686,5.420434371859965
CVX_w12_s0014,CVX,energy,12,linear_trend,none,7.636022696086672,7.715556877235368,8.075065958284897
CVX_w12_s0015,CVX,energy,12,naive,none,1.639068331037249,2.0139733691462807,1.6889948650236095
CVX_w12_s0015,CVX,energy,12,moving_average,none,2.0031467437744106,2.5054468590869554,2.032054306152344
CVX_w12_s0015,CVX,energy,12,linear_trend,none,6.407269847793517,6.742328897906888,6.58416673260545
CVX_w12_s0016,CVX,energy,12,naive,none,7.931989124843054,8.782297725467954,7.101889424871636
CVX_w12_s0016,CVX,energy,12,moving_average,none,10.171581104823527,10.847735433450346,9.14045588047948
CVX_w12_s0016,CVX,energy,12,linear_trend,none,8.447945072389748,8.888564478198129,7.604050616551169
CVX_w12_s0017,CVX,energy,12,naive,none,17.980702536446696,21.009470335566665,13.070858363616523
CVX_w12_s0017,CVX,energy,12,moving_average,none,17.23209664481027,20.08091159549343,12.537653488415405
CVX_w12_s0017,CVX,energy,12,linear_trend,none,12.189033328717924,14.050695849690742,8.913934664810235
CVX_w12_s0018,CVX,energy,12,naive,none,3.5840911865234375,4.342977037713362,2.596338554500632
CVX_w12_s0018,CVX,energy,12,moving_average,none,3.591801670619418,4.349473627229287,2.602330777790468
CVX_w12_s0018,CVX,energy,12,linear_trend,none,12.791177192523142,15.093070526596863,9.307765867320535
CVX_w12_s0019,CVX,energy,12,naive,none,5.190969739641462,5.959560862531419,3.5811981489158
CVX_w12_s0019,CVX,energy,12,moving_average,none,7.0695355006626714,8.178929910971075,4.783311473632548
CVX_w12_s0019,CVX,energy,12,linear_trend,none,6.994955907975658,8.987692329590693,4.956273184950621
CVX_w12_s0020,CVX,energy,12,naive,none,9.179889133998326,9.87844278246786,7.552413901700758
CVX_w12_s0020,CVX,energy,12,moving_average,none,18.133203342982707,18.49665728643827,14.832337795283618
CVX_w12_s0020,CVX,energy,12,linear_trend,none,25.85194040311406,26.164857787060253,21.113134316142094
CVX_w12_s0021,CVX,energy,12,naive,none,7.4059099469865926,8.087336178909014,5.417298863551162
CVX_w12_s0021,CVX,energy,12,moving_average,none,9.50046255929129,10.04073170482666,6.965692223626639
CVX_w12_s0021,CVX,energy,12,linear_trend,none,22.95786439909281,23.740973243208487,16.888194480782495
CVX_w12_s0022,CVX,energy,12,naive,none,4.719809395926339,5.8646911560297665,3.6140103240166823
CVX_w12_s0022,CVX,energy,12,moving_average,none,4.314969308035716,5.977475376579365,3.3474032017002595
CVX_w12_s0022,CVX,energy,12,linear_trend,none,6.317669595513887,8.356303353028121,4.927188390331218
CVX_w12_s0023,CVX,energy,12,naive,none,16.320240565708705,17.202637061003056,10.427605322592202
CVX_w12_s0023,CVX,energy,12,moving_average,none,17.180418178013387,18.020744671111807,10.983983590686194
CVX_w12_s0023,CVX,energy,12,linear_trend,none,19.927568927593736,20.61509588208045,12.764641548581315
CVX_w12_s0024,CVX,energy,12,naive,none,7.4245741707938055,8.249389306722156,4.959573802194344
CVX_w12_s0024,CVX,energy,12,moving_average,none,7.348454175676624,8.180947444413913,4.90930087061686
CVX_w12_s0024,CVX,energy,12,linear_trend,none,17.876391037224113,19.01974743069332,11.875845608932318
CVX_w12_s0025,CVX,energy,12,naive,none,3.6753392900739397,4.357873226695646,2.440989899112133
CVX_w12_s0025,CVX,energy,12,moving_average,none,3.5102202279227135,4.168497064771737,2.3180798035594408
CVX_w12_s0025,CVX,energy,12,linear_trend,none,4.787301016539682,5.938413330583506,3.2120913224501466
CVX_w12_s0026,CVX,energy,12,naive,none,5.936353410993304,6.698827869489402,4.309467494007694
CVX_w12_s0026,CVX,energy,12,moving_average,none,8.29539576939173,8.85706463653045,6.002100877120229
CVX_w12_s0026,CVX,energy,12,linear_trend,none,8.51652727341208,8.939330049670259,6.15352404084409
CVX_w12_s0027,CVX,energy,12,naive,none,5.87501471383231,6.548382369545957,3.9906425545500066
CVX_w12_s0027,CVX,energy,12,moving_average,none,7.947078704833984,8.840247627227876,5.390864699493524
CVX_w12_s0027,CVX,energy,12,linear_trend,none,15.162448474922057,15.566478913867865,10.381120686712354
CVX_w12_s0028,CVX,energy,12,naive,none,2.221386500767299,2.7067712029637545,1.635562357158368
CVX_w12_s0028,CVX,energy,12,moving_average,none,1.9089954921177454,2.335438098623501,1.4032758110712
CVX_w12_s0028,CVX,energy,12,linear_trend,none,7.748323875280577,7.974776983804507,5.673593553812107
CVX_w12_s0029,CVX,energy,12,naive,none,2.85797609601702,3.8052814684545684,2.036838455729495
CVX_w12_s0029,CVX,energy,12,moving_average,none,2.3983133588518433,2.8304640948290554,1.7356466878177819
CVX_w12_s0029,CVX,energy,12,linear_trend,none,5.0756156988011005,6.296061462857787,3.6277018194572497
CVX_w12_s0030,CVX,energy,12,naive,none,2.670255388532366,2.9360386936152345,1.868924003640628
CVX_w12_s0030,CVX,energy,12,moving_average,none,1.959482029506138,2.76809913507387,1.3505048627582474
CVX_w12_s0030,CVX,energy,12,linear_trend,none,3.114572700604763,3.916553929691819,2.1499005665400217
CVX_w12_s0031,CVX,energy,12,naive,none,1.7001337323869978,2.337310637133947,1.1594467868026421
CVX_w12_s0031,CVX,energy,12,moving_average,none,1.6472467694963728,2.163586625598896,1.1176102725458423
CVX_w12_s0031,CVX,energy,12,linear_trend,none,2.2966398219728807,2.8186838893424326,1.5585980799461219
CVX_w12_s0032,CVX,energy,12,naive,none,18.13149288722447,19.152564891772386,13.948631309171693
CVX_w12_s0032,CVX,energy,12,moving_average,none,15.344550704956045,16.2540049328458,11.807785815175064
CVX_w12_s0032,CVX,energy,12,linear_trend,none,19.52249308808593,20.702899575713644,15.024935253511648
CVX_w12_s0033,CVX,energy,12,naive,none,3.2143347603934154,3.657616592380977,2.396651140127561
CVX_w12_s0033,CVX,energy,12,moving_average,none,3.411496843610487,4.133304866105135,2.532920598836434
CVX_w12_s0033,CVX,energy,12,linear_trend,none,12.072986844351922,13.612444128402329,8.995782307866772
CVX_w12_s0034,CVX,energy,12,naive,none,4.120929990495955,4.834783836577364,3.0375253001102323
CVX_w12_s0034,CVX,energy,12,moving_average,none,3.404079055786134,4.0577719569223625,2.5677084867242885
CVX_w12_s0034,CVX,energy,12,linear_trend,none,5.625685768110789,6.880748246727928,4.125268447351137
CVX_w12_s0035,CVX,energy,12,naive,none,2.0480068751743863,2.486905211216434,1.4734394136488966
CVX_w12_s0035,CVX,energy,12,moving_average,none,2.411290305001393,2.8171189263816907,1.7168705774104214
CVX_w12_s0035,CVX,energy,12,linear_trend,none,2.445066882924278,2.7594964151351435,1.7403311535709416
CVX_w12_s0036,CVX,energy,12,naive,none,2.622257777622768,3.1231399974846235,1.7738545120915605
CVX_w12_s0036,CVX,energy,12,moving_average,none,4.05419420514787,4.611044004168425,2.7413695233601407
CVX_w12_s0036,CVX,energy,12,linear_trend,none,2.173583950295646,2.501892715390721,1.4788646661808675
CVX_w12_s0037,CVX,energy,12,naive,none,5.4544677734375,6.202145607065063,3.806525559749007
CVX_w12_s0037,CVX,energy,12,moving_average,none,3.502063642229355,4.154618337160113,2.445965250448936
CVX_w12_s0037,CVX,energy,12,linear_trend,none,7.040720234697801,8.248872459460564,4.919060408682652
CVX_w12_s0038,CVX,energy,12,naive,none,1.5722476414271764,2.0234433314188403,1.0858205870896294
CVX_w12_s0038,CVX,energy,12,moving_average,none,3.0535477774483764,3.6090213648552574,2.10076387045514
CVX_w12_s0038,CVX,energy,12,linear_trend,none,1.7243360362312063,2.1343763089113006,1.1912888874912249
CVX_w12_s0039,CVX,energy,12,naive,none,13.334339686802455,13.626153471504846,9.99980847726215
CVX_w12_s0039,CVX,energy,12,moving_average,none,11.437547084263404,11.776456464094403,8.583601892769499
CVX_w12_s0039,CVX,energy,12,linear_trend,none,7.845691422930721,8.302957016730732,5.899582605032951
CVX_w12_s0040,CVX,energy,12,naive,none,8.16275133405413,8.944155563073336,5.91174250643385
CVX_w12_s0040,CVX,energy,12,moving_average,none,6.6749677385602775,7.465329103175491,4.828571960251713
CVX_w12_s0040,CVX,energy,12,linear_trend,none,8.189780727661988,9.378321910462663,5.920983131303513
CVX_w12_s0041,CVX,energy,12,naive,none,5.74256352015904,7.275406146059231,3.856598164551133
CVX_w12_s0041,CVX,energy,12,moving_average,none,6.210193743024549,7.7646797626155575,4.1726271186871005
CVX_w12_s0041,CVX,energy,12,linear_trend,none,8.382823398862469,9.709746837593727,5.663137106079365
GS_w04_s0000,GS,finance,4,naive,none,20.14710944039481,27.126043230585402,11.695131508282797
GS_w04_s0000,GS,finance,4,moving_average,none,18.004676491873596,25.413669479026677,10.546173759081752
GS_w04_s0000,GS,finance,4,linear_trend,none,27.89146063094749,35.037877149418094,15.96546160800938
GS_w04_s0001,GS,finance,4,naive,none,13.135843549455915,15.40628479011636,9.918770270153814
GS_w04_s0001,GS,finance,4,moving_average,none,19.423653084891193,23.176121402130224,14.77528018780009
GS_w04_s0001,GS,finance,4,linear_trend,none,34.14322200902165,43.00775127970825,23.23611292858428
GS_w04_s0002,GS,finance,4,naive,none,8.517894744873047,11.676768084337555,5.122829398433971
GS_w04_s0002,GS,finance,4,moving_average,none,6.19614268711635,9.191083057158789,3.7160177202712625
GS_w04_s0002,GS,finance,4,linear_trend,none,20.41141041346959,22.823921925636085,12.923963531657618
GS_w04_s0003,GS,finance,4,naive,none,6.1378914969307985,7.780980718142926,3.3699624512474315
GS_w04_s0003,GS,finance,4,moving_average,none,6.141644069126667,7.786260663557359,3.371908958759101
GS_w04_s0003,GS,finance,4,linear_trend,none,14.210415854285012,16.234594850135895,8.043619506509767
GS_w04_s0004,GS,finance,4,naive,none,3.9422198704310816,4.526421535180253,2.1744112236825273
GS_w04_s0004,GS,finance,4,moving_average,none,4.414779772077293,5.739813474674483,2.405191139842964
GS_w04_s0004,GS,finance,4,linear_trend,none,10.549457148501729,11.339001621832487,5.805989468605553
GS_w04_s0005,GS,finance,4,naive,none,4.16647938319615,5.190758760934287,2.382935319712914
GS_w04_s0005,GS,finance,4,moving_average,none,4.529377637590684,5.617260192201433,2.6077339278169465
GS_w04_s0005,GS,finance,4,linear_trend,none,8.59371951602072,10.874788328263062,4.980034949925093
GS_w04_s0006,GS,finance,4,naive,none,6.394061497279578,7.350893044088605,3.5643703680926166
GS_w04_s0006,GS,finance,4,moving_average,none,7.819212777274002,8.802057670281851,4.345788206118818
GS_w04_s0006,GS,finance,4,linear_trend,none,19.91439601353236,20.845991735493893,11.176962468738443
GS_w04_s0007,GS,finance,4,naive,none,27.34692437308175,28.735932200134524,13.22958995322805
GS_w04_s0007,GS,finance,4,moving_average,none,30.172391292027076,31.436805229266962,14.616127738277587
GS_w04_s0007,GS,finance,4,linear_trend,none,47.07435649785782,49.53056087539759,22.772085306355123
GS_w04_s0008,GS,finance,4,naive,none,29.085929870605476,32.99062173326636,11.513117768248124
GS_w04_s0008,GS,finance,4,moving_average,none,31.368254307338166,35.139410958962934,12.440841395583993
GS_w04_s0008,GS,finance,4,linear_trend,none,15.932230761535184,19.986673933001153,6.250933915030499
GS_w04_s0009,GS,finance,4,naive,none,38.964816502162385,42.07023454005892,13.7043863310442
GS_w04_s0009,GS,finance,4,moving_average,none,34.069707598005024,37.45979355105028,11.947859386236644
GS_w04_s0009,GS,finance,4,linear_trend,none,25.31560267971871,29.02748618785339,8.834463967124194
GS_w04_s0010,GS,finance,4,naive,none,8.087828499930245,9.39666573003904,2.7591678984613894
GS_w04_s0010,GS,finance,4,moving_average,none,5.935241917201454,6.664726806865938,1.9960383424275394
GS_w04_s0010,GS,finance,4,linear_trend,none,30.610896019367082,34.72286815556271,10.4012156103334
GS_w04_s0011,GS,finance,4,naive,none,21.633011954171316,23.68812336385292,6.697822712992539
GS_w04_s0011,GS,finance,4,moving_average,none,19.20372990199498,21.359915049086574,5.939709186814097
GS_w04_s0011,GS,finance,4,linear_trend,none,12.516534492664766,13.948932563299062,3.875723430151947
GS_w04_s0012,GS,finance,4,naive,none,10.43532235281808,12.696987770044315,3.2062760670555948
GS_w04_s0012,GS,finance,4,moving_average,none,7.183316040039058,9.203884359718861,2.1639251397183754
GS_w04_s0012,GS,finance,4,linear_trend,none,13.654313281066441,15.316424259007016,4.16076624469857
GS_w04_s0013,GS,finance,4,naive,none,11.95914241245815,15.146656555367997,3.422184387718704
GS_w04_s0013,GS,finance,4,moving_average,none,15.079427882603222,19.9019539926422,4.264023269227056
GS_w04_s0013,GS,finance,4,linear_trend,none,9.114759536562866,12.631503892008471,2.5893020259973936
GS_w04_s0014,GS,finance,4,naive,none,11.208125523158472,13.052990074581702,3.0922861082812885
GS_w04_s0014,GS,finance,4,moving_average,none,8.472404261997754,10.0800627606157,2.384341043735957
GS_w04_s0014,GS,finance,4,linear_trend,none,35.318196920523995,42.39101370761824,10.022982615778622
GS_w04_s0015,GS,finance,4,naive,none,16.668999808175222,19.862965786741764,4.5426174680377605
GS_w04_s0015,GS,finance,4,moving_average,none,13.763172258649545,15.855265494902442,3.7730344800678113
GS_w04_s0015,GS,finance,4,linear_trend,none,37.86016442517076,44.02676301305101,10.331580325088991
GS_w04_s0016,GS,finance,4,naive,none,12.603794642857142,14.40263733868425,3.6160910281570193
GS_w04_s0016,GS,finance,4,moving_average,none,16.813395472935245,18.200840371797856,4.810741282924321
GS_w04_s0016,GS,finance,4,linear_trend,none,35.65390512566815,37.72041076343382,10.175777864512344
GS_w04_s0017,GS,finance,4,naive,none,16.277045113699778,20.62446925009459,5.010211402699287
GS_w04_s0017,GS,finance,4,moving_average,none,16.845247541155143,22.981943935047642,5.261456896528895
GS_w04_s0017,GS,finance,4,linear_trend,none,17.045035750474117,23.174189496210726,5.325243673514975
GS_w04_s0018,GS,finance,4,naive,none,12.235745021275111,13.888993694966386,3.8730206211540894
GS_w04_s0018,GS,finance,4,moving_average,none,12.744500514439169,14.967365856593592,3.9931997119993006
GS_w04_s0018,GS,finance,4,linear_trend,none,63.04456673528915,65.39051385323899,20.229355767654315
GS_w04_s0019,GS,finance,4,naive,none,6.7711672101702005,7.893876426284579,2.2611764826166514
GS_w04_s0019,GS,finance,4,moving_average,none,7.288733128138948,8.519247802983287,2.4169602410261732
GS_w04_s0019,GS,finance,4,linear_trend,none,35.965599014167516,38.57756149446936,12.01647496833225
GS_w04_s0020,GS,finance,4,naive,none,24.611146109444753,25.780261040113448,8.751702970598664
GS_w04_s0020,GS,finance,4,moving_average,none,14.97281777518134,16.584621713782465,5.346689696104648
GS_w04_s0020,GS,finance,4,linear_trend,none,7.361466180164247,8.691017613145316,2.596270224840568
GS_w04_s0021,GS,finance,4,naive,none,25.61990192958287,28.263767963222396,9.635694800800126
GS_w04_s0021,GS,finance,4,moving_average,none,19.930725642612988,22.785261840134726,7.52312867025965
GS_w04_s0021,GS,finance,4,linear_trend,none,24.708049808588253,27.655370560453928,9.2979659677691
GS_w04_s0022,GS,finance,4,naive,none,34.92830439976284,38.47590819535255,11.351489593102693
GS_w04_s0022,GS,finance,4,moving_average,none,33.141571698869996,36.574646641670576,10.772230315437696
GS_w04_s0022,GS,finance,4,linear_trend,none,19.481964733316392,21.063749177257105,6.380016391422568
GS_w04_s0023,GS,finance,4,naive,none,19.392948695591517,23.704132469210766,6.735180506994179
GS_w04_s0023,GS,finance,4,moving_average,none,23.395615931919654,27.076821856376352,8.079803415098018
GS_w04_s0023,GS,finance,4,linear_trend,none,52.19827466692241,58.55145505365486,17.942367844620158
GS_w04_s0024,GS,finance,4,naive,none,24.866310119628906,31.869204449559344,7.988425240829486
GS_w04_s0024,GS,finance,4,moving_average,none,24.24412166050504,31.264811532951743,7.78248442657048
GS_w04_s0024,GS,finance,4,linear_trend,none,51.693744756942365,63.075408959903086,16.737180499550185
GS_w04_s0025,GS,finance,4,naive,none,12.586632864815849,14.463213608836519,3.631895969526268
GS_w04_s0025,GS,finance,4,moving_average,none,17.17841273716516,19.39749306750803,4.937355859818834
GS_w04_s0025,GS,finance,4,linear_trend,none,40.550501009473,52.7167856498724,12.133180455566858
GS_w04_s0026,GS,finance,4,naive,none,6.805617196219308,9.819783126441084,2.052606375306908
GS_w04_s0026,GS,finance,4,moving_average,none,7.020730372837623,8.229809812069215,2.1625064616485608
GS_w04_s0026,GS,finance,4,linear_trend,none,29.117358283709745,35.2743337953885,8.886616915908412
GS_w04_s0027,GS,finance,4,naive,none,9.111854553222656,13.295095006892327,2.84643214631884
GS_w04_s0027,GS,finance,4,moving_average,none,11.114453778948107,13.13388454526363,3.372451662228669
GS_w04_s0027,GS,finance,4,linear_trend,none,11.250251075097236,14.082339404837422,3.447273334269986
GS_w04_s0028,GS,finance,4,naive,none,9.370112827845983,11.780035816784185,3.058567834569699
GS_w04_s0028,GS,finance,4,moving_average,none,12.465732247488846,14.6888087612312,4.224456053400354
GS_w04_s0028,GS,finance,4,linear_trend,none,24.696258521976326,30.554960392009573,8.065564382639954
GS_w04_s0029,GS,finance,4,naive,none,12.467395237513951,14.072728183868584,4.134356824295796
GS_w04_s0029,GS,finance,4,moving_average,none,10.161716352190306,11.377809372643243,3.3661918269464692
GS_w04_s0029,GS,finance,4,linear_trend,none,28.465708602102186,32.143742510087435,9.425278523649109
GS_w04_s0030,GS,finance,4,naive,none,9.807277134486608,12.3180459302569,3.151353241423031
GS_w04_s0030,GS,finance,4,moving_average,none,7.341572352818081,8.851137962750313,2.38895429157422
GS_w04_s0030,GS,finance,4,linear_trend,none,7.695581970870437,9.22961288553947,2.5130577813130794
GS_w04_s0031,GS,finance,4,naive,none,15.106152125767299,17.76096182011754,4.609872798825347
GS_w04_s0031,GS,finance,4,moving_average,none,20.294308689662397,23.241210492670586,6.198298917169238
GS_w04_s0031,GS,finance,4,linear_trend,none,33.66704197933801,35.254341188936245,10.389355663916175
GS_w04_s0032,GS,finance,4,naive,none,11.155400957380023,13.318607695563657,3.550562111659518
GS_w04_s0032,GS,finance,4,moving_average,none,6.829841613769531,9.3213598503131,2.162609409628096
GS_w04_s0032,GS,finance,4,linear_trend,none,35.752755519321994,40.46619143088595,11.470563354999484
GS_w04_s0033,GS,finance,4,naive,none,10.930858067103795,12.670457029610604,3.8110524065688227
GS_w04_s0033,GS,finance,4,moving_average,none,13.547282627650677,15.670154806530585,4.730076021552546
GS_w04_s0033,GS,finance,4,linear_trend,none,16.03372335792484,18.22488231077099,5.5914151000753085
GS_w04_s0034,GS,finance,4,naive,none,27.768508911132812,32.32581090435837,8.179008642201465
GS_w04_s0034,GS,finance,4,moving_average,none,24.57384338378904,29.626706569034372,7.210373689426544
GS_w04_s0034,GS,finance,4,linear_trend,none,15.624420200433931,18.51841950425598,4.604167275333345
GS_w04_s0035,GS,finance,4,naive,none,4.793769836425783,5.656667364159756,1.3098536585949505
GS_w04_s0035,GS,finance,4,moving_average,none,3.0934014456612613,3.8642041025834675,0.8453379081403016
GS_w04_s0035,GS,finance,4,linear_trend,none,32.8872449831855,39.12280011172326,9.050497471350297
GS_w04_s0036,GS,finance,4,naive,none,5.358604431152342,6.27000992748064,1.4408200865146314
GS_w04_s0036,GS,finance,4,moving_average,none,6.3089226858956255,7.169753871019724,1.696313828843419
GS_w04_s0036,GS,finance,4,linear_trend,none,7.879953112740523,8.802576759723596,2.118690558647388
GS_w04_s0037,GS,finance,4,naive,none,13.10215323311942,15.04234831214819,3.3379629393314936
GS_w04_s0037,GS,finance,4,moving_average,none,15.606843784877238,18.061277101075436,3.9710814672545425
GS_w04_s0037,GS,finance,4,linear_trend,none,8.64146918308081,10.483326419352597,2.206858770797697
GS_w04_s0038,GS,finance,4,naive,none,24.675357273646764,28.235464634529727,5.627133510851549
GS_w04_s0038,GS,finance,4,moving_average,none,37.30463627406529,39.955995317871995,8.557000270203865
GS_w04_s0038,GS,finance,4,linear_trend,none,46.52538093050619,49.25002925787289,10.685723967494965
GS_w04_s0039,GS,finance,4,naive,none,9.057743617466524,12.359265315230598,2.004107934649645
GS_w04_s0039,GS,finance,4,moving_average,none,9.170423235212068,12.499593253704504,2.0282869753675064
GS_w04_s0039,GS,finance,4,linear_trend,none,10.040555432378039,11.721702281288222,2.2839473917075575
GS_w04_s0040,GS,finance,4,naive,none,8.77841404506138,11.396444455744762,1.872647524334687
GS_w04_s0040,GS,finance,4,moving_average,none,14.019701276506693,15.556635861752774,2.939388530020571
GS_w04_s0040,GS,finance,4,linear_trend,none,18.56251267741501,23.01357850813028,3.9528474462483456
GS_w04_s0041,GS,finance,4,naive,none,8.912078857421871,11.003816207295666,1.8856911435688424
GS_w04_s0041,GS,finance,4,moving_average,none,9.232052176339291,11.776832547683682,1.9612146833185045
GS_w04_s0041,GS,finance,4,linear_trend,none,11.832063768757653,13.660834838423057,2.504428155799903
GS_w04_s0042,GS,finance,4,naive,none,33.75061362130301,43.82570940428694,6.346298777654967
GS_w04_s0042,GS,finance,4,moving_average,none,31.453612191336497,41.974441328151045,5.897904612115608
GS_w04_s0042,GS,finance,4,linear_trend,none,15.597259572292389,25.480021544479197,2.879525836574682
GS_w04_s0043,GS,finance,4,naive,none,11.751879010881696,16.96806965816956,2.099469947861388
GS_w04_s0043,GS,finance,4,moving_average,none,16.116158621651802,17.888470146167567,2.7982145181526725
GS_w04_s0043,GS,finance,4,linear_trend,none,27.412735098440333,39.00950195341169,4.875547225080318
GS_w08_s0000,GS,finance,8,naive,none,31.719610486711776,35.520161925844256,23.727266039894815
GS_w08_s0000,GS,finance,8,moving_average,none,40.118343789236874,44.04101065830887,29.84282628016147
GS_w08_s0000,GS,finance,8,linear_trend,none,44.43348678040844,47.233413221812036,32.702047964855026
GS_w08_s0001,GS,finance,8,naive,none,3.281714848109654,4.379083898278558,2.0761680593415455
GS_w08_s0001,GS,finance,8,moving_average,none,17.10990960257394,17.541308166614403,10.939426298866598
GS_w08_s0001,GS,finance,8,linear_trend,none,70.84714357145538,72.9641551613529,45.53696417934761
GS_w08_s0002,GS,finance,8,naive,none,22.10377774919782,24.083657202845792,12.261673955585653
GS_w08_s0002,GS,finance,8,moving_average,none,24.068587929861895,25.89869646170917,13.378691655895903
GS_w08_s0002,GS,finance,8,linear_trend,none,9.617432535867275,11.583898783365322,5.344787898295792
GS_w08_s0003,GS,finance,8,naive,none,9.657821655273436,10.868333405098937,5.3345059312322425
GS_w08_s0003,GS,finance,8,moving_average,none,5.577863856724325,7.2428998468820796,3.054921277689746
GS_w08_s0003,GS,finance,8,linear_trend,none,17.94994310948012,19.637213823264048,10.130729571030438
GS_w08_s0004,GS,finance,8,naive,none,3.4865924290248325,4.312695943796503,1.9666784387899279
GS_w08_s0004,GS,finance,8,moving_average,none,3.231604984828406,3.943561949558605,1.7869806660797551
GS_w08_s0004,GS,finance,8,linear_trend,none,3.259898271052012,3.784239162787546,1.8203808195609412
GS_w08_s0005,GS,finance,8,naive,none,6.873810904366631,8.325966317958327,3.810454169830778
GS_w08_s0005,GS,finance,8,moving_average,none,5.085559735979353,6.132425463593641,2.848073355185108
GS_w08_s0005,GS,finance,8,linear_trend,none,4.839626217271842,5.966858367196169,2.7726710997601876
GS_w08_s0006,GS,finance,8,naive,none,21.628013065883092,25.032867996477425,10.8166376928736
GS_w08_s0006,GS,finance,8,moving_average,none,18.20800443376813,20.80838970793081,9.174365698715746
GS_w08_s0006,GS,finance,8,linear_trend,none,16.186405458248394,18.06018440855071,8.223491578956391
GS_w08_s0007,GS,finance,8,naive,none,24.19846943446571,31.57830101472974,9.655668297141942
GS_w08_s0007,GS,finance,8,moving_average,none,25.75038877214706,32.81340314909733,10.31949423971343
GS_w08_s0007,GS,finance,8,linear_trend,none,14.86884563387766,19.940140996425463,5.914550802856851
GS_w08_s0008,GS,finance,8,naive,none,13.549219403948099,16.265736765364014,5.0309018364205
GS_w08_s0008,GS,finance,8,moving_average,none,13.24862910679408,15.5064122822042,5.041246528780725
GS_w08_s0008,GS,finance,8,linear_trend,none,21.323047638961867,22.33010608111561,8.131005834167123
GS_w08_s0009,GS,finance,8,naive,none,5.511594499860491,7.593652763010807,1.8262502351172782
GS_w08_s0009,GS,finance,8,moving_average,none,8.636281912667389,10.854178546442585,2.867523624896776
GS_w08_s0009,GS,finance,8,linear_trend,none,11.51756531565351,12.29511157189816,3.882597022405412
GS_w08_s0010,GS,finance,8,naive,none,16.99776894705636,20.33303928243823,5.355351449013277
GS_w08_s0010,GS,finance,8,moving_average,none,19.459990801130033,22.573335699925458,6.146237852934973
GS_w08_s0010,GS,finance,8,linear_trend,none,7.266896079008968,9.065131574675389,2.3108448822481953
GS_w08_s0011,GS,finance,8,naive,none,13.101200648716517,15.629432293598951,3.8998301222439404
GS_w08_s0011,GS,finance,8,moving_average,none,9.62056797572544,12.018058453231038,2.8641353982604993
GS_w08_s0011,GS,finance,8,linear_trend,none,12.984127144467204,16.59531149085324,3.98029057670627
GS_w08_s0012,GS,finance,8,naive,none,5.715799604143415,8.37964422659409,1.6974016458387986
GS_w08_s0012,GS,finance,8,moving_average,none,8.139922441755036,10.25484764193996,2.4078207799438482
GS_w08_s0012,GS,finance,8,linear_trend,none,5.079363910610626,7.4168241045069765,1.524202063635145
GS_w08_s0013,GS,finance,8,naive,none,8.415863037109366,9.525303853504138,2.300427469124312
GS_w08_s0013,GS,finance,8,moving_average,none,17.715580095563585,18.78267400652438,4.851704689582088
GS_w08_s0013,GS,finance,8,linear_trend,none,16.280162870989365,17.806829194761594,4.456107481823269
GS_w08_s0014,GS,finance,8,naive,none,9.732390267508373,12.088961497580604,2.7251574474408726
GS_w08_s0014,GS,finance,8,moving_average,none,12.008622305733814,13.10065466475314,3.438200217404301
GS_w08_s0014,GS,finance,8,linear_trend,none,29.529076704292606,30.556330903586755,8.449977968516277
GS_w08_s0015,GS,finance,8,naive,none,11.688739231654571,14.151540467435685,3.326659072488526
GS_w08_s0015,GS,finance,8,moving_average,none,12.873975699288508,15.46958413427206,3.665877938928942
GS_w08_s0015,GS,finance,8,linear_trend,none,9.00648389318871,10.643262702199639,2.5158927734496284
GS_w08_s0016,GS,finance,8,naive,none,10.67458016531808,13.616521057981265,3.1192057567630322
GS_w08_s0016,GS,finance,8,moving_average,none,6.968974086216515,9.359455866575898,2.0052843874647275
GS_w08_s0016,GS,finance,8,linear_trend,none,8.930658604753026,11.386308173947901,2.5395648384244636
GS_w08_s0017,GS,finance,8,naive,none,9.006889343261719,9.789995996880268,2.8288246112577573
GS_w08_s0017,GS,finance,8,moving_average,none,27.06621333530971,28.77710173742119,8.61287392316022
GS_w08_s0017,GS,finance,8,linear_trend,none,30.719323129482696,32.24166079453993,9.76283048614417
GS_w08_s0018,GS,finance,8,naive,none,7.802243913922991,9.775848586532675,2.645985216603918
GS_w08_s0018,GS,finance,8,moving_average,none,9.182046508789044,11.185608886065332,3.112120717315751
GS_w08_s0018,GS,finance,8,linear_trend,none,11.735088694788962,13.774620156260985,3.8869698397470307
GS_w08_s0019,GS,finance,8,naive,none,7.484162466866629,9.516821420568865,2.586616617804745
GS_w08_s0019,GS,finance,8,moving_average,none,8.985071454729352,10.854962404263425,3.1776517010037586
GS_w08_s0019,GS,finance,8,linear_trend,none,4.952249418701884,7.09793292907118,1.6976390002285495
GS_w08_s0020,GS,finance,8,naive,none,12.143502916608538,14.038247541527225,4.426530311279085
GS_w08_s0020,GS,finance,8,moving_average,none,12.154811423165459,14.032338969554685,4.418753926026027
GS_w08_s0020,GS,finance,8,linear_trend,none,13.375070757062007,16.356263876503828,4.6933841316712765
GS_w08_s0021,GS,finance,8,naive,none,16.331282479422434,18.549257582563374,5.596719355469531
GS_w08_s0021,GS,finance,8,moving_average,none,17.18769945417132,21.121315388121996,5.819527238489921
GS_w08_s0021,GS,finance,8,linear_trend,none,24.777224564890997,31.114304298317972,8.343615392619515
GS_w08_s0022,GS,finance,8,naive,none,7.135101318359375,8.917358370182942,2.2662892508883417
GS_w08_s0022,GS,finance,8,moving_average,none,7.616697910853792,10.067054693949697,2.4074699489449736
GS_w08_s0022,GS,finance,8,linear_trend,none,19.70717391753063,22.681339526366436,6.433284863356841
GS_w08_s0023,GS,finance,8,naive,none,18.92828369140625,21.439973962659515,6.830582467296989
GS_w08_s0023,GS,finance,8,moving_average,none,18.77642386300224,21.265167411153378,6.775349621077152
GS_w08_s0023,GS,finance,8,linear_trend,none,25.646201460855487,28.275578825153183,9.235911949298394
GS_w08_s0024,GS,finance,8,naive,none,31.881413051060267,34.60800025607549,9.205621174397075
GS_w08_s0024,GS,finance,8,moving_average,none,36.799650355747794,39.18550050589496,10.650544539568006
GS_w08_s0024,GS,finance,8,linear_trend,none,64.56632764965049,66.46773499557933,18.782244178726636
GS_w08_s0025,GS,finance,8,naive,none,9.888332911900111,11.03088291166943,3.0704344129473005
GS_w08_s0025,GS,finance,8,moving_average,none,18.24064178466799,19.93778613126269,5.680690188572032
GS_w08_s0025,GS,finance,8,linear_trend,none,71.16699493948047,73.54237708217096,21.983495288603834
GS_w08_s0026,GS,finance,8,naive,none,12.221153259277344,14.17051138563186,3.6004329138973787
GS_w08_s0026,GS,finance,8,moving_average,none,8.614548819405696,9.518908367730706,2.565270779186417
GS_w08_s0026,GS,finance,8,linear_trend,none,29.42476337016731,31.882070137430205,8.710698758004968
GS_w08_s0027,GS,finance,8,naive,none,21.023993355887278,23.274225654986235,7.093070674792888
GS_w08_s0027,GS,finance,8,moving_average,none,28.496056692940847,31.27497353987338,9.615587672259803
GS_w08_s0027,GS,finance,8,linear_trend,none,43.2084355287084,45.7480314884254,14.51302411834415
GS_w08_s0028,GS,finance,8,naive,none,6.876279558454241,8.19603284032619,2.2070317733230427
GS_w08_s0028,GS,finance,8,moving_average,none,8.447497558593764,10.266523575057835,2.6999746026515132
GS_w08_s0028,GS,finance,8,linear_trend,none,43.20379481646625,44.01908685347053,14.02676478593759
GS_w08_s0029,GS,finance,8,naive,none,6.900051661900112,8.64553473126837,2.23567544694723
GS_w08_s0029,GS,finance,8,moving_average,none,6.923700169154578,8.751859304508482,2.240792822400287
GS_w08_s0029,GS,finance,8,linear_trend,none,7.993291207965082,9.230165224139533,2.641156282915925
GS_w08_s0030,GS,finance,8,naive,none,18.769893101283483,22.08007001225313,5.740061312931345
GS_w08_s0030,GS,finance,8,moving_average,none,22.55299290248325,26.25821768766075,6.895558074380655
GS_w08_s0030,GS,finance,8,linear_trend,none,14.993258055577286,17.516501396348232,4.605179370514747
GS_w08_s0031,GS,finance,8,naive,none,10.200044904436384,11.653355254659672,3.3330045150111327
GS_w08_s0031,GS,finance,8,moving_average,none,15.83572213309154,17.633880943207505,5.173294750634354
GS_w08_s0031,GS,finance,8,linear_trend,none,34.92694483245549,35.75331313924351,11.307605154260171
GS_w08_s0032,GS,finance,8,naive,none,24.360145568847656,26.435390941889967,8.432041544424361
GS_w08_s0032,GS,finance,8,moving_average,none,29.178614807128895,30.93226089664174,10.075745857206972
GS_w08_s0032,GS,finance,8,linear_trend,none,7.47308211908106,8.963424804713364,2.5992573035557656
GS_w08_s0033,GS,finance,8,naive,none,31.549271719796316,33.73128479295342,9.865472501582584
GS_w08_s0033,GS,finance,8,moving_average,none,35.416141836983805,37.37306691122827,11.092713130704277
GS_w08_s0033,GS,finance,8,linear_trend,none,49.74082325465299,53.457205224417464,15.548574755992858
GS_w08_s0034,GS,finance,8,naive,none,27.12464577811105,28.43511354539441,7.458367429634897
GS_w08_s0034,GS,finance,8,moving_average,none,31.99600808279857,33.11425383405139,8.808384884404568
GS_w08_s0034,GS,finance,8,linear_trend,none,10.641181014364363,12.443222752542626,2.9300823358605532
GS_w08_s0035,GS,finance,8,naive,none,3.730886186872214,4.473453284514422,1.0162405322382302
GS_w08_s0035,GS,finance,8,moving_average,none,5.516221182686926,6.676433421858156,1.4907756843165378
GS_w08_s0035,GS,finance,8,linear_trend,none,28.70439225735919,29.88191691815136,7.808684915271701
GS_w08_s0036,GS,finance,8,naive,none,11.801206316266777,15.32713044955475,3.0129062559061506
GS_w08_s0036,GS,finance,8,moving_average,none,11.259164428710932,14.58722351173771,2.8754882987526402
GS_w08_s0036,GS,finance,8,linear_trend,none,10.006399525499528,12.960204247366068,2.5562384040328205
GS_w08_s0037,GS,finance,8,naive,none,35.661047799246646,41.727607134105774,8.312572881581017
GS_w08_s0037,GS,finance,8,moving_average,none,29.756641496930797,35.502542206714814,6.928659298804851
GS_w08_s0037,GS,finance,8,linear_trend,none,16.44452880965706,19.513593586916603,3.8713068752912716
GS_w08_s0038,GS,finance,8,naive,none,12.316926138741636,13.371059141588258,2.8227492382394326
GS_w08_s0038,GS,finance,8,moving_average,none,8.56380942208426,9.891171602989346,1.9661203919990895
GS_w08_s0038,GS,finance,8,linear_trend,none,27.1076802889932,30.677296222561733,6.19507123594298
GS_w08_s0039,GS,finance,8,naive,none,19.11084856305804,22.501640821925886,4.022232997456083
GS_w08_s0039,GS,finance,8,moving_average,none,27.15302821568081,29.99597339330274,5.737135055381789
GS_w08_s0039,GS,finance,8,linear_trend,none,26.557555100464718,29.40985849503631,5.610411213879534
GS_w08_s0040,GS,finance,8,naive,none,12.242312840052977,14.255653410866595,2.5400854160148167
GS_w08_s0040,GS,finance,8,moving_average,none,15.224853733607697,17.440145130499392,3.153556044696009
GS_w08_s0040,GS,finance,8,linear_trend,none,17.319922143695397,23.25939181047499,3.6947360693614937
GS_w08_s0041,GS,finance,8,naive,none,13.68725149972098,17.119552928442133,2.721704782696121
GS_w08_s0041,GS,finance,8,moving_average,none,17.48656311035158,21.837800263931182,3.471424175068415
GS_w08_s0041,GS,finance,8,linear_trend,none,18.89864074044494,23.135560593535153,3.7557082956405954
GS_w08_s0042,GS,finance,8,naive,none,60.6916743687221,65.00979237463147,10.504180707556202
GS_w08_s0042,GS,finance,8,moving_average,none,62.61847272600445,67.2428226329192,10.832311405796567
GS_w08_s0042,GS,finance,8,linear_trend,none,40.53723559618574,43.0461507713588,7.04607224247186
GS_w12_s0000,GS,finance,12,naive,none,15.34667478288923,16.743438815296475,9.977701517923196
GS_w12_s0000,GS,finance,12,moving_average,none,18.362712206159326,20.144680215645426,11.872967607724647
GS_w12_s0000,GS,finance,12,linear_trend,none,34.030681273392084,38.77317302761168,21.929799348866503
GS_w12_s0001,GS,finance,12,naive,none,15.134609222412106,18.606702236269925,8.4491956269515
GS_w12_s0001,GS,finance,12,moving_average,none,17.102397264753062,21.198714989850824,9.50172522397716
GS_w12_s0001,GS,finance,12,linear_trend,none,43.875850494152175,47.764481726470606,24.986902342953623
GS_w12_s0002,GS,finance,12,naive,none,4.986703600202285,6.043288534239733,2.8294043292652216
GS_w12_s0002,GS,finance,12,moving_average,none,4.539474160330633,5.720325307708173,2.546148745510864
GS_w12_s0002,GS,finance,12,linear_trend,none,16.977814238868813,18.278568618957557,9.59777397947167
GS_w12_s0003,GS,finance,12,naive,none,4.16522652762277,5.036014157232698,2.2909800984298934
GS_w12_s0003,GS,finance,12,moving_average,none,3.5133721487862783,4.232063898676484,1.936518294401805
GS_w12_s0003,GS,finance,12,linear_trend,none,13.40043100706759,13.830040068140189,7.474821375376497
GS_w12_s0004,GS,finance,12,naive,none,9.227103642054967,10.526180051411625,5.325764222204618
GS_w12_s0004,GS,finance,12,moving_average,none,7.098219408307765,8.271509457345916,4.097569713525014
GS_w12_s0004,GS,finance,12,linear_trend,none,6.880233988556673,8.095916955590653,3.9754525610903597
GS_w12_s0005,GS,finance,12,naive,none,9.882261003766738,11.496868793145115,5.365225589388323
GS_w12_s0005,GS,finance,12,moving_average,none,10.115706089564728,11.533158567431544,5.54044375301981
GS_w12_s0005,GS,finance,12,linear_trend,none,10.342561950671483,12.991950369513166,5.463607629538506
GS_w12_s0006,GS,finance,12,naive,none,11.234742300851007,15.515887478483805,4.904463882627121
GS_w12_s0006,GS,finance,12,moving_average,none,18.902007402692522,22.179296292769287,8.386452677171684
GS_w12_s0006,GS,finance,12,linear_trend,none,25.87024402301689,27.553549134652542,11.628594765492563
GS_w12_s0007,GS,finance,12,naive,none,10.290083748953666,12.100031030411971,3.9167238745163
GS_w12_s0007,GS,finance,12,moving_average,none,21.55019465855189,23.741625233565923,8.179653930036997
GS_w12_s0007,GS,finance,12,linear_trend,none,12.541089637758457,15.459164865765981,4.794004861107016
GS_w12_s0008,GS,finance,12,naive,none,18.1135744367327,20.194342037950655,6.067190979770165
GS_w12_s0008,GS,finance,12,moving_average,none,22.541917855398985,24.378418848387827,7.5694645092428665
GS_w12_s0008,GS,finance,12,linear_trend,none,7.502995340994382,9.207350431801625,2.5381840760347534
GS_w12_s0009,GS,finance,12,naive,none,12.669490269252233,16.49582275274724,4.087636228622147
GS_w12_s0009,GS,finance,12,moving_average,none,10.64350149972097,14.525176512985077,3.424288562289142
GS_w12_s0009,GS,finance,12,linear_trend,none,20.899937161989303,21.45929580378548,6.974824083259724
GS_w12_s0010,GS,finance,12,naive,none,7.514113289969308,9.298680230928925,2.2606959543950778
GS_w12_s0010,GS,finance,12,moving_average,none,12.092948477608834,14.95706495391526,3.5940061570173363
GS_w12_s0010,GS,finance,12,linear_trend,none,12.029918902840139,14.051536629859351,3.5919780230953955
GS_w12_s0011,GS,finance,12,naive,none,8.683056422642299,9.630563833988317,2.6262992621831933
GS_w12_s0011,GS,finance,12,moving_average,none,5.360573250906806,7.065607726065606,1.6557472058648142
GS_w12_s0011,GS,finance,12,linear_trend,none,28.125156031096644,29.161492905950475,8.589149201900211
GS_w12_s0012,GS,finance,12,naive,none,24.9093747820173,27.81268485113003,6.845385220543847
GS_w12_s0012,GS,finance,12,moving_average,none,24.8061032976423,27.720231734431415,6.816495322253552
GS_w12_s0012,GS,finance,12,linear_trend,none,23.622200983610007,26.299926741494406,6.493514691619154
GS_w12_s0013,GS,finance,12,naive,none,16.9787586757115,19.068663228963548,4.916778649971059
GS_w12_s0013,GS,finance,12,moving_average,none,19.071049935477106,20.953296084698444,5.515106148680111
GS_w12_s0013,GS,finance,12,linear_trend,none,31.697604176058718,34.44378962971658,9.147446414509828
GS_w12_s0014,GS,finance,12,naive,none,6.187133789062498,7.755256757696168,1.7030534126330314
GS_w12_s0014,GS,finance,12,moving_average,none,14.629712350027889,16.321312496436313,3.9783642856077863
GS_w12_s0014,GS,finance,12,linear_trend,none,11.34568236130484,12.883669000559758,3.0857694226352863
GS_w12_s0015,GS,finance,12,naive,none,9.131201607840401,10.693867889992841,2.6463930120941495
GS_w12_s0015,GS,finance,12,moving_average,none,7.593213762555804,8.770219623859601,2.195124642974125
GS_w12_s0015,GS,finance,12,linear_trend,none,14.302497772595162,15.709999995535648,4.1384582462510355
GS_w12_s0016,GS,finance,12,naive,none,29.681273324148997,33.97993873392056,9.30269548852762
GS_w12_s0016,GS,finance,12,moving_average,none,26.46462903703962,30.382955413696905,8.29505207331692
GS_w12_s0016,GS,finance,12,linear_trend,none,16.81871127698934,20.033148061543077,5.250270288360559
GS_w12_s0017,GS,finance,12,naive,none,22.701771327427455,23.893183951083426,7.5213623162048675
GS_w12_s0017,GS,finance,12,moving_average,none,24.974049159458705,26.06179098482227,8.268215231423923
GS_w12_s0017,GS,finance,12,linear_trend,none,9.684623220295318,11.899995958958925,3.2263532591091213
GS_w12_s0018,GS,finance,12,naive,none,12.237774440220424,14.178011779382082,4.266291600320125
GS_w12_s0018,GS,finance,12,moving_average,none,13.903746468680245,15.858795645572652,4.844068271618008
GS_w12_s0018,GS,finance,12,linear_trend,none,11.736693794523958,13.63920102543403,3.989265347561368
GS_w12_s0019,GS,finance,12,naive,none,9.972562517438616,12.30060584769816,3.639616041967727
GS_w12_s0019,GS,finance,12,moving_average,none,10.321053641183036,12.925263535845946,3.786908539000925
GS_w12_s0019,GS,finance,12,linear_trend,none,10.506707928839644,12.393443270706522,3.7132557268632356
GS_w12_s0020,GS,finance,12,naive,none,16.299779074532644,20.613652602925455,5.726429938739578
GS_w12_s0020,GS,finance,12,moving_average,none,15.906006404331745,20.196866827671226,5.586714799993349
GS_w12_s0020,GS,finance,12,linear_trend,none,13.129976900825227,18.42701618020632,4.616252582536353
GS_w12_s0021,GS,finance,12,naive,none,10.265951974051339,12.949726454882313,3.2534453961923733
GS_w12_s0021,GS,finance,12,moving_average,none,14.779020908900659,16.809670520001315,4.711210356500243
GS_w12_s0021,GS,finance,12,linear_trend,none,34.2499747269581,35.1734016648354,11.005256342799306
GS_w12_s0022,GS,finance,12,naive,none,19.082494463239396,22.344492882799056,6.882434615991746
GS_w12_s0022,GS,finance,12,moving_average,none,19.33129119873046,22.61503198780981,6.972463803980937
GS_w12_s0022,GS,finance,12,linear_trend,none,52.08696523163244,56.43034784823398,18.631728256973403
GS_w12_s0023,GS,finance,12,naive,none,45.72630419049944,51.09789780057246,13.557257279268972
GS_w12_s0023,GS,finance,12,moving_average,none,51.27333788190567,56.116445381614504,15.262945059469143
GS_w12_s0023,GS,finance,12,linear_trend,none,57.77409103266965,64.15178086894251,17.151022078733952
GS_w12_s0024,GS,finance,12,naive,none,27.009660993303573,30.08578558896061,8.370059471820845
GS_w12_s0024,GS,finance,12,moving_average,none,22.763230678013382,25.90644113919246,7.067457742092656
GS_w12_s0024,GS,finance,12,linear_trend,none,27.50376499472657,31.319885756048993,8.518502918837111
GS_w12_s0025,GS,finance,12,naive,none,13.532214573451451,16.166904242351826,3.9783291306359008
GS_w12_s0025,GS,finance,12,moving_average,none,15.461391993931361,17.894270157792754,4.553339152330129
GS_w12_s0025,GS,finance,12,linear_trend,none,12.903860313936336,14.811179934321242,3.920951607257058
GS_w12_s0026,GS,finance,12,naive,none,30.071495056152344,35.547191059722124,10.061514081472112
GS_w12_s0026,GS,finance,12,moving_average,none,32.03107147216798,37.21958512637301,10.692995596520372
GS_w12_s0026,GS,finance,12,linear_trend,none,20.276175959374395,25.271111035587772,6.822017969660986
GS_w12_s0027,GS,finance,12,naive,none,10.315624782017299,12.399733563233095,3.297669840260379
GS_w12_s0027,GS,finance,12,moving_average,none,13.751647731236037,15.376901284713025,4.412651673603351
GS_w12_s0027,GS,finance,12,linear_trend,none,13.599763051027468,16.03061686493065,4.360266871912898
GS_w12_s0028,GS,finance,12,naive,none,6.664858136858259,8.724639237971983,2.1378148909155383
GS_w12_s0028,GS,finance,12,moving_average,none,6.481277029854908,8.329887268883315,2.0827127128978873
GS_w12_s0028,GS,finance,12,linear_trend,none,14.657490552047934,18.115920418630676,4.706050449312453
GS_w12_s0029,GS,finance,12,naive,none,13.244295392717634,15.116038184698713,4.217187003607963
GS_w12_s0029,GS,finance,12,moving_average,none,15.219809395926347,16.277245364133595,4.946956010385349
GS_w12_s0029,GS,finance,12,linear_trend,none,13.178267438501392,14.31352585705898,4.237065133008859
GS_w12_s0030,GS,finance,12,naive,none,20.626695905412948,23.27002237912255,6.7233113161148435
GS_w12_s0030,GS,finance,12,moving_average,none,20.047440883091536,22.69798134674971,6.536315042802646
GS_w12_s0030,GS,finance,12,linear_trend,none,15.946305669604016,17.65282302018132,5.168772033139396
GS_w12_s0031,GS,finance,12,naive,none,10.296332223074776,12.014379495489544,3.408776778485522
GS_w12_s0031,GS,finance,12,moving_average,none,10.00461600167411,11.71959777531465,3.2974990959925843
GS_w12_s0031,GS,finance,12,linear_trend,none,14.194672411979196,16.575009071048058,4.765523256712469
GS_w12_s0032,GS,finance,12,naive,none,19.281414576939174,23.29437720081221,6.178712746324095
GS_w12_s0032,GS,finance,12,moving_average,none,16.928145272391184,19.003304697066344,5.495267561276005
GS_w12_s0032,GS,finance,12,linear_trend,none,22.7175946815705,26.57846997400143,7.319336322135703
GS_w12_s0033,GS,finance,12,naive,none,32.654344831194194,36.8173432409933,9.073766679989753
GS_w12_s0033,GS,finance,12,moving_average,none,32.67886875697543,36.83909594718906,9.080762080372025
GS_w12_s0033,GS,finance,12,linear_trend,none,48.032042849235616,50.94757617734699,13.460486675698272
GS_w12_s0034,GS,finance,12,naive,none,2.94960348946708,3.6730589791724904,0.8116693139174896
GS_w12_s0034,GS,finance,12,moving_average,none,3.2022450038365053,4.057421744899422,0.8829413229043045
GS_w12_s0034,GS,finance,12,linear_trend,none,33.80705284282491,35.94742858896663,9.275653257852817
GS_w12_s0035,GS,finance,12,naive,none,12.147784641810762,15.582152616780139,3.149872063086557
GS_w12_s0035,GS,finance,12,moving_average,none,14.323620823451467,17.332077831663092,3.725651239450357
GS_w12_s0035,GS,finance,12,linear_trend,none,9.984927265098221,11.407070444985576,2.6682199780635694
GS_w12_s0036,GS,finance,12,naive,none,13.761462620326444,16.828589039451433,3.3793489696463994
GS_w12_s0036,GS,finance,12,moving_average,none,13.89812861851283,17.451809084257004,3.397515709383055
GS_w12_s0036,GS,finance,12,linear_trend,none,13.814310325556237,17.043894819739023,3.3623063413738734
GS_w12_s0037,GS,finance,12,naive,none,5.024890354701461,6.028775183230983,1.1386711299532446
GS_w12_s0037,GS,finance,12,moving_average,none,12.23104008265905,13.363234269800106,2.7690026654637627
GS_w12_s0037,GS,finance,12,linear_trend,none,13.231182629899434,15.678253277911974,2.996254403490305
GS_w12_s0038,GS,finance,12,naive,none,21.549988882882257,26.07833141554029,4.56481598832537
GS_w12_s0038,GS,finance,12,moving_average,none,26.212111336844313,30.94706228275716,5.557476150096765
GS_w12_s0038,GS,finance,12,linear_trend,none,10.076003173126354,11.801668951994081,2.2243591532449964
GS_w12_s0039,GS,finance,12,naive,none,16.182078770228788,20.613364779428824,3.4849722305718998
GS_w12_s0039,GS,finance,12,moving_average,none,11.108886718749986,14.860940881454619,2.3897293403400184
GS_w12_s0039,GS,finance,12,linear_trend,none,11.195727834470746,15.003390360445579,2.407384988883345
GS_w12_s0040,GS,finance,12,naive,none,30.88202667236328,34.48932402852256,6.287295094456279
GS_w12_s0040,GS,finance,12,moving_average,none,17.3824486868722,21.97148361867214,3.513770693712384
GS_w12_s0040,GS,finance,12,linear_trend,none,16.178436022389455,18.474762799268817,3.3985444635013677
GS_w12_s0041,GS,finance,12,naive,none,39.86372811453683,48.74284990858028,7.002185766443024
GS_w12_s0041,GS,finance,12,moving_average,none,40.17318943568638,50.06545662242429,7.036039854432051
GS_w12_s0041,GS,finance,12,linear_trend,none,48.34058314602935,58.777127343487344,8.489205295707807
JPM_w04_s0000,JPM,finance,4,naive,none,8.992730549403598,13.877219616188343,9.752597983628215
JPM_w04_s0000,JPM,finance,4,moving_average,none,8.81930569240025,13.0081436763995,9.46254587774167
JPM_w04_s0000,JPM,finance,4,linear_trend,none,7.735874104320554,10.77604477438549,8.168344587183087
JPM_w04_s0001,JPM,finance,4,naive,none,5.42247554234096,6.403472008689692,7.2824511319268455
JPM_w04_s0001,JPM,finance,4,moving_average,none,9.736199188232417,10.754674272814292,13.076377527994174
JPM_w04_s0001,JPM,finance,4,linear_trend,none,21.98753042702515,27.09332335328132,28.018890338382697
JPM_w04_s0002,JPM,finance,4,naive,none,3.4398599352155412,4.493385450065616,4.244152889600382
JPM_w04_s0002,JPM,finance,4,moving_average,none,2.8830952780587333,3.7847814482130078,3.591799891802145
JPM_w04_s0002,JPM,finance,4,linear_trend,none,3.7192635201229836,4.5057488214249775,4.851502894821095
JPM_w04_s0003,JPM,finance,4,naive,none,3.8225896017892027,4.988791325208552,4.416114972113645
JPM_w04_s0003,JPM,finance,4,moving_average,none,3.821614565168109,4.989348363850427,4.41459830378919
JPM_w04_s0003,JPM,finance,4,linear_trend,none,7.000948759871831,8.093340996109463,8.335815524811055
JPM_w04_s0004,JPM,finance,4,naive,none,2.2913831983293806,2.8490793869215856,2.65010288990939
JPM_w04_s0004,JPM,finance,4,moving_average,none,4.5085054125104636,4.841644619322429,5.251028281037618
JPM_w04_s0004,JPM,finance,4,linear_trend,none,11.172615191811019,11.783239373166742,13.052790193269951
JPM_w04_s0005,JPM,finance,4,naive,none,2.2131873539515903,2.6279666787869322,2.618562391703283
JPM_w04_s0005,JPM,finance,4,moving_average,none,2.138695580618723,2.9117854913565746,2.5738886289474237
JPM_w04_s0005,JPM,finance,4,linear_trend,none,4.367021322199152,5.647687018085642,5.259356862806172
JPM_w04_s0006,JPM,finance,4,naive,none,4.952406474522182,5.3585589009705075,5.631378766868112
JPM_w04_s0006,JPM,finance,4,moving_average,none,6.050424357822966,6.387132260726911,6.892246099849621
JPM_w04_s0006,JPM,finance,4,linear_trend,none,12.309916999644807,13.143843580405354,14.041257386024785
JPM_w04_s0007,JPM,finance,4,naive,none,13.761464800153458,13.985320899072798,13.267892338546364
JPM_w04_s0007,JPM,finance,4,moving_average,none,14.384311785016745,14.598620233869752,13.871054768254416
JPM_w04_s0007,JPM,finance,4,linear_trend,none,15.409054642870915,15.60178525421174,14.86455222435829
JPM_w04_s0008,JPM,finance,4,naive,none,10.279529571533216,11.739054530405832,8.763748133944969
JPM_w04_s0008,JPM,finance,4,moving_average,none,10.25207170758928,11.713262232168265,8.739860692918477
JPM_w04_s0008,JPM,finance,4,linear_trend,none,7.64481966692703,9.176287638847144,6.4851509509540355
JPM_w04_s0009,JPM,finance,4,naive,none,14.888478415352958,16.065144295565553,11.462286285880499
JPM_w04_s0009,JPM,finance,4,moving_average,none,13.691674259730744,14.937103156171835,10.52501672953268
JPM_w04_s0009,JPM,finance,4,linear_trend,none,10.03372715213501,11.311281389936742,7.687790410176953
JPM_w04_s0010,JPM,finance,4,naive,none,1.5462145124162947,1.897789059137846,1.1523320908322843
JPM_w04_s0010,JPM,finance,4,moving_average,none,1.6749256678989977,1.9955659511548587,1.2383606391000817
JPM_w04_s0010,JPM,finance,4,linear_trend,none,8.961110753224304,10.237433587803785,6.674112350970314
JPM_w04_s0011,JPM,finance,4,naive,none,7.459914071219308,8.523082372045241,5.243610029554356
JPM_w04_s0011,JPM,finance,4,moving_average,none,6.755494253976001,7.755477134489167,4.74901235450377
JPM_w04_s0011,JPM,finance,4,linear_trend,none,6.177024243085382,7.088681549460147,4.346426663130776
JPM_w04_s0012,JPM,finance,4,naive,none,8.066546848842076,9.283924660363473,5.949181991781344
JPM_w04_s0012,JPM,finance,4,moving_average,none,6.624123491559702,7.538331685195214,4.878602524411059
JPM_w04_s0012,JPM,finance,4,linear_trend,none,11.400513351719054,12.962504749104292,8.392649859164528
JPM_w04_s0013,JPM,finance,4,naive,none,3.9931607927594865,4.614906599134232,2.9560810545023375
JPM_w04_s0013,JPM,finance,4,moving_average,none,2.7480383736746643,3.2374647163075108,2.0036067971476434
JPM_w04_s0013,JPM,finance,4,linear_trend,none,3.1371105214578887,3.727633826929372,2.3223643911788603
JPM_w04_s0014,JPM,finance,4,naive,none,4.7633481706891745,5.510767343110538,3.330440484885873
JPM_w04_s0014,JPM,finance,4,moving_average,none,2.84571685791015,3.6642979634214674,1.9889240629409437
JPM_w04_s0014,JPM,finance,4,linear_trend,none,5.841848589347078,6.936015206588386,4.16785632845011
JPM_w04_s0015,JPM,finance,4,naive,none,3.386256081717355,3.7469084696396187,2.2451649787184724
JPM_w04_s0015,JPM,finance,4,moving_average,none,4.294397735595699,4.697979081701251,2.8449078302212385
JPM_w04_s0015,JPM,finance,4,linear_trend,none,3.7526762318022113,4.2041810387633936,2.4897988090297285
JPM_w04_s0016,JPM,finance,4,naive,none,6.006372179303851,6.789656703889735,4.199074762164508
JPM_w04_s0016,JPM,finance,4,moving_average,none,6.202560533796044,6.963812790114607,4.334676858373916
JPM_w04_s0016,JPM,finance,4,linear_trend,none,11.214435279100444,12.231754604268035,7.822924831947163
JPM_w04_s0017,JPM,finance,4,naive,none,5.948723929268973,7.0961953812191405,4.22692514545336
JPM_w04_s0017,JPM,finance,4,moving_average,none,5.832927594866072,7.102904783262338,4.188854350502426
JPM_w04_s0017,JPM,finance,4,linear_trend,none,5.492034628567963,7.543126520022662,3.7682753161769478
JPM_w04_s0018,JPM,finance,4,naive,none,6.737297875540597,7.833186113125232,5.2759529047543605
JPM_w04_s0018,JPM,finance,4,moving_average,none,6.825981085641047,7.830765952631628,5.330931303879245
JPM_w04_s0018,JPM,finance,4,linear_trend,none,18.083011354718895,18.86282041213601,13.808703719012
JPM_w04_s0019,JPM,finance,4,naive,none,4.265926088605611,5.259256447907012,3.4425011723728147
JPM_w04_s0019,JPM,finance,4,moving_average,none,4.506982803344729,5.5003072597495155,3.6353772978644963
JPM_w04_s0019,JPM,finance,4,linear_trend,none,25.155723996269973,27.012235778924698,20.745842878334916
JPM_w04_s0020,JPM,finance,4,naive,none,7.510530471801758,8.419295241477919,6.864895623549051
JPM_w04_s0020,JPM,finance,4,moving_average,none,5.566901343209409,6.381180211286539,5.092854378964463
JPM_w04_s0020,JPM,finance,4,linear_trend,none,5.516807846249644,8.151188708107313,4.83379704948743
JPM_w04_s0021,JPM,finance,4,naive,none,12.392213276454397,13.699231762642944,11.884410633272365
JPM_w04_s0021,JPM,finance,4,moving_average,none,10.095623397827154,11.366397791727161,9.70262450304087
JPM_w04_s0021,JPM,finance,4,linear_trend,none,12.80573211120868,14.37526459096571,12.290269111093476
JPM_w04_s0022,JPM,finance,4,naive,none,3.2297447749546686,4.381561036027491,2.982670315507354
JPM_w04_s0022,JPM,finance,4,moving_average,none,3.0265587397984106,4.173220234789122,2.795691834989243
JPM_w04_s0022,JPM,finance,4,linear_trend,none,3.492311862408794,4.73043448970041,3.2250036376927866
JPM_w04_s0023,JPM,finance,4,naive,none,4.089358466012136,5.313492538729918,4.041830834458553
JPM_w04_s0023,JPM,finance,4,moving_average,none,6.8082109178815555,7.691682995616733,6.661419213339246
JPM_w04_s0023,JPM,finance,4,linear_trend,none,13.451021842669721,14.909614809839484,13.11548306221437
JPM_w04_s0024,JPM,finance,4,naive,none,11.703655515398296,14.21010813412561,10.301938777974494
JPM_w04_s0024,JPM,finance,4,moving_average,none,11.052289199829103,13.480922556774354,9.728391063398568
JPM_w04_s0024,JPM,finance,4,linear_trend,none,16.45765614043501,20.400994583662403,14.435120801196444
JPM_w04_s0025,JPM,finance,4,naive,none,2.3555278778076074,2.8219542531617363,1.9000467352980852
JPM_w04_s0025,JPM,finance,4,moving_average,none,3.694461877005437,4.221771942815381,2.98050423294771
JPM_w04_s0025,JPM,finance,4,linear_trend,none,16.273477405175235,19.091681422306973,13.321715950117158
JPM_w04_s0026,JPM,finance,4,naive,none,6.483874729701449,7.366211187041459,5.067464462390206
JPM_w04_s0026,JPM,finance,4,moving_average,none,5.363083975655692,6.317608427645252,4.181965214111489
JPM_w04_s0026,JPM,finance,4,linear_trend,none,9.636857880327051,11.049003197533024,7.5300885322702555
JPM_w04_s0027,JPM,finance,4,naive,none,2.4225668225969588,3.196210521961445,1.889622721936573
JPM_w04_s0027,JPM,finance,4,moving_average,none,2.4908756256103533,3.2299773049912255,1.9388078920226017
JPM_w04_s0027,JPM,finance,4,linear_trend,none,2.631650210092713,4.32229291821298,2.086609450588677
JPM_w04_s0028,JPM,finance,4,naive,none,3.993165969848632,5.087263331821687,3.199887569692185
JPM_w04_s0028,JPM,finance,4,moving_average,none,5.421149826049805,5.680324575814876,4.449118830674065
JPM_w04_s0028,JPM,finance,4,linear_trend,none,5.647036928777155,8.046735443221948,4.486108752513601
JPM_w04_s0029,JPM,finance,4,naive,none,3.363175528390069,3.710833088461467,2.644926357294637
JPM_w04_s0029,JPM,finance,4,moving_average,none,3.5412724086216434,3.895009984746457,2.7847516436457416
JPM_w04_s0029,JPM,finance,4,linear_trend,none,14.198713457494762,15.827884577552132,11.129506056567969
JPM_w04_s0030,JPM,finance,4,naive,none,4.819353921072824,5.682225038542892,3.5666467022006545
JPM_w04_s0030,JPM,finance,4,moving_average,none,5.667350442068915,6.417193327717539,4.203074521463139
JPM_w04_s0030,JPM,finance,4,linear_trend,none,4.219929665013353,4.978284376918651,3.1232931776053983
JPM_w04_s0031,JPM,finance,4,naive,none,5.083598545619419,5.735148418255303,3.473480093696969
JPM_w04_s0031,JPM,finance,4,moving_average,none,6.887190900530139,7.47918483198064,4.7133722645660825
JPM_w04_s0031,JPM,finance,4,linear_trend,none,4.901404287172312,5.556745559704499,3.3999216329176027
JPM_w04_s0032,JPM,finance,4,naive,none,1.3218585423060827,1.5763104356147177,0.9581454657777955
JPM_w04_s0032,JPM,finance,4,moving_average,none,2.077497972760889,2.533985309501735,1.51897446606235
JPM_w04_s0032,JPM,finance,4,linear_trend,none,5.4241366270661615,6.729482958559949,3.9279838321628846
JPM_w04_s0033,JPM,finance,4,naive,none,2.4319566999162947,2.924410227483197,1.7965548453548117
JPM_w04_s0033,JPM,finance,4,moving_average,none,2.430554199218751,3.1177709801267124,1.8154517665346346
JPM_w04_s0033,JPM,finance,4,linear_trend,none,3.166808408415544,4.073451496296349,2.374734190680932
JPM_w04_s0034,JPM,finance,4,naive,none,11.514635903494698,12.7751683018128,7.642087305837965
JPM_w04_s0034,JPM,finance,4,moving_average,none,11.770391518729062,13.00616014255408,7.814902135284172
JPM_w04_s0034,JPM,finance,4,linear_trend,none,17.801012885301645,19.16175995485679,11.85098940525421
JPM_w04_s0035,JPM,finance,4,naive,none,4.589194161551339,5.130826162851556,2.8072265713611535
JPM_w04_s0035,JPM,finance,4,moving_average,none,5.024960763113845,5.524029754791225,3.0756751872922687
JPM_w04_s0035,JPM,finance,4,linear_trend,none,6.0015363576460965,7.669528867545226,3.6842275074720376
JPM_w04_s0036,JPM,finance,4,naive,none,7.853103092738559,9.498698057312392,4.437040492725603
JPM_w04_s0036,JPM,finance,4,moving_average,none,7.7158502851213715,9.385541125647356,4.357829740936317
JPM_w04_s0036,JPM,finance,4,linear_trend,none,6.344369145443584,7.514507031408297,3.5899370028044655
JPM_w04_s0037,JPM,finance,4,naive,none,5.518884386335108,6.068013677761409,3.001894418519881
JPM_w04_s0037,JPM,finance,4,moving_average,none,6.463487134660993,7.035796706413729,3.4847779331451183
JPM_w04_s0037,JPM,finance,4,linear_trend,none,7.97136552116157,11.83340416309705,4.460779903813032
JPM_w04_s0038,JPM,finance,4,naive,none,4.910533905029313,6.109354691734034,2.561356132075637
JPM_w04_s0038,JPM,finance,4,moving_average,none,10.822644587925513,11.511804988760908,5.689049339440633
JPM_w04_s0038,JPM,finance,4,linear_trend,none,24.36064375683778,26.28676918887632,12.804523323908109
JPM_w04_s0039,JPM,finance,4,naive,none,4.9743172781807985,5.467905014037824,2.5837645273033183
JPM_w04_s0039,JPM,finance,4,moving_average,none,4.657535661969865,5.453356478828782,2.400297031403191
JPM_w04_s0039,JPM,finance,4,linear_trend,none,4.984224632910569,6.065830759654971,2.634919374255306
JPM_w04_s0040,JPM,finance,4,naive,none,3.969278608049664,5.303048384754287,1.994977233542839
JPM_w04_s0040,JPM,finance,4,moving_average,none,4.654544285365515,5.547729356624305,2.3107536295105207
JPM_w04_s0040,JPM,finance,4,linear_trend,none,13.41030687604634,15.42588539919333,6.707800023806157
JPM_w04_s0041,JPM,finance,4,naive,none,5.921727316720145,6.611901141548851,2.915167047426969
JPM_w04_s0041,JPM,finance,4,moving_average,none,5.4821407863072,5.916867078970953,2.6831916799028126
JPM_w04_s0041,JPM,finance,4,linear_trend,none,8.669775358665122,9.404128251749713,4.259706665912381
JPM_w04_s0042,JPM,finance,4,naive,none,16.43740572248186,18.468389381701574,7.464345725885748
JPM_w04_s0042,JPM,finance,4,moving_average,none,14.822553471156514,16.953686316329733,6.721184972862877
JPM_w04_s0042,JPM,finance,4,linear_trend,none,17.17863579083207,19.458291048718877,7.795733362623358
JPM_w04_s0043,JPM,finance,4,naive,none,4.965587071010046,5.925943395230944,2.0919409994411833
JPM_w04_s0043,JPM,finance,4,moving_average,none,7.319689287458144,8.11922023000678,3.080120849106178
JPM_w04_s0043,JPM,finance,4,linear_trend,none,7.194245141149208,8.714658451246766,3.0769505248504405
JPM_w08_s0000,JPM,finance,8,naive,none,18.338318961007253,20.129263938966343,24.22994522676307
JPM_w08_s0000,JPM,finance,8,moving_average,none,24.829400961739672,26.592471043681417,32.5795621300987
JPM_w08_s0000,JPM,finance,8,linear_trend,none,27.351056759429664,28.66575542442152,35.62615090017549
JPM_w08_s0001,JPM,finance,8,naive,none,3.453881399972098,4.084331383043645,4.48401305597929
JPM_w08_s0001,JPM,finance,8,moving_average,none,3.154159872872486,4.159507208934173,3.9170613502303815
JPM_w08_s0001,JPM,finance,8,linear_trend,none,32.504892235650864,33.71511931021132,41.72313525558739
JPM_w08_s0002,JPM,finance,8,naive,none,9.194103785923549,10.501266160688868,10.521157272073454
JPM_w08_s0002,JPM,finance,8,moving_average,none,10.35152260916573,11.528185758364787,11.889512117169767
JPM_w08_s0002,JPM,finance,8,linear_trend,none,8.157533445335272,9.55342791922346,9.303629362158397
JPM_w08_s0003,JPM,finance,8,naive,none,3.957801273890904,4.460314714511838,4.6907108578226895
JPM_w08_s0003,JPM,finance,8,moving_average,none,2.6691737583705373,2.9411171027356526,3.17617892949353
JPM_w08_s0003,JPM,finance,8,linear_trend,none,7.927986879075257,8.174393250262819,9.554738946582793
JPM_w08_s0004,JPM,finance,8,naive,none,1.491356440952846,1.8402276448753707,1.7042686666517828
JPM_w08_s0004,JPM,finance,8,moving_average,none,3.01849365234375,3.3756995504747964,3.452049749269375
JPM_w08_s0004,JPM,finance,8,linear_trend,none,2.356477322421227,2.7870236276465747,2.6895558161959605
JPM_w08_s0005,JPM,finance,8,naive,none,2.719160897391183,3.065029687452904,3.1855476988769422
JPM_w08_s0005,JPM,finance,8,moving_average,none,2.5083372933523997,3.125868110935813,2.990279038750349
JPM_w08_s0005,JPM,finance,8,linear_trend,none,3.036535760475142,3.8572245763089845,3.6526025461037746
JPM_w08_s0006,JPM,finance,8,naive,none,12.371230806623185,14.13210303228592,12.094620984582235
JPM_w08_s0006,JPM,finance,8,moving_average,none,11.140719985961908,12.693201063642185,10.91211926534862
JPM_w08_s0006,JPM,finance,8,linear_trend,none,10.991798590437968,12.563391005950322,10.751828837134836
JPM_w08_s0007,JPM,finance,8,naive,none,6.2070285252162325,8.687254978635384,5.2829026745445
JPM_w08_s0007,JPM,finance,8,moving_average,none,6.355029732840403,8.916950482332389,5.403796804979545
JPM_w08_s0007,JPM,finance,8,linear_trend,none,5.063808906369096,5.840770095948511,4.688750847535729
JPM_w08_s0008,JPM,finance,8,naive,none,5.638606207711355,6.754754547292172,4.546571230052613
JPM_w08_s0008,JPM,finance,8,moving_average,none,5.55649528503418,6.573606552122168,4.5324515519287445
JPM_w08_s0008,JPM,finance,8,linear_trend,none,3.994083440837376,4.946864914883483,3.372822101611571
JPM_w08_s0009,JPM,finance,8,naive,none,2.7967545645577565,3.3016147732025356,2.060758155846472
JPM_w08_s0009,JPM,finance,8,moving_average,none,2.7637249537876625,3.270165294362829,2.0363112955983365
JPM_w08_s0009,JPM,finance,8,linear_trend,none,3.084345638895763,3.468372974991045,2.2927187382455974
JPM_w08_s0010,JPM,finance,8,naive,none,3.756867000034877,4.256123898332802,2.741009391054894
JPM_w08_s0010,JPM,finance,8,moving_average,none,3.617115020751953,4.348362775377259,2.608880008624011
JPM_w08_s0010,JPM,finance,8,linear_trend,none,3.749972746590141,4.586949944638855,2.7876966299029036
JPM_w08_s0011,JPM,finance,8,naive,none,4.4694671630859375,5.413717497613963,3.254426390498591
JPM_w08_s0011,JPM,finance,8,moving_average,none,4.6873995099748855,6.040145395586663,3.440214125724324
JPM_w08_s0011,JPM,finance,8,linear_trend,none,6.048533963173013,7.71518664643194,4.437434036841433
JPM_w08_s0012,JPM,finance,8,naive,none,1.890725816999163,2.287976020753131,1.3917970277870915
JPM_w08_s0012,JPM,finance,8,moving_average,none,1.9339158194405692,2.419087994542709,1.4155721601824744
JPM_w08_s0012,JPM,finance,8,linear_trend,none,2.502070087135326,3.2265447135772276,1.8295687514045706
JPM_w08_s0013,JPM,finance,8,naive,none,1.8987524850027901,2.282908303038456,1.3410668665668612
JPM_w08_s0013,JPM,finance,8,moving_average,none,3.9395760672432982,4.339419199623276,2.781387533506345
JPM_w08_s0013,JPM,finance,8,linear_trend,none,4.986997724301484,5.317016420924691,3.5251628786078
JPM_w08_s0014,JPM,finance,8,naive,none,8.41730717250279,9.028468830962991,5.64790151872937
JPM_w08_s0014,JPM,finance,8,moving_average,none,8.07463618687221,8.659063962360905,5.420348234254691
JPM_w08_s0014,JPM,finance,8,linear_trend,none,3.889901738715097,4.397546748664851,2.6392340428474306
JPM_w08_s0015,JPM,finance,8,naive,none,3.164966038295201,4.174953340307469,2.188450477015861
JPM_w08_s0015,JPM,finance,8,moving_average,none,4.481527056012835,5.66947882986409,3.0988270150397765
JPM_w08_s0015,JPM,finance,8,linear_trend,none,10.1823153830891,11.927380475252072,7.010733504543497
JPM_w08_s0016,JPM,finance,8,naive,none,4.190066746303013,4.5699749870602755,2.9290559221370556
JPM_w08_s0016,JPM,finance,8,moving_average,none,3.4198732648576993,4.384216704847492,2.3531220856829598
JPM_w08_s0016,JPM,finance,8,linear_trend,none,4.044464084335891,5.468137078979879,2.7626269957058396
JPM_w08_s0017,JPM,finance,8,naive,none,3.088160923549107,3.668212765248675,2.3165801402224844
JPM_w08_s0017,JPM,finance,8,moving_average,none,11.357581220354364,11.881037299937116,8.51341673501965
JPM_w08_s0017,JPM,finance,8,linear_trend,none,10.827918688371,11.354134166430681,8.117800351762938
JPM_w08_s0018,JPM,finance,8,naive,none,5.036878858293804,6.287644044050467,4.222837154013302
JPM_w08_s0018,JPM,finance,8,moving_average,none,9.619877624511727,10.359030046887762,7.978369773601955
JPM_w08_s0018,JPM,finance,8,linear_trend,none,4.968225551616475,6.628741508944545,4.157112316132889
JPM_w08_s0019,JPM,finance,8,naive,none,6.210484368460519,7.3064791099000885,5.6520811237609205
JPM_w08_s0019,JPM,finance,8,moving_average,none,7.651606151035854,8.776342719057961,6.951520981443396
JPM_w08_s0019,JPM,finance,8,linear_trend,none,2.011189135109509,2.328667716474798,1.7825062980314683
JPM_w08_s0020,JPM,finance,8,naive,none,5.797671726771766,6.426287257575225,5.176084955027243
JPM_w08_s0020,JPM,finance,8,moving_average,none,5.762814113071989,6.572735466070459,5.119920256803376
JPM_w08_s0020,JPM,finance,8,linear_trend,none,12.023687990802575,12.919640335850286,10.773648897985195
JPM_w08_s0021,JPM,finance,8,naive,none,1.2134096963065022,1.641603690699636,1.1857468927012849
JPM_w08_s0021,JPM,finance,8,moving_average,none,1.3162735530308336,1.8402734414033424,1.2889905954263166
JPM_w08_s0021,JPM,finance,8,linear_trend,none,2.023804881111992,2.552991971160294,1.9695568731104087
JPM_w08_s0022,JPM,finance,8,naive,none,2.6550382886614052,3.406632359084754,2.4303333660710496
JPM_w08_s0022,JPM,finance,8,moving_average,none,3.2038809095110206,4.093673845785503,2.929525105599152
JPM_w08_s0022,JPM,finance,8,linear_trend,none,3.193869360354013,4.112057761107126,2.919449318819005
JPM_w08_s0023,JPM,finance,8,naive,none,7.053777422223781,7.969085227054845,7.050800842716448
JPM_w08_s0023,JPM,finance,8,moving_average,none,6.544864981515066,7.420805008699028,6.516731368145558
JPM_w08_s0023,JPM,finance,8,linear_trend,none,6.959560535178372,7.9070135857635835,6.971324878575048
JPM_w08_s0024,JPM,finance,8,naive,none,7.283715384347114,7.903933221195693,5.91480766397003
JPM_w08_s0024,JPM,finance,8,moving_average,none,8.567850821358814,9.10097347881011,6.968923656918445
JPM_w08_s0024,JPM,finance,8,linear_trend,none,15.565752493092287,15.799187724375017,12.721672863162542
JPM_w08_s0025,JPM,finance,8,naive,none,3.5996314457484644,4.779850169248387,2.833513206268323
JPM_w08_s0025,JPM,finance,8,moving_average,none,3.0138014112200042,3.9418863959482033,2.384098728441741
JPM_w08_s0025,JPM,finance,8,linear_trend,none,13.06382387846797,13.387122877759039,10.535151414418163
JPM_w08_s0026,JPM,finance,8,naive,none,5.496428353445871,5.809992739020091,4.196052143986576
JPM_w08_s0026,JPM,finance,8,moving_average,none,2.047916957310268,2.489458825191473,1.560990487821721
JPM_w08_s0026,JPM,finance,8,linear_trend,none,2.4547062965092468,2.76675934050164,1.8721833396848937
JPM_w08_s0027,JPM,finance,8,naive,none,10.565140042986188,11.438211591403588,8.828905861332304
JPM_w08_s0027,JPM,finance,8,moving_average,none,9.915416445050921,10.748430585183547,8.286384744346355
JPM_w08_s0027,JPM,finance,8,linear_trend,none,12.775908214801179,13.856919965065796,10.676456952414526
JPM_w08_s0028,JPM,finance,8,naive,none,8.144250597272599,8.685565509227697,6.300785013136317
JPM_w08_s0028,JPM,finance,8,moving_average,none,8.83216214861189,9.33482975773336,6.837729414111594
JPM_w08_s0028,JPM,finance,8,linear_trend,none,18.722282574739758,19.300202279033105,14.556904415499245
JPM_w08_s0029,JPM,finance,8,naive,none,1.9966231754847936,2.46465879870439,1.5225075085260118
JPM_w08_s0029,JPM,finance,8,moving_average,none,2.7381672995431154,3.326023248014714,2.073858667034571
JPM_w08_s0029,JPM,finance,8,linear_trend,none,4.609096375370553,4.966110363351325,3.542360729632372
JPM_w08_s0030,JPM,finance,8,naive,none,7.929452078683036,9.02252217146731,5.42960788661239
JPM_w08_s0030,JPM,finance,8,moving_average,none,11.826935686383917,12.642453826070692,8.14098644839766
JPM_w08_s0030,JPM,finance,8,linear_trend,none,8.088573891162493,8.786692335788446,5.561690491014409
JPM_w08_s0031,JPM,finance,8,naive,none,5.426138196672712,5.820253990395777,3.9275492658407622
JPM_w08_s0031,JPM,finance,8,moving_average,none,6.8291561671665795,7.251250342180221,4.940806807637664
JPM_w08_s0031,JPM,finance,8,linear_trend,none,18.6615097354673,19.541694998197524,13.474711424062672
JPM_w08_s0032,JPM,finance,8,naive,none,3.358844757080078,4.259551838807141,2.5065063340832814
JPM_w08_s0032,JPM,finance,8,moving_average,none,3.806548527308873,4.689459241963021,2.8373568286082276
JPM_w08_s0032,JPM,finance,8,linear_trend,none,5.054558640426107,5.71603220530229,3.6884544876320815
JPM_w08_s0033,JPM,finance,8,naive,none,12.216631753104073,13.453370192842758,8.43364020696529
JPM_w08_s0033,JPM,finance,8,moving_average,none,10.648468344552182,12.036755421584052,7.331260296359414
JPM_w08_s0033,JPM,finance,8,linear_trend,none,9.40271961587391,10.97567985979803,6.459342256463333
JPM_w08_s0034,JPM,finance,8,naive,none,9.51675796508789,10.146566165859106,5.913073260945013
JPM_w08_s0034,JPM,finance,8,moving_average,none,10.467844390869146,11.043545127518772,6.508986564058593
JPM_w08_s0034,JPM,finance,8,linear_trend,none,4.881358964971669,5.457701546921573,3.0453417396185127
JPM_w08_s0035,JPM,finance,8,naive,none,7.003447396414621,8.256006414966025,4.077570719955579
JPM_w08_s0035,JPM,finance,8,moving_average,none,8.381682041713159,9.509373898189242,4.891148934747702
JPM_w08_s0035,JPM,finance,8,linear_trend,none,4.2538360333960155,4.501169902618257,2.5272277143575153
JPM_w08_s0036,JPM,finance,8,naive,none,8.576523372105187,9.562927415969915,4.581241584976871
JPM_w08_s0036,JPM,finance,8,moving_average,none,9.321845027378629,10.236680239477357,4.983934258739543
JPM_w08_s0036,JPM,finance,8,linear_trend,none,4.824451766759177,5.281476441222691,2.588520434302934
JPM_w08_s0037,JPM,finance,8,naive,none,5.55252184186663,6.964493139062477,3.0614382199007464
JPM_w08_s0037,JPM,finance,8,moving_average,none,6.088425336565287,7.561078149984879,3.3687894639408222
JPM_w08_s0037,JPM,finance,8,linear_trend,none,15.424527006371685,15.746014097341334,8.409349830589644
JPM_w08_s0038,JPM,finance,8,naive,none,2.607983180454796,3.489807665227829,1.371603037286685
JPM_w08_s0038,JPM,finance,8,moving_average,none,3.3376809256417417,4.031925513139165,1.76240226831725
JPM_w08_s0038,JPM,finance,8,linear_trend,none,2.6446561619603486,3.3960674195772813,1.3829531295995374
JPM_w08_s0039,JPM,finance,8,naive,none,3.4876714433942513,4.639033756401388,1.754180557965293
JPM_w08_s0039,JPM,finance,8,moving_average,none,6.664413997105197,7.496271639323066,3.2980282411234083
JPM_w08_s0039,JPM,finance,8,linear_trend,none,8.403408468098723,9.349105703603993,4.156450862843871
JPM_w08_s0040,JPM,finance,8,naive,none,7.53951699393136,9.11238745473868,3.5961155984682804
JPM_w08_s0040,JPM,finance,8,moving_average,none,10.097433689662378,11.43309120165197,4.834151136435814
JPM_w08_s0040,JPM,finance,8,linear_trend,none,5.661705966725548,6.399192549015982,2.7517976439383007
JPM_w08_s0041,JPM,finance,8,naive,none,7.640830993652344,9.654128750023224,3.5544600068420427
JPM_w08_s0041,JPM,finance,8,moving_average,none,8.83192443847656,10.931280724737945,4.109101934065125
JPM_w08_s0041,JPM,finance,8,linear_trend,none,5.9272030123115345,6.389078950051693,2.8078833931951013
JPM_w08_s0042,JPM,finance,8,naive,none,16.94707162039621,18.250716557326317,7.149213586913832
JPM_w08_s0042,JPM,finance,8,moving_average,none,17.217263357979906,18.586273458539658,7.260925255413937
JPM_w08_s0042,JPM,finance,8,linear_trend,none,10.22995484780768,11.095671891581143,4.3303388824185785
JPM_w12_s0000,JPM,finance,12,naive,none,2.8949268886021207,3.8216628000414277,3.628446666367374
JPM_w12_s0000,JPM,finance,12,moving_average,none,3.4833946228027304,4.426143181310501,4.337367741357724
JPM_w12_s0000,JPM,finance,12,linear_trend,none,11.852177495233017,13.713452855320712,14.924881476471988
JPM_w12_s0001,JPM,finance,12,naive,none,6.781861986432757,8.48439104169153,7.798433640735114
JPM_w12_s0001,JPM,finance,12,moving_average,none,6.636998857770648,8.20437475070465,7.660538858793433
JPM_w12_s0001,JPM,finance,12,linear_trend,none,23.688743821091872,26.14574391800918,27.699503443360978
JPM_w12_s0002,JPM,finance,12,naive,none,2.394942964826311,3.1476288214596635,2.9629521117913606
JPM_w12_s0002,JPM,finance,12,moving_average,none,2.687453951154436,3.4475988694982638,3.3221010833360007
JPM_w12_s0002,JPM,finance,12,linear_trend,none,6.227108248102924,6.564744958568104,7.582383123113652
JPM_w12_s0003,JPM,finance,12,naive,none,2.3772460392543246,2.935064906807119,2.7214210399936922
JPM_w12_s0003,JPM,finance,12,moving_average,none,2.1104346684047153,2.526398734205472,2.4232681997077297
JPM_w12_s0003,JPM,finance,12,linear_trend,none,1.8239036639654473,2.11759696801357,2.1424554477481905
JPM_w12_s0004,JPM,finance,12,naive,none,4.12757682800293,4.926755102200401,4.957140346980055
JPM_w12_s0004,JPM,finance,12,moving_average,none,2.696305792672295,3.5204878934753805,3.2534002427368245
JPM_w12_s0004,JPM,finance,12,linear_trend,none,3.3186417648155326,4.180810653693136,3.996948305066481
JPM_w12_s0005,JPM,finance,12,naive,none,6.4883638109479636,8.5813198014171,6.5698503724105395
JPM_w12_s0005,JPM,finance,12,moving_average,none,6.586658205304827,8.811064588531933,6.652037160763926
JPM_w12_s0005,JPM,finance,12,linear_trend,none,7.8223014300113,10.277542637511315,7.896286955722854
JPM_w12_s0006,JPM,finance,12,naive,none,2.374839782714848,2.818590219264736,2.224230537810141
JPM_w12_s0006,JPM,finance,12,moving_average,none,4.567178453717911,5.326490861428533,4.222035170727119
JPM_w12_s0006,JPM,finance,12,linear_trend,none,5.342253359398888,5.677673806354972,4.987112656470603
JPM_w12_s0007,JPM,finance,12,naive,none,5.1323362077985495,5.965537934361039,4.213894456880129
JPM_w12_s0007,JPM,finance,12,moving_average,none,8.883080182756702,9.7033056199384,7.317489689380043
JPM_w12_s0007,JPM,finance,12,linear_trend,none,3.8702982754779844,4.67826069207216,3.259853836171437
JPM_w12_s0008,JPM,finance,12,naive,none,6.126720428466797,6.598891365985101,4.565306127026403
JPM_w12_s0008,JPM,finance,12,moving_average,none,8.855039215087885,9.188056571017867,6.613443311739767
JPM_w12_s0008,JPM,finance,12,linear_trend,none,4.05755434658208,4.490691568107987,3.0396477826680157
JPM_w12_s0009,JPM,finance,12,naive,none,2.3101098196847096,3.0755901636528025,1.6862279541531384
JPM_w12_s0009,JPM,finance,12,moving_average,none,2.5498788016183034,3.3664634871619645,1.8588766486668784
JPM_w12_s0009,JPM,finance,12,linear_trend,none,8.611189332944196,9.346645234353113,6.39225018478781
JPM_w12_s0010,JPM,finance,12,naive,none,2.5576705932617188,3.203340237393951,1.8026032720041125
JPM_w12_s0010,JPM,finance,12,moving_average,none,4.26916089739119,4.821987108830012,2.96946732122849
JPM_w12_s0010,JPM,finance,12,linear_trend,none,4.392789392351835,4.795592248517377,3.0689395191067916
JPM_w12_s0011,JPM,finance,12,naive,none,2.240447998046875,2.7939543540013476,1.644094245697023
JPM_w12_s0011,JPM,finance,12,moving_average,none,2.8147153581891677,3.4529077509901303,2.107245067626604
JPM_w12_s0011,JPM,finance,12,linear_trend,none,11.82436818222914,12.147404102667894,8.779928794198412
JPM_w12_s0012,JPM,finance,12,naive,none,5.207795279366629,5.986982881131259,3.6853455552401417
JPM_w12_s0012,JPM,finance,12,moving_average,none,5.5314708164760145,6.314457537823063,3.915711050918151
JPM_w12_s0012,JPM,finance,12,linear_trend,none,8.355841118590433,9.329647439123168,5.924233565901056
JPM_w12_s0013,JPM,finance,12,naive,none,4.7293227059500555,5.700251556212888,3.2254916916905185
JPM_w12_s0013,JPM,finance,12,moving_average,none,4.5885146004813055,5.439158766675201,3.136977479770611
JPM_w12_s0013,JPM,finance,12,linear_trend,none,3.5089367454164497,4.2275462119544285,2.4133115775562644
JPM_w12_s0014,JPM,finance,12,naive,none,2.1853724888392856,2.6043234229631302,1.4554337074638168
JPM_w12_s0014,JPM,finance,12,moving_average,none,3.3687994820730944,3.783607450069911,2.2348568375777993
JPM_w12_s0014,JPM,finance,12,linear_trend,none,3.219319658874118,4.012878527603479,2.1674735791809683
JPM_w12_s0015,JPM,finance,12,naive,none,6.716220855712891,7.0847017072696765,4.750162629201505
JPM_w12_s0015,JPM,finance,12,moving_average,none,4.85796149117607,5.244692271644055,3.438090804929556
JPM_w12_s0015,JPM,finance,12,linear_trend,none,12.311094203699598,12.612662212541519,8.686419432240065
JPM_w12_s0016,JPM,finance,12,naive,none,9.894642966134208,10.952157559683576,7.324525112599053
JPM_w12_s0016,JPM,finance,12,moving_average,none,8.60171432495117,9.301715483273911,6.331714206544098
JPM_w12_s0016,JPM,finance,12,linear_trend,none,5.444243625167476,6.346157286301883,3.8913497618551833
JPM_w12_s0017,JPM,finance,12,naive,none,13.20997265407017,14.743545076946232,10.817216788896687
JPM_w12_s0017,JPM,finance,12,moving_average,none,13.223294230869824,14.756383069497764,10.827932965633973
JPM_w12_s0017,JPM,finance,12,linear_trend,none,8.33029685678551,9.983733832767067,6.869232103260396
JPM_w12_s0018,JPM,finance,12,naive,none,9.803227015904032,10.949154868991485,8.599706009884754
JPM_w12_s0018,JPM,finance,12,moving_average,none,10.05812508719308,11.195111496820875,8.820094439754818
JPM_w12_s0018,JPM,finance,12,linear_trend,none,3.3669099795045314,3.9430677219895514,2.8436080023573345
JPM_w12_s0019,JPM,finance,12,naive,none,4.942045484270372,5.401467894309281,4.467736126104447
JPM_w12_s0019,JPM,finance,12,moving_average,none,4.937139783586777,5.394841817573631,4.460604131996323
JPM_w12_s0019,JPM,finance,12,linear_trend,none,7.227410536587515,9.216001215230452,6.293085838312259
JPM_w12_s0020,JPM,finance,12,naive,none,1.557446343558183,1.8701385601611789,1.499039303036006
JPM_w12_s0020,JPM,finance,12,moving_average,none,1.2622990744454547,1.8059907390853651,1.2360590827664715
JPM_w12_s0020,JPM,finance,12,linear_trend,none,2.1913502017708986,2.6060283915050246,2.1220674362497376
JPM_w12_s0021,JPM,finance,12,naive,none,2.383147648402623,3.4121237359873358,2.18595756467764
JPM_w12_s0021,JPM,finance,12,moving_average,none,2.3987783159528453,3.465653305866849,2.1986053681904467
JPM_w12_s0021,JPM,finance,12,linear_trend,none,6.97658249933742,7.716518515571594,6.4923024257298705
JPM_w12_s0022,JPM,finance,12,naive,none,5.083489554268975,6.1371956268455365,5.150655541109713
JPM_w12_s0022,JPM,finance,12,moving_average,none,4.666835457938059,5.330936839660405,4.686099372937596
JPM_w12_s0022,JPM,finance,12,linear_trend,none,6.490083999234041,7.8784286820168505,6.591394436261069
JPM_w12_s0023,JPM,finance,12,naive,none,11.7933532169887,12.981335227705086,9.768204031286853
JPM_w12_s0023,JPM,finance,12,moving_average,none,18.657420294625418,19.43016253775814,15.579618821484406
JPM_w12_s0023,JPM,finance,12,linear_trend,none,20.618162961320923,21.62738264671421,17.196362715113462
JPM_w12_s0024,JPM,finance,12,naive,none,3.343705041067942,3.859478903999459,2.753688678417862
JPM_w12_s0024,JPM,finance,12,moving_average,none,2.3653314317975735,2.7580689441861908,1.942280909594082
JPM_w12_s0024,JPM,finance,12,linear_trend,none,6.259527655514328,6.971763588844928,5.125172632744718
JPM_w12_s0025,JPM,finance,12,naive,none,2.4890937805175786,2.9093640461663677,1.9049391910949696
JPM_w12_s0025,JPM,finance,12,moving_average,none,4.506014251708981,4.977872909819677,3.44647594147471
JPM_w12_s0025,JPM,finance,12,linear_trend,none,2.3105210607060296,2.6326877080396764,1.787297105376524
JPM_w12_s0026,JPM,finance,12,naive,none,7.0098740713936945,8.848994735334985,5.832241195593209
JPM_w12_s0026,JPM,finance,12,moving_average,none,7.400402069091805,9.31983839286108,6.156716343481385
JPM_w12_s0026,JPM,finance,12,linear_trend,none,9.340934415360048,11.775712013587118,7.771184275768841
JPM_w12_s0027,JPM,finance,12,naive,none,6.396970748901366,7.9010899732625015,4.945102978397825
JPM_w12_s0027,JPM,finance,12,moving_average,none,7.606768853323805,9.027927969478105,5.900082473788864
JPM_w12_s0027,JPM,finance,12,linear_trend,none,6.756620873272923,7.660299497965608,5.266133527800957
JPM_w12_s0028,JPM,finance,12,naive,none,2.627354485648027,3.244583642205162,2.0049193271750485
JPM_w12_s0028,JPM,finance,12,moving_average,none,2.7889206477573936,3.459105235850265,2.126653922717504
JPM_w12_s0028,JPM,finance,12,linear_trend,none,5.561161718486011,6.228763403904025,4.255417955746784
JPM_w12_s0029,JPM,finance,12,naive,none,7.4884763445172995,9.123385339771785,5.218256192106428
JPM_w12_s0029,JPM,finance,12,moving_average,none,7.516231645856578,9.157122533539052,5.237202907531916
JPM_w12_s0029,JPM,finance,12,linear_trend,none,4.980221918478789,6.095896104824252,3.484837220361853
JPM_w12_s0030,JPM,finance,12,naive,none,7.296136583600726,8.320873087545923,5.249569726822382
JPM_w12_s0030,JPM,finance,12,moving_average,none,6.487550462995257,7.61687122052469,4.676443611984623
JPM_w12_s0030,JPM,finance,12,linear_trend,none,9.353637047512,11.326523434722215,6.753021449920225
JPM_w12_s0031,JPM,finance,12,naive,none,2.7072083609444753,3.1313597992411673,1.9501016460527227
JPM_w12_s0031,JPM,finance,12,moving_average,none,2.0060885838099813,2.361451563829141,1.4461667032559298
JPM_w12_s0031,JPM,finance,12,linear_trend,none,7.120960182205384,7.398577848821522,5.183142444886584
JPM_w12_s0032,JPM,finance,12,naive,none,4.540897369384766,5.228067867480244,3.291556503714886
JPM_w12_s0032,JPM,finance,12,moving_average,none,4.806136104038785,5.377665960414255,3.508391532881376
JPM_w12_s0032,JPM,finance,12,linear_trend,none,6.6111116356229385,8.521768348160691,4.66496859131431
JPM_w12_s0033,JPM,finance,12,naive,none,10.620558057512556,12.104108196414492,6.674875520973019
JPM_w12_s0033,JPM,finance,12,moving_average,none,10.8346327645438,12.292373608056325,6.812235551891114
JPM_w12_s0033,JPM,finance,12,linear_trend,none,15.097797332221782,15.980051427134264,9.561403736035814
JPM_w12_s0034,JPM,finance,12,naive,none,3.3784991673060825,4.100569611848984,2.024662764232126
JPM_w12_s0034,JPM,finance,12,moving_average,none,3.172078486851287,3.761280732556127,1.9056582802846789
JPM_w12_s0034,JPM,finance,12,linear_trend,none,6.462256606647644,6.811930836176378,3.9063910253156324
JPM_w12_s0035,JPM,finance,12,naive,none,10.023526872907363,11.347063749007894,5.447082761652027
JPM_w12_s0035,JPM,finance,12,moving_average,none,11.878315080915181,13.014573904421537,6.470839656690903
JPM_w12_s0035,JPM,finance,12,linear_trend,none,4.179859246696478,4.808097725120015,2.271769964847858
JPM_w12_s0036,JPM,finance,12,naive,none,5.953011104038755,7.901454310804361,3.326078110430076
JPM_w12_s0036,JPM,finance,12,moving_average,none,5.230654144287101,7.166109911020682,2.927298562471879
JPM_w12_s0036,JPM,finance,12,linear_trend,none,11.655098040557306,13.48410852971004,6.435869350939312
JPM_w12_s0037,JPM,finance,12,naive,none,2.5240936279296866,3.062542427208376,1.3231369878756052
JPM_w12_s0037,JPM,finance,12,moving_average,none,4.933417184012278,5.614136646857877,2.572216113072177
JPM_w12_s0037,JPM,finance,12,linear_trend,none,3.2437118450929927,3.982067612955848,1.7063850608930615
JPM_w12_s0038,JPM,finance,12,naive,none,9.239793504987448,10.504161481027761,4.567838318730373
JPM_w12_s0038,JPM,finance,12,moving_average,none,11.877416011265362,13.087438963010351,5.883488202276048
JPM_w12_s0038,JPM,finance,12,linear_trend,none,8.003351580944425,9.084849192572761,3.957405813753194
JPM_w12_s0039,JPM,finance,12,naive,none,6.302502768380299,7.490155362442445,3.118702880354526
JPM_w12_s0039,JPM,finance,12,moving_average,none,6.396149662562776,7.472206059879562,3.151923418307571
JPM_w12_s0039,JPM,finance,12,linear_trend,none,4.9320334217210515,6.46341373864581,2.4698923498129366
JPM_w12_s0040,JPM,finance,12,naive,none,7.202105385916572,9.531130584233436,3.420715400860573
JPM_w12_s0040,JPM,finance,12,moving_average,none,5.65786928449358,6.514764585352154,2.7412729355575127
JPM_w12_s0040,JPM,finance,12,linear_trend,none,10.235872926516347,11.167699629229787,5.053227729651464
JPM_w12_s0041,JPM,finance,12,naive,none,11.15014103480748,13.966867810344288,4.738949535347219
JPM_w12_s0041,JPM,finance,12,moving_average,none,11.763954598563062,15.253804646940475,4.979924411051777
JPM_w12_s0041,JPM,finance,12,linear_trend,none,16.346927012021073,18.870148153218512,6.999751976873007
MSFT_w04_s0000,MSFT,technology,4,naive,none,8.864921024867467,10.244559232750667,5.428876339752418
MSFT_w04_s0000,MSFT,technology,4,moving_average,none,10.50095203944615,12.319990211146845,6.24970075535506
MSFT_w04_s0000,MSFT,technology,4,linear_trend,none,11.921016893888774,13.639139173536323,7.438984513725937
MSFT_w04_s0001,MSFT,technology,4,naive,none,10.638652801513672,12.485085803999086,7.121953018426533
MSFT_w04_s0001,MSFT,technology,4,moving_average,none,10.407240840366908,12.305902993112289,7.188695370726306
MSFT_w04_s0001,MSFT,technology,4,linear_trend,none,28.515721646645908,35.243331077060525,18.29095897039463
MSFT_w04_s0002,MSFT,technology,4,naive,none,12.010169982910156,12.743257663204762,6.961267747311255
MSFT_w04_s0002,MSFT,technology,4,moving_average,none,6.585745675223214,7.421023005793102,3.805488174969509
MSFT_w04_s0002,MSFT,technology,4,linear_trend,none,16.90688921132483,19.000165642922354,9.822684428493332
MSFT_w04_s0003,MSFT,technology,4,naive,none,13.851767403738835,16.379524894117942,7.183128034497773
MSFT_w04_s0003,MSFT,technology,4,moving_average,none,14.477161080496659,16.91169916065192,7.517156797679628
MSFT_w04_s0003,MSFT,technology,4,linear_trend,none,12.362524708257187,14.770322710923374,6.404176680178113
MSFT_w04_s0004,MSFT,technology,4,naive,none,5.6629807608468195,6.642768734086744,2.8979146154827697
MSFT_w04_s0004,MSFT,technology,4,moving_average,none,4.458311789376391,5.435329096716557,2.2817680684470316
MSFT_w04_s0004,MSFT,technology,4,linear_trend,none,22.463668398749572,24.258546801411622,11.367427779183878
MSFT_w04_s0005,MSFT,technology,4,naive,none,7.085702623639788,8.94747562774057,3.4350716126087137
MSFT_w04_s0005,MSFT,technology,4,moving_average,none,7.068010057721821,9.017825970172227,3.421453960575683
MSFT_w04_s0005,MSFT,technology,4,linear_trend,none,10.925712046228838,12.335093203217463,5.468416691387463
MSFT_w04_s0006,MSFT,technology,4,naive,none,6.907063620431083,8.260669080160072,3.3455498286851175
MSFT_w04_s0006,MSFT,technology,4,moving_average,none,7.774767739432204,9.351617207095462,3.759379833952144
MSFT_w04_s0006,MSFT,technology,4,linear_trend,none,23.920408423861154,25.606013448116958,11.701360471128108
MSFT_w04_s0007,MSFT,technology,4,naive,none,8.462314605712917,8.778366764935381,4.147614462231358
MSFT_w04_s0007,MSFT,technology,4,moving_average,none,1.816871534075052,2.3661994445886805,0.8860575683987829
MSFT_w04_s0007,MSFT,technology,4,linear_trend,none,11.329550348726391,12.234702631953065,5.519241310257467
MSFT_w04_s0008,MSFT,technology,4,naive,none,5.183454786028177,6.719089798136426,2.4034830242770218
MSFT_w04_s0008,MSFT,technology,4,moving_average,none,6.5767925807407845,8.490435250814627,3.033634422640106
MSFT_w04_s0008,MSFT,technology,4,linear_trend,none,5.272983334681656,6.341659255381504,2.454490383045542
MSFT_w04_s0009,MSFT,technology,4,naive,none,6.588806697300507,7.752976450096535,2.8643328952082845
MSFT_w04_s0009,MSFT,technology,4,moving_average,none,5.885034288678852,6.99488570734754,2.561103620136321
MSFT_w04_s0009,MSFT,technology,4,linear_trend,none,11.621282817213666,14.245765537408502,5.199608999776987
MSFT_w04_s0010,MSFT,technology,4,naive,none,9.611104147774833,12.646799801874058,3.966225718903866
MSFT_w04_s0010,MSFT,technology,4,moving_average,none,12.084162575857976,15.657220433031963,4.981463885568129
MSFT_w04_s0010,MSFT,technology,4,linear_trend,none,25.884983378245444,30.28830321843941,10.77693515655487
MSFT_w04_s0011,MSFT,technology,4,naive,none,10.27721677507673,11.388378816840982,4.339421568639841
MSFT_w04_s0011,MSFT,technology,4,moving_average,none,9.512862178257532,10.537350615700943,4.016149519933255
MSFT_w04_s0011,MSFT,technology,4,linear_trend,none,37.37367404564876,40.86677183601065,15.73008806429253
MSFT_w04_s0012,MSFT,technology,4,naive,none,16.00293568202425,18.476462064955676,6.190545134694768
MSFT_w04_s0012,MSFT,technology,4,moving_average,none,13.929996054513126,16.44439100970576,5.380523657120517
MSFT_w04_s0012,MSFT,technology,4,linear_trend,none,12.905292930562021,15.038142474579036,4.989232436702519
MSFT_w04_s0013,MSFT,technology,4,naive,none,9.110460553850446,10.147844571453158,3.284372764627107
MSFT_w04_s0013,MSFT,technology,4,moving_average,none,8.45634024483817,9.522049293020896,3.047288262612018
MSFT_w04_s0013,MSFT,technology,4,linear_trend,none,10.861881531450043,12.494898861652258,3.9260901605536747
MSFT_w04_s0014,MSFT,technology,4,naive,none,4.431300571986607,5.405368629400825,1.5470266014786576
MSFT_w04_s0014,MSFT,technology,4,moving_average,none,6.759984043666285,7.3893113083696935,2.3457024737325947
MSFT_w04_s0014,MSFT,technology,4,linear_trend,none,5.861948982345301,7.419010061279817,2.0535775528452613
MSFT_w04_s0015,MSFT,technology,4,naive,none,24.596036638532365,29.54068121172703,7.989419254061844
MSFT_w04_s0015,MSFT,technology,4,moving_average,none,18.341940743582605,23.51003748891543,5.924873157852174
MSFT_w04_s0015,MSFT,technology,4,linear_trend,none,25.987712197144983,32.4055281206356,8.410819866134297
MSFT_w04_s0016,MSFT,technology,4,naive,none,4.635483877999442,5.8341807923279445,1.4546945160177638
MSFT_w04_s0016,MSFT,technology,4,moving_average,none,4.4000429425920755,5.380210095613966,1.374992530992596
MSFT_w04_s0016,MSFT,technology,4,linear_trend,none,38.153567768756645,43.57742799543016,11.929420131009914
MSFT_w04_s0017,MSFT,technology,4,naive,none,14.81474849155971,16.718006992281826,4.9397362490063195
MSFT_w04_s0017,MSFT,technology,4,moving_average,none,16.865746416364402,19.92248114898525,5.694087721753104
MSFT_w04_s0017,MSFT,technology,4,linear_trend,none,12.234830895248704,13.781239712836241,4.075805269009364
MSFT_w04_s0018,MSFT,technology,4,naive,none,11.96554674421038,14.363963925563171,4.278241771832757
MSFT_w04_s0018,MSFT,technology,4,moving_average,none,7.233162362234931,9.098759032287088,2.555556520152984
MSFT_w04_s0018,MSFT,technology,4,linear_trend,none,30.880511841738166,32.37971493387613,10.841448097423486
MSFT_w04_s0019,MSFT,technology,4,naive,none,12.938636779785156,15.744870110450291,4.407475177469035
MSFT_w04_s0019,MSFT,technology,4,moving_average,none,14.042631094796324,17.02790120473952,4.77950808731875
MSFT_w04_s0019,MSFT,technology,4,linear_trend,none,20.35613199268837,22.680138358649145,6.988094223478354
MSFT_w04_s0020,MSFT,technology,4,naive,none,16.16567012241908,18.79684812273855,6.35444199805549
MSFT_w04_s0020,MSFT,technology,4,moving_average,none,14.189355686732714,16.885274238139903,5.585550965389059
MSFT_w04_s0020,MSFT,technology,4,linear_trend,none,11.385875689612051,14.460774264263963,4.339623481042737
MSFT_w04_s0021,MSFT,technology,4,naive,none,11.326304299490792,14.120246391010703,4.618270593777382
MSFT_w04_s0021,MSFT,technology,4,moving_average,none,8.252356937953405,10.628524784976623,3.3639073897422893
MSFT_w04_s0021,MSFT,technology,4,linear_trend,none,13.449515816988663,15.334062365637951,5.2728857557935775
MSFT_w04_s0022,MSFT,technology,4,naive,none,20.466847011021205,24.41343239274347,7.46264637458947
MSFT_w04_s0022,MSFT,technology,4,moving_average,none,14.768762860979349,16.993093828807922,5.433771367064905
MSFT_w04_s0022,MSFT,technology,4,linear_trend,none,7.631033174410304,9.97663692408382,2.9935931811282916
MSFT_w04_s0023,MSFT,technology,4,naive,none,30.354973384312217,33.01530435851514,12.59248614080623
MSFT_w04_s0023,MSFT,technology,4,moving_average,none,34.58791405814034,36.94468448391985,14.310280378493982
MSFT_w04_s0023,MSFT,technology,4,linear_trend,none,62.18819779704386,67.07522893230646,25.761380204985716
MSFT_w04_s0024,MSFT,technology,4,naive,none,7.859547206333707,9.474586365600079,3.510298062678351
MSFT_w04_s0024,MSFT,technology,4,moving_average,none,8.094318062918523,9.687528283906982,3.620671986441671
MSFT_w04_s0024,MSFT,technology,4,linear_trend,none,19.487441408544537,22.037987527672126,8.547965721971783
MSFT_w04_s0025,MSFT,technology,4,naive,none,17.367271968296595,18.282565913023056,7.208235672025879
MSFT_w04_s0025,MSFT,technology,4,moving_average,none,23.245453861781524,24.15322702536326,9.657619483878694
MSFT_w04_s0025,MSFT,technology,4,linear_trend,none,29.229281707993128,30.948737826285495,12.132652270865895
MSFT_w04_s0026,MSFT,technology,4,naive,none,4.8897203717912925,6.849687263064506,2.157273144684285
MSFT_w04_s0026,MSFT,technology,4,moving_average,none,11.436352757045194,13.097404527660357,5.025680209228976
MSFT_w04_s0026,MSFT,technology,4,linear_trend,none,14.2679995314519,15.501199271194789,6.245121300136716
MSFT_w04_s0027,MSFT,technology,4,naive,none,9.760731288364953,11.876542256245667,3.824396856500506
MSFT_w04_s0027,MSFT,technology,4,moving_average,none,11.98353424072266,13.80698972135889,4.7107670845949645
MSFT_w04_s0027,MSFT,technology,4,linear_trend,none,12.7758116921856,13.942074047738828,5.11803086115523
MSFT_w04_s0028,MSFT,technology,4,naive,none,26.89729908534459,27.892488196383596,9.734821442784384
MSFT_w04_s0028,MSFT,technology,4,moving_average,none,28.2463713509696,29.19561087211219,10.226819288435461
MSFT_w04_s0028,MSFT,technology,4,linear_trend,none,44.248175473320785,46.157073089094425,16.010081138600405
MSFT_w04_s0029,MSFT,technology,4,naive,none,26.165381295340403,28.275657208326468,8.485274763082245
MSFT_w04_s0029,MSFT,technology,4,moving_average,none,24.71327645438058,26.77888518501389,8.015566210525922
MSFT_w04_s0029,MSFT,technology,4,linear_trend,none,16.904677957930186,18.209124176146037,5.498446175528561
MSFT_w04_s0030,MSFT,technology,4,naive,none,4.801395961216518,5.904010505399504,1.4579106606114192
MSFT_w04_s0030,MSFT,technology,4,moving_average,none,6.352530343191948,7.318690323761037,1.9250723022626364
MSFT_w04_s0030,MSFT,technology,4,linear_trend,none,15.219747893664325,17.8282190394755,4.6476607005314365
MSFT_w04_s0031,MSFT,technology,4,naive,none,13.028033665248326,14.935755804904176,4.069700347555445
MSFT_w04_s0031,MSFT,technology,4,moving_average,none,10.610113743373331,11.993793661757428,3.2725798033122833
MSFT_w04_s0031,MSFT,technology,4,linear_trend,none,9.461097730396895,10.696239173820743,2.90130315777361
MSFT_w04_s0032,MSFT,technology,4,naive,none,6.98169926234654,8.07029001109539,2.175634321727777
MSFT_w04_s0032,MSFT,technology,4,moving_average,none,8.03336072649275,9.529768635225276,2.4899152345541924
MSFT_w04_s0032,MSFT,technology,4,linear_trend,none,22.297820620429246,23.542538751157295,6.969185183471514
MSFT_w04_s0033,MSFT,technology,4,naive,none,14.686070033482142,18.63564135073418,4.348405903884917
MSFT_w04_s0033,MSFT,technology,4,moving_average,none,20.294621930803594,23.78003751384512,6.041324112559572
MSFT_w04_s0033,MSFT,technology,4,linear_trend,none,40.07682087833719,45.74914680533727,11.962333750557749
MSFT_w04_s0034,MSFT,technology,4,naive,none,12.943352835518974,13.559325851976977,3.5243075464234135
MSFT_w04_s0034,MSFT,technology,4,moving_average,none,14.842498343331451,15.382610051845916,4.043202976940637
MSFT_w04_s0034,MSFT,technology,4,linear_trend,none,14.811130278655966,19.084084474817242,4.061915886526518
MSFT_w04_s0035,MSFT,technology,4,naive,none,16.26189095633371,20.695806976814954,4.1742910270588975
MSFT_w04_s0035,MSFT,technology,4,moving_average,none,16.24803161621094,20.682282600728062,4.1706813987381475
MSFT_w04_s0035,MSFT,technology,4,linear_trend,none,23.62536282646928,28.949373247758345,6.081121988382943
MSFT_w04_s0036,MSFT,technology,4,naive,none,6.1537508283342675,7.638896205642403,1.51754329642485
MSFT_w04_s0036,MSFT,technology,4,moving_average,none,5.495124816894544,6.940383150058507,1.3547917889112617
MSFT_w04_s0036,MSFT,technology,4,linear_trend,none,30.650697992081056,35.00715454326457,7.63852146317026
MSFT_w04_s0037,MSFT,technology,4,naive,none,7.750080653599326,8.76169793194173,1.8815525060709362
MSFT_w04_s0037,MSFT,technology,4,moving_average,none,10.925781249999996,11.868386529864203,2.6376999324006896
MSFT_w04_s0037,MSFT,technology,4,linear_trend,none,9.475302869753737,10.378286994119719,2.300354201603481
MSFT_w04_s0038,MSFT,technology,4,naive,none,11.110282897949217,13.345034856959124,2.6974741522088763
MSFT_w04_s0038,MSFT,technology,4,moving_average,none,12.738986860002802,15.009559046429398,3.08560841995679
MSFT_w04_s0038,MSFT,technology,4,linear_trend,none,24.27864771596089,28.966037693625903,5.864421336919694
MSFT_w04_s0039,MSFT,technology,4,naive,none,32.87621852329799,35.497154391627866,7.38446095787288
MSFT_w04_s0039,MSFT,technology,4,moving_average,none,26.2590275355748,29.19329729966531,5.884379807156094
MSFT_w04_s0039,MSFT,technology,4,linear_trend,none,12.42121574491995,13.904009869973073,2.7894264872307986
MSFT_w04_s0040,MSFT,technology,4,naive,none,32.23441750662668,35.22733112456749,7.899078377096784
MSFT_w04_s0040,MSFT,technology,4,moving_average,none,35.818072291782904,38.53364100195812,8.764242498405855
MSFT_w04_s0040,MSFT,technology,4,linear_trend,none,52.97493115188484,56.30986591179631,12.938475258182352
MSFT_w04_s0041,MSFT,technology,4,naive,none,10.013068062918524,11.937154165350282,2.380505814394852
MSFT_w04_s0041,MSFT,technology,4,moving_average,none,9.340273175920757,10.314082871895613,2.246243576971161
MSFT_w04_s0041,MSFT,technology,4,linear_trend,none,8.357395603987124,9.686622115341914,1.9982716275957875
MSFT_w04_s0042,MSFT,technology,4,naive,none,5.195345197405136,6.837059901186079,1.249750381093463
MSFT_w04_s0042,MSFT,technology,4,moving_average,none,7.72449951171876,9.151093936570321,1.8856072189702133
MSFT_w04_s0042,MSFT,technology,4,linear_trend,none,27.1484498905956,28.486570645707186,6.590284578674218
MSFT_w04_s0043,MSFT,technology,4,naive,none,15.475240434919083,19.37867453782377,3.5481135274127227
MSFT_w04_s0043,MSFT,technology,4,moving_average,none,14.621958487374446,18.280422914926866,3.3539998084473215
MSFT_w04_s0043,MSFT,technology,4,linear_trend,none,16.342495991412857,20.512066226819176,3.7466119172948327
MSFT_w08_s0000,MSFT,technology,8,naive,none,9.914564405168806,12.51062071388215,7.151752387889124
MSFT_w08_s0000,MSFT,technology,8,moving_average,none,12.083395494733528,15.016936375763105,8.731251258192884
MSFT_w08_s0000,MSFT,technology,8,linear_trend,none,33.092019784907436,34.91810434522177,23.27034900198531
MSFT_w08_s0001,MSFT,technology,8,naive,none,11.41892078944615,12.697021611468726,6.696095478096654
MSFT_w08_s0001,MSFT,technology,8,moving_average,none,15.716500745500825,16.668263301549636,9.257961849219905
MSFT_w08_s0001,MSFT,technology,8,linear_trend,none,42.22054463593323,43.72167866379621,24.95348060679464
MSFT_w08_s0002,MSFT,technology,8,naive,none,6.765124729701447,8.974186844784382,3.6418895174208843
MSFT_w08_s0002,MSFT,technology,8,moving_average,none,7.650884355817518,9.845046439781159,4.126415668162061
MSFT_w08_s0002,MSFT,technology,8,linear_trend,none,10.649259638831055,11.076140404174987,5.908228410144555
MSFT_w08_s0003,MSFT,technology,8,naive,none,9.320308140345984,10.292051891892783,4.662560571500849
MSFT_w08_s0003,MSFT,technology,8,moving_average,none,8.81460440499441,9.836434269132338,4.406948496032067
MSFT_w08_s0003,MSFT,technology,8,linear_trend,none,5.490879954898106,6.3351611931693075,2.759372421327191
MSFT_w08_s0004,MSFT,technology,8,naive,none,6.342923300606868,8.013756957547791,3.0762338737615984
MSFT_w08_s0004,MSFT,technology,8,moving_average,none,6.653767068045484,8.0027730195101,3.2566247406142246
MSFT_w08_s0004,MSFT,technology,8,linear_trend,none,8.915414004196807,10.631284034928559,4.456237575558363
MSFT_w08_s0005,MSFT,technology,8,naive,none,8.5628967285156,10.0616847609154,4.178215343085551
MSFT_w08_s0005,MSFT,technology,8,moving_average,none,6.960816519601006,8.352613020207606,3.39733964318883
MSFT_w08_s0005,MSFT,technology,8,linear_trend,none,6.882064424574581,7.880090254505053,3.46968974117254
MSFT_w08_s0006,MSFT,technology,8,naive,none,3.9706491742815238,5.140581970194341,1.9693156109925152
MSFT_w08_s0006,MSFT,technology,8,moving_average,none,3.8073295593261682,5.159519464438334,1.8944752831501341
MSFT_w08_s0006,MSFT,technology,8,linear_trend,none,4.209544350474043,5.460620696747159,2.100830363833383
MSFT_w08_s0007,MSFT,technology,8,naive,none,4.169138227190293,5.111859106839821,1.9811219175764097
MSFT_w08_s0007,MSFT,technology,8,moving_average,none,3.921849060058591,4.757760983376203,1.8659052348732064
MSFT_w08_s0007,MSFT,technology,8,linear_trend,none,5.426680954376204,6.505224901005718,2.5780983866256038
MSFT_w08_s0008,MSFT,technology,8,naive,none,19.914482116699222,20.83396177789217,8.717836103924412
MSFT_w08_s0008,MSFT,technology,8,moving_average,none,21.59959564208984,22.45016474968781,9.461787187354512
MSFT_w08_s0008,MSFT,technology,8,linear_trend,none,15.163570769061282,16.22650194880098,6.62575453656301
MSFT_w08_s0009,MSFT,technology,8,naive,none,5.305503845214837,7.198803635237691,2.3060543024300317
MSFT_w08_s0009,MSFT,technology,8,moving_average,none,5.52845764160157,8.052376282665163,2.3712490162662165
MSFT_w08_s0009,MSFT,technology,8,linear_trend,none,18.07394512138683,18.636116583169933,8.009465458044836
MSFT_w08_s0010,MSFT,technology,8,naive,none,5.829685211181642,7.066174521437025,2.446955960602715
MSFT_w08_s0010,MSFT,technology,8,moving_average,none,5.696450914655415,6.485539718929642,2.350232570442279
MSFT_w08_s0010,MSFT,technology,8,linear_trend,none,9.826851281171457,11.755815623365205,3.99919550564601
MSFT_w08_s0011,MSFT,technology,8,naive,none,12.50244249616351,14.387923823433237,5.0068926960794204
MSFT_w08_s0011,MSFT,technology,8,moving_average,none,11.599644034249437,13.610768725547466,4.639332735268443
MSFT_w08_s0011,MSFT,technology,8,linear_trend,none,5.205029369672227,6.412578776101547,2.0909693645072043
MSFT_w08_s0012,MSFT,technology,8,naive,none,10.62557874407087,11.71677663453084,3.8875447686271367
MSFT_w08_s0012,MSFT,technology,8,moving_average,none,14.410888453892287,15.25715610025742,5.284012044167281
MSFT_w08_s0012,MSFT,technology,8,linear_trend,none,8.108832055804724,8.450272422258204,2.987295593308225
MSFT_w08_s0013,MSFT,technology,8,naive,none,10.257217407226562,11.29890455277115,3.5482800830048804
MSFT_w08_s0013,MSFT,technology,8,moving_average,none,10.37403346470426,11.420093632771655,3.588748635846507
MSFT_w08_s0013,MSFT,technology,8,linear_trend,none,6.453975246125795,7.693523096437594,2.253949183745111
MSFT_w08_s0014,MSFT,technology,8,naive,none,7.99378422328404,9.567484495787077,2.7982071001077595
MSFT_w08_s0014,MSFT,technology,8,moving_average,none,8.397080121721533,9.907441956213958,2.951776134087964
MSFT_w08_s0014,MSFT,technology,8,linear_trend,none,13.552067083329643,15.056998918837996,4.799358813118304
MSFT_w08_s0015,MSFT,technology,8,naive,none,10.739983694893974,11.748878965795559,3.3194721509166927
MSFT_w08_s0015,MSFT,technology,8,moving_average,none,21.22458452497211,21.752514692421435,6.581556400048581
MSFT_w08_s0015,MSFT,technology,8,linear_trend,none,26.554874914614572,27.043602565914927,8.239826795555775
MSFT_w08_s0016,MSFT,technology,8,naive,none,10.463129316057477,13.769645272062334,3.4230473114807527
MSFT_w08_s0016,MSFT,technology,8,moving_average,none,9.766759599958148,11.50118094746133,3.145377524501224
MSFT_w08_s0016,MSFT,technology,8,linear_trend,none,28.67606690242446,33.36507719238561,9.310355388898275
MSFT_w08_s0017,MSFT,technology,8,naive,none,6.278561183384487,7.936357104616748,2.2043729992261487
MSFT_w08_s0017,MSFT,technology,8,moving_average,none,10.766813223702558,12.706949363111276,3.7949542823609
MSFT_w08_s0017,MSFT,technology,8,linear_trend,none,9.687559375134137,11.655180583682332,3.405464167184053
MSFT_w08_s0018,MSFT,technology,8,naive,none,8.877861022949219,11.052644706323811,3.125621358933405
MSFT_w08_s0018,MSFT,technology,8,moving_average,none,10.783910478864398,12.47004223015934,3.7166195924522043
MSFT_w08_s0018,MSFT,technology,8,linear_trend,none,20.335653459134313,24.470445822370028,6.920230781758166
MSFT_w08_s0019,MSFT,technology,8,naive,none,23.990409306117463,26.213757544865732,9.162268783053056
MSFT_w08_s0019,MSFT,technology,8,moving_average,none,29.645023563929975,31.471396029599976,11.284144456825763
MSFT_w08_s0019,MSFT,technology,8,linear_trend,none,34.30920157553971,36.87544731986788,13.076451370850787
MSFT_w08_s0020,MSFT,technology,8,naive,none,9.19605091639927,11.048106935492475,3.591106107413326
MSFT_w08_s0020,MSFT,technology,8,moving_average,none,7.979935237339566,9.246379415431301,3.169063784994098
MSFT_w08_s0020,MSFT,technology,8,linear_trend,none,20.687844520840827,23.31225995366013,8.136718155225068
MSFT_w08_s0021,MSFT,technology,8,naive,none,9.235797882080078,11.848159392202822,3.4899843856248656
MSFT_w08_s0021,MSFT,technology,8,moving_average,none,8.943187277657644,11.212827954200819,3.392246762487535
MSFT_w08_s0021,MSFT,technology,8,linear_trend,none,17.282790391523797,21.373488253001018,6.52388350041334
MSFT_w08_s0022,MSFT,technology,8,naive,none,16.496267591203964,19.426289340783182,6.549586205586003
MSFT_w08_s0022,MSFT,technology,8,moving_average,none,16.508718763078964,19.444219066244283,6.554841492421365
MSFT_w08_s0022,MSFT,technology,8,linear_trend,none,23.509807588612546,27.984122712500543,9.355919152141
MSFT_w08_s0023,MSFT,technology,8,naive,none,8.015391213553292,9.416933240099782,3.537313288902527
MSFT_w08_s0023,MSFT,technology,8,moving_average,none,10.14501026698521,11.845488734401524,4.482154879016089
MSFT_w08_s0023,MSFT,technology,8,linear_trend,none,9.866412363433211,11.357246103070207,4.320494706191775
MSFT_w08_s0024,MSFT,technology,8,naive,none,14.373732430594307,16.368486611050248,6.063773785915407
MSFT_w08_s0024,MSFT,technology,8,moving_average,none,8.59014565604073,10.54279072090627,3.760057320316674
MSFT_w08_s0024,MSFT,technology,8,linear_trend,none,19.356695344076822,22.76667598465506,8.1410642398719
MSFT_w08_s0025,MSFT,technology,8,naive,none,7.815367562430244,9.608823457274276,3.4130839453779545
MSFT_w08_s0025,MSFT,technology,8,moving_average,none,11.392809404645636,13.154549814596262,4.9935059859940605
MSFT_w08_s0025,MSFT,technology,8,linear_trend,none,16.11400431855632,18.69423085380548,7.0637844767365605
MSFT_w08_s0026,MSFT,technology,8,naive,none,22.397445678710938,24.278021237838185,8.905350245343376
MSFT_w08_s0026,MSFT,technology,8,moving_average,none,17.306350708007812,19.679596467475577,6.848804833161082
MSFT_w08_s0026,MSFT,technology,8,linear_trend,none,29.21691798197619,31.354452792198874,11.637677127844878
MSFT_w08_s0027,MSFT,technology,8,naive,none,24.919562748500276,28.203683917203097,9.174716348392499
MSFT_w08_s0027,MSFT,technology,8,moving_average,none,21.41088965279716,25.07568698938515,7.850485124217068
MSFT_w08_s0027,MSFT,technology,8,linear_trend,none,6.851746360535475,8.96866999219307,2.693210080543623
MSFT_w08_s0028,MSFT,technology,8,naive,none,17.8212400163923,20.994838006239863,5.941004165204768
MSFT_w08_s0028,MSFT,technology,8,moving_average,none,14.751889692034053,17.761812342294107,4.915593307390668
MSFT_w08_s0028,MSFT,technology,8,linear_trend,none,5.239303543880136,6.510324183167395,1.8012808459602732
MSFT_w08_s0029,MSFT,technology,8,naive,none,13.893080575125557,15.244462761151873,4.242820828957498
MSFT_w08_s0029,MSFT,technology,8,moving_average,none,17.48710741315569,18.943679199494472,5.342805812441835
MSFT_w08_s0029,MSFT,technology,8,linear_trend,none,6.034797847791769,7.0785705250838875,1.8521189746826336
MSFT_w08_s0030,MSFT,technology,8,naive,none,7.7899627685546875,9.445592089777591,2.3760862661584254
MSFT_w08_s0030,MSFT,technology,8,moving_average,none,7.588452148437503,9.384010882419615,2.2798381162775936
MSFT_w08_s0030,MSFT,technology,8,linear_trend,none,18.694131549067404,22.96757528296478,5.76756307386291
MSFT_w08_s0031,MSFT,technology,8,naive,none,5.987737383161273,7.514839620655945,1.8486376151827355
MSFT_w08_s0031,MSFT,technology,8,moving_average,none,5.3393692016601575,6.21015381542728,1.6592301139733836
MSFT_w08_s0031,MSFT,technology,8,linear_trend,none,6.4638237584343345,7.707744829672417,2.0326782226637476
MSFT_w08_s0032,MSFT,technology,8,naive,none,7.714173453194754,8.770430747607987,2.4022288892477808
MSFT_w08_s0032,MSFT,technology,8,moving_average,none,6.487663269042969,8.649927357795942,2.0719632309292346
MSFT_w08_s0032,MSFT,technology,8,linear_trend,none,6.333762369230025,8.474184288466692,2.0245014862069124
MSFT_w08_s0033,MSFT,technology,8,naive,none,30.481123788016184,32.38527518499914,8.363472798771273
MSFT_w08_s0033,MSFT,technology,8,moving_average,none,34.46352735246932,36.158565499783805,9.468625872510025
MSFT_w08_s0033,MSFT,technology,8,linear_trend,none,38.83070365457936,40.270359755534734,10.68292400421303
MSFT_w08_s0034,MSFT,technology,8,naive,none,6.245446341378346,9.403270409292873,1.6495736334130655
MSFT_w08_s0034,MSFT,technology,8,moving_average,none,7.323359462193084,10.862451314609077,1.9298954302053999
MSFT_w08_s0034,MSFT,technology,8,linear_trend,none,30.832662762038915,31.806249979120913,8.32403663524551
MSFT_w08_s0035,MSFT,technology,8,naive,none,11.501796177455361,12.608320881075015,2.8560568911033135
MSFT_w08_s0035,MSFT,technology,8,moving_average,none,14.201381138392861,15.11150774642709,3.5302987871487135
MSFT_w08_s0035,MSFT,technology,8,linear_trend,none,19.313396324008448,19.87007404082859,4.810880184966542
MSFT_w08_s0036,MSFT,technology,8,naive,none,7.243254525320863,8.315371596429287,1.757960826612091
MSFT_w08_s0036,MSFT,technology,8,moving_average,none,10.39621298653738,11.367446498316426,2.5086641631904985
MSFT_w08_s0036,MSFT,technology,8,linear_trend,none,12.658311672819025,13.784784056015535,3.0848676249033495
MSFT_w08_s0037,MSFT,technology,8,naive,none,17.312096732003347,19.63472496905414,4.3484715957603
MSFT_w08_s0037,MSFT,technology,8,moving_average,none,15.150724574497758,17.596531515182775,3.810044894588334
MSFT_w08_s0037,MSFT,technology,8,linear_trend,none,25.187917711906664,26.531416110197963,6.290441498755685
MSFT_w08_s0038,MSFT,technology,8,naive,none,12.580851963588174,15.231331162801544,2.8889326200938505
MSFT_w08_s0038,MSFT,technology,8,moving_average,none,15.051321847098235,18.32692055343757,3.4387209408860406
MSFT_w08_s0038,MSFT,technology,8,linear_trend,none,28.83889872464827,32.334897415289156,6.611367026695985
MSFT_w08_s0039,MSFT,technology,8,naive,none,27.848011561802455,34.43405086238689,6.803927840279739
MSFT_w08_s0039,MSFT,technology,8,moving_average,none,24.352845982142867,30.399375516007986,5.9469648680328575
MSFT_w08_s0039,MSFT,technology,8,linear_trend,none,39.093944288022215,48.03567047610521,9.544604829542077
MSFT_w08_s0040,MSFT,technology,8,naive,none,13.364425659179693,16.0383116650127,3.1859371593274335
MSFT_w08_s0040,MSFT,technology,8,moving_average,none,17.085610089983255,19.459010722239906,4.0830000687852825
MSFT_w08_s0040,MSFT,technology,8,linear_trend,none,30.894725060750492,35.665158364257344,7.396242045641503
MSFT_w08_s0041,MSFT,technology,8,naive,none,12.509458269391748,14.1731469199437,3.027599252310188
MSFT_w08_s0041,MSFT,technology,8,moving_average,none,11.505411638532385,13.29533919810745,2.786642628729872
MSFT_w08_s0041,MSFT,technology,8,linear_trend,none,9.840579585165127,10.854856554036552,2.377258729850975
MSFT_w08_s0042,MSFT,technology,8,naive,none,12.290490286690812,13.84751189340328,2.9665139892384222
MSFT_w08_s0042,MSFT,technology,8,moving_average,none,10.368783569335928,11.96401950194089,2.490544837254619
MSFT_w08_s0042,MSFT,technology,8,linear_trend,none,8.636954673740506,10.67106402653536,2.056811362976359
MSFT_w12_s0000,MSFT,technology,12,naive,none,19.514972686767578,21.16725502985292,11.856193642929243
MSFT_w12_s0000,MSFT,technology,12,moving_average,none,21.685550689697266,23.183650170949758,13.204548351502382
MSFT_w12_s0000,MSFT,technology,12,linear_trend,none,18.505597206466717,21.050409464417392,11.174177066187566
MSFT_w12_s0001,MSFT,technology,12,naive,none,3.110158647809708,4.541731090022442,1.7293500341232888
MSFT_w12_s0001,MSFT,technology,12,moving_average,none,5.578626360212051,6.830489845549868,3.117885838047836
MSFT_w12_s0001,MSFT,technology,12,linear_trend,none,15.68984501949635,16.078264067044916,8.864015393871275
MSFT_w12_s0002,MSFT,technology,12,naive,none,9.996832166399274,11.249565396666519,5.069916825267042
MSFT_w12_s0002,MSFT,technology,12,moving_average,none,13.88243397303991,14.810065538900703,7.067819707283373
MSFT_w12_s0002,MSFT,technology,12,linear_trend,none,4.211947017014488,5.259548646423678,2.151937917022198
MSFT_w12_s0003,MSFT,technology,12,naive,none,12.058169773646762,14.157541263067527,5.78684092730732
MSFT_w12_s0003,MSFT,technology,12,moving_average,none,10.002917698451446,12.370108044414746,4.781157402899767
MSFT_w12_s0003,MSFT,technology,12,linear_trend,none,6.111124956895671,6.98212211304618,3.0323633027750625
MSFT_w12_s0004,MSFT,technology,12,naive,none,7.0526989528111255,7.73956615804668,3.5744601803298983
MSFT_w12_s0004,MSFT,technology,12,moving_average,none,13.583399854387569,14.793488107872983,6.913578718413387
MSFT_w12_s0004,MSFT,technology,12,linear_trend,none,17.33706503233798,17.812335722173902,8.765141777880793
MSFT_w12_s0005,MSFT,technology,12,naive,none,6.663785117013113,8.070281553350359,3.3376695708209336
MSFT_w12_s0005,MSFT,technology,12,moving_average,none,7.03781988961355,8.407075161100083,3.523344604187676
MSFT_w12_s0005,MSFT,technology,12,linear_trend,none,4.066593184641663,5.31096592239074,2.0232698515687977
MSFT_w12_s0006,MSFT,technology,12,naive,none,3.86686270577569,5.165731525921444,1.8341310446535204
MSFT_w12_s0006,MSFT,technology,12,moving_average,none,5.605078342982695,6.789381378861696,2.665739117567143
MSFT_w12_s0006,MSFT,technology,12,linear_trend,none,3.298608869299919,4.3391328167408005,1.5675851961131582
MSFT_w12_s0007,MSFT,technology,12,naive,none,18.425446646554132,21.44115045384736,8.100585879469133
MSFT_w12_s0007,MSFT,technology,12,moving_average,none,13.896348571777338,16.674176871177213,6.095254303922162
MSFT_w12_s0007,MSFT,technology,12,linear_trend,none,12.721062115777872,15.130775379362479,5.5873331989128845
MSFT_w12_s0008,MSFT,technology,12,naive,none,9.651802062988278,10.336168400439004,4.334014643911655
MSFT_w12_s0008,MSFT,technology,12,moving_average,none,9.082694571358804,9.794283570704224,4.079826266118706
MSFT_w12_s0008,MSFT,technology,12,linear_trend,none,13.028713991195957,13.966333166964416,5.836378766898637
MSFT_w12_s0009,MSFT,technology,12,naive,none,17.20630264282224,18.36921360905061,7.031479504196361
MSFT_w12_s0009,MSFT,technology,12,moving_average,none,17.046324702671587,18.210130158028548,6.965831986874142
MSFT_w12_s0009,MSFT,technology,12,linear_trend,none,9.05166916554551,10.344450889067351,3.6975706959575367
MSFT_w12_s0010,MSFT,technology,12,naive,none,4.92041778564453,5.8146237660948605,2.062716308872398
MSFT_w12_s0010,MSFT,technology,12,moving_average,none,4.597632925851003,5.572274551888722,1.9071079108543851
MSFT_w12_s0010,MSFT,technology,12,linear_trend,none,11.862931244007914,12.247526206160854,4.972482588477967
MSFT_w12_s0011,MSFT,technology,12,naive,none,14.85649926321847,16.704016836685483,5.52247243144827
MSFT_w12_s0011,MSFT,technology,12,moving_average,none,16.69044723510743,18.43538815866262,6.212336922915422
MSFT_w12_s0011,MSFT,technology,12,linear_trend,none,18.95370367123836,20.1226638452212,7.07883886716612
MSFT_w12_s0012,MSFT,technology,12,naive,none,8.566658020019531,10.792910068648572,2.9726743778111953
MSFT_w12_s0012,MSFT,technology,12,moving_average,none,7.774999346051898,9.852707501007933,2.697872132175055
MSFT_w12_s0012,MSFT,technology,12,linear_trend,none,3.97809892133866,4.495197479836829,1.4074999244898916
MSFT_w12_s0013,MSFT,technology,12,naive,none,5.956029619489398,7.794321245723707,2.1344162673158
MSFT_w12_s0013,MSFT,technology,12,moving_average,none,6.679219927106585,8.46182959029325,2.392479030196539
MSFT_w12_s0013,MSFT,technology,12,linear_trend,none,20.224252629552918,22.31383688748543,7.187839031027643
MSFT_w12_s0014,MSFT,technology,12,naive,none,23.436437334333146,26.25831995439431,7.283684125855105
MSFT_w12_s0014,MSFT,technology,12,moving_average,none,29.334441484723794,31.63451009770662,9.153174470516669
MSFT_w12_s0014,MSFT,technology,12,linear_trend,none,27.81841117471153,29.914001370892315,8.682990435577246
MSFT_w12_s0015,MSFT,technology,12,naive,none,6.934657505580357,8.585386844383047,2.198410199305486
MSFT_w12_s0015,MSFT,technology,12,moving_average,none,8.145658220563616,9.985563630394703,2.5836751722177866
MSFT_w12_s0015,MSFT,technology,12,linear_trend,none,17.93594244086046,20.149834992733826,5.64695079992354
MSFT_w12_s0016,MSFT,technology,12,naive,none,11.308443341936384,13.24049074986226,3.9107740281235244
MSFT_w12_s0016,MSFT,technology,12,moving_average,none,25.411950683593773,26.384106531564854,8.719331390606252
MSFT_w12_s0016,MSFT,technology,12,linear_trend,none,40.681779358865505,41.6876033009011,13.935554444161832
MSFT_w12_s0017,MSFT,technology,12,naive,none,8.357316153390068,10.942435941375992,3.0261136744165693
MSFT_w12_s0017,MSFT,technology,12,moving_average,none,8.550611005510595,11.152006847879653,3.0964204921200302
MSFT_w12_s0017,MSFT,technology,12,linear_trend,none,10.926217363671217,13.966137312169355,3.8087096596551726
MSFT_w12_s0018,MSFT,technology,12,naive,none,20.75849805559431,23.781855299344112,7.614908344636549
MSFT_w12_s0018,MSFT,technology,12,moving_average,none,17.033712986537402,18.98874182729493,6.219870596640126
MSFT_w12_s0018,MSFT,technology,12,linear_trend,none,9.685879997326385,13.328858446391113,3.3294901274852067
MSFT_w12_s0019,MSFT,technology,12,naive,none,12.331790379115509,15.140707335222928,5.0058188038433995
MSFT_w12_s0019,MSFT,technology,12,moving_average,none,18.98939143589562,20.942688819347143,7.642304137316818
MSFT_w12_s0019,MSFT,technology,12,linear_trend,none,20.559503617404857,22.31039159808821,8.25926517708492
MSFT_w12_s0020,MSFT,technology,12,naive,none,14.648082733154325,15.912234395381166,5.763444342602232
MSFT_w12_s0020,MSFT,technology,12,moving_average,none,12.399538421630865,13.870163256635358,4.869434994216439
MSFT_w12_s0020,MSFT,technology,12,linear_trend,none,23.696990391132374,26.046899542242866,9.341902475767853
MSFT_w12_s0021,MSFT,technology,12,naive,none,9.55431147984096,11.345342584904964,3.5907331293770897
MSFT_w12_s0021,MSFT,technology,12,moving_average,none,15.46897626604353,17.829050482131212,5.640158433517656
MSFT_w12_s0021,MSFT,technology,12,linear_trend,none,21.32933226353356,23.78714248536415,7.790084630717578
MSFT_w12_s0022,MSFT,technology,12,naive,none,16.70945467267717,18.537433084195264,7.270054544120554
MSFT_w12_s0022,MSFT,technology,12,moving_average,none,16.529654911586213,18.34470494486487,7.191555613447247
MSFT_w12_s0022,MSFT,technology,12,linear_trend,none,42.94375564833013,44.8076498994416,18.56067724652739
MSFT_w12_s0023,MSFT,technology,12,naive,none,7.784742627825053,9.265843378397415,3.4464543535445964
MSFT_w12_s0023,MSFT,technology,12,moving_average,none,9.702579716273712,11.12356498521811,4.179395254222502
MSFT_w12_s0023,MSFT,technology,12,linear_trend,none,19.876130946340346,23.912085834152567,8.480241969233202
MSFT_w12_s0024,MSFT,technology,12,naive,none,7.627850123814184,9.503748176914636,3.292084944329244
MSFT_w12_s0024,MSFT,technology,12,moving_average,none,6.727620152064729,8.681235830033295,2.880867507763637
MSFT_w12_s0024,MSFT,technology,12,linear_trend,none,15.682355257724101,17.141872747060525,6.533982700185069
MSFT_w12_s0025,MSFT,technology,12,naive,none,24.357698713030107,27.729385454884138,9.754441951572996
MSFT_w12_s0025,MSFT,technology,12,moving_average,none,18.75115618024554,22.604061227453187,7.45807968656983
MSFT_w12_s0025,MSFT,technology,12,linear_trend,none,10.511771430727467,12.470538723375247,4.255331091492376
MSFT_w12_s0026,MSFT,technology,12,naive,none,10.576090676443913,11.383577298349781,4.125378692047109
MSFT_w12_s0026,MSFT,technology,12,moving_average,none,11.755942753383094,12.56607750919017,4.666116031232914
MSFT_w12_s0026,MSFT,technology,12,linear_trend,none,8.606298444136677,11.189103956065352,3.270061768920339
MSFT_w12_s0027,MSFT,technology,12,naive,none,12.515530177525111,15.587878613231402,4.2800523351349815
MSFT_w12_s0027,MSFT,technology,12,moving_average,none,14.72402147565568,17.50674523801963,5.050526634279802
MSFT_w12_s0027,MSFT,technology,12,linear_trend,none,8.562319588385183,9.82448942492073,2.9613298823932235
MSFT_w12_s0028,MSFT,technology,12,naive,none,18.717950003487722,21.56197431615652,5.779878289878719
MSFT_w12_s0028,MSFT,technology,12,moving_average,none,18.50155596051895,21.37439255365498,5.711745645406552
MSFT_w12_s0028,MSFT,technology,12,linear_trend,none,7.302414091475116,8.982451310959734,2.257323312980417
MSFT_w12_s0029,MSFT,technology,12,naive,none,5.205411638532366,7.156694472478733,1.5483007970072893
MSFT_w12_s0029,MSFT,technology,12,moving_average,none,5.473075648716523,6.930241740347378,1.6383081072727586
MSFT_w12_s0029,MSFT,technology,12,linear_trend,none,16.42209403504231,18.64562931841171,4.968524504406746
MSFT_w12_s0030,MSFT,technology,12,naive,none,9.503314426967076,10.65567102390127,3.0058503244438484
MSFT_w12_s0030,MSFT,technology,12,moving_average,none,12.240553283691384,13.176405716377719,3.865256255857694
MSFT_w12_s0030,MSFT,technology,12,linear_trend,none,31.741715241962442,32.287188888405716,9.979379399549916
MSFT_w12_s0031,MSFT,technology,12,naive,none,9.533278329031807,11.769467733630083,3.047502183682555
MSFT_w12_s0031,MSFT,technology,12,moving_average,none,7.783874729701438,10.113857157067644,2.4910528132342424
MSFT_w12_s0031,MSFT,technology,12,linear_trend,none,8.228640911168052,9.56357524588531,2.5586581625878244
MSFT_w12_s0032,MSFT,technology,12,naive,none,26.09840284075056,31.58013334708761,7.230473784967153
MSFT_w12_s0032,MSFT,technology,12,moving_average,none,25.672567095075333,31.081763923626443,7.112495383399195
MSFT_w12_s0032,MSFT,technology,12,linear_trend,none,31.92424620096106,37.0815773499175,8.887744859849962
MSFT_w12_s0033,MSFT,technology,12,naive,none,9.761795043945368,10.227769301911858,2.676915018462597
MSFT_w12_s0033,MSFT,technology,12,moving_average,none,5.217490059988841,5.930277519405587,1.4334163797511892
MSFT_w12_s0033,MSFT,technology,12,linear_trend,none,10.109078050627852,11.984755645221762,2.767860223731537
MSFT_w12_s0034,MSFT,technology,12,naive,none,26.310955592564117,27.85955479262761,6.611304293528591
MSFT_w12_s0034,MSFT,technology,12,moving_average,none,30.662420436314196,32.00113179346689,7.713710799654014
MSFT_w12_s0034,MSFT,technology,12,linear_trend,none,6.025910276619582,7.48115302835614,1.5083186141363198
MSFT_w12_s0035,MSFT,technology,12,naive,none,12.133158002580917,14.417468449487071,2.9386962567880115
MSFT_w12_s0035,MSFT,technology,12,moving_average,none,9.97322409493582,12.138188871779995,2.4141411134353983
MSFT_w12_s0035,MSFT,technology,12,linear_trend,none,6.423811749142932,7.881339512818825,1.587855208249544
MSFT_w12_s0036,MSFT,technology,12,naive,none,13.605207170758888,16.572312043482846,3.427272247487338
MSFT_w12_s0036,MSFT,technology,12,moving_average,none,12.044994681222091,14.820508046971309,3.0346356409973954
MSFT_w12_s0036,MSFT,technology,12,linear_trend,none,24.84957048837611,28.678419688595053,6.23822654325287
MSFT_w12_s0037,MSFT,technology,12,naive,none,15.554598127092635,18.702345852658027,3.638706555053782
MSFT_w12_s0037,MSFT,technology,12,moving_average,none,17.36290501185825,20.23123050997871,4.068732971010431
MSFT_w12_s0037,MSFT,technology,12,linear_trend,none,17.29343874674721,20.31173417930735,4.050676624946985
MSFT_w12_s0038,MSFT,technology,12,naive,none,11.424024309430807,13.925479776601717,2.6220330076313987
MSFT_w12_s0038,MSFT,technology,12,moving_average,none,11.590270996093754,13.982665128056624,2.655283509309199
MSFT_w12_s0038,MSFT,technology,12,linear_trend,none,17.698743215276828,19.596802881624722,3.9977687303872966
MSFT_w12_s0039,MSFT,technology,12,naive,none,7.748645237513949,9.844609497117705,1.9356637214813794
MSFT_w12_s0039,MSFT,technology,12,moving_average,none,10.530324663434708,12.686150896419582,2.629270314593785
MSFT_w12_s0039,MSFT,technology,12,linear_trend,none,46.149704236783236,46.829119989334785,11.411403634040637
MSFT_w12_s0040,MSFT,technology,12,naive,none,9.90526907784598,12.355154919790348,2.337866577990646
MSFT_w12_s0040,MSFT,technology,12,moving_average,none,15.90706612723213,17.719093018343155,3.771120065797504
MSFT_w12_s0040,MSFT,technology,12,linear_trend,none,36.03447532227312,36.42861342665542,8.612665854437392
MSFT_w12_s0041,MSFT,technology,12,naive,none,6.031949724469864,7.210237380685661,1.4483063989785836
MSFT_w12_s0041,MSFT,technology,12,moving_average,none,6.134720284598207,7.352314579745102,1.471896944565923
MSFT_w12_s0041,MSFT,technology,12,linear_trend,none,7.182211710482763,8.976278290443384,1.7492883146397138
NVDA_w04_s0000,NVDA,technology,4,naive,none,0.5798483065196446,0.7337197112419267,8.278986268202134
NVDA_w04_s0000,NVDA,technology,4,moving_average,none,0.5761327505111697,0.730161962633379,8.22465030571239
NVDA_w04_s0000,NVDA,technology,4,linear_trend,none,0.40199186187297514,0.5449346282573008,5.755406812995568
NVDA_w04_s0001,NVDA,technology,4,naive,none,0.5895548207419259,0.6998885289641579,9.703641805627345
NVDA_w04_s0001,NVDA,technology,4,moving_average,none,0.5597677639552525,0.7193782856610942,9.678953897935267
NVDA_w04_s0001,NVDA,technology,4,linear_trend,none,1.042362769922816,1.1832635090109263,16.442968518392508
NVDA_w04_s0002,NVDA,technology,4,naive,none,1.2379589762006487,1.4066284337426709,14.980329741545173
NVDA_w04_s0002,NVDA,technology,4,moving_average,none,0.8604067598070421,1.085022424634651,10.205566888602203
NVDA_w04_s0002,NVDA,technology,4,linear_trend,none,0.2550019430934936,0.3314945799381164,3.1183797867825045
NVDA_w04_s0003,NVDA,technology,4,naive,none,0.5510975973946706,0.721911310498226,5.686064340783652
NVDA_w04_s0003,NVDA,technology,4,moving_average,none,0.6689271518162313,0.8191663215711127,6.949987346412533
NVDA_w04_s0003,NVDA,technology,4,linear_trend,none,1.0119244001861805,1.0752390348963115,10.805194106036085
NVDA_w04_s0004,NVDA,technology,4,naive,none,0.5656841482434951,0.7661889562902628,4.988256811771658
NVDA_w04_s0004,NVDA,technology,4,moving_average,none,0.6948762689317972,0.9488806777925752,6.090821170922398
NVDA_w04_s0004,NVDA,technology,4,linear_trend,none,0.3130000989752099,0.37304540699165645,2.9257767149771383
NVDA_w04_s0005,NVDA,technology,4,naive,none,0.6258333410535543,0.7966702471511403,4.784997046793227
NVDA_w04_s0005,NVDA,technology,4,moving_average,none,0.8007238592420308,0.9492167080864562,6.1560348770414235
NVDA_w04_s0005,NVDA,technology,4,linear_trend,none,1.1415755504952338,1.3662352524843742,9.06435822855763
NVDA_w04_s0006,NVDA,technology,4,naive,none,0.5277426924024308,0.609234152494777,3.8581315723497025
NVDA_w04_s0006,NVDA,technology,4,moving_average,none,0.8761762278420581,0.9845302950885162,6.362652016392483
NVDA_w04_s0006,NVDA,technology,4,linear_trend,none,1.512617336359239,1.5933966219353082,11.07338164466559
NVDA_w04_s0007,NVDA,technology,4,naive,none,1.2537524018968855,1.2720677031205405,9.482622816855157
NVDA_w04_s0007,NVDA,technology,4,moving_average,none,0.3185428006308423,0.3839179429894858,2.4290284865281775
NVDA_w04_s0007,NVDA,technology,4,linear_trend,none,0.5730349677461817,0.631689203507946,4.30770091887503
NVDA_w04_s0008,NVDA,technology,4,naive,none,0.2554555620465963,0.30948525101738994,1.9497225851950049
NVDA_w04_s0008,NVDA,technology,4,moving_average,none,0.24080113002232123,0.28940437961986404,1.826909809099731
NVDA_w04_s0008,NVDA,technology,4,linear_trend,none,0.24256160937881846,0.29370190351969133,1.8454255315899442
NVDA_w04_s0009,NVDA,technology,4,naive,none,1.0488285677773612,1.2467521208438357,7.412945751669049
NVDA_w04_s0009,NVDA,technology,4,moving_average,none,0.9387306826455253,1.1219305066499086,6.6882168814252685
NVDA_w04_s0009,NVDA,technology,4,linear_trend,none,0.8860669783951772,1.0587638067787022,6.390974995328542
NVDA_w04_s0010,NVDA,technology,4,naive,none,1.0642908300672256,1.4609457614391466,7.157750075678517
NVDA_w04_s0010,NVDA,technology,4,moving_average,none,1.5304790564945765,1.8934924878614932,10.45253192129886
NVDA_w04_s0010,NVDA,technology,4,linear_trend,none,4.4453389440264015,5.08153742086247,30.84527058845272
NVDA_w04_s0011,NVDA,technology,4,naive,none,0.6891291822705948,0.8431742577058781,4.768970448049675
NVDA_w04_s0011,NVDA,technology,4,moving_average,none,0.8164587088993619,0.9906033435961884,5.669925943445238
NVDA_w04_s0011,NVDA,technology,4,linear_trend,none,3.8603167795597164,4.14771804863124,26.201519826974597
NVDA_w04_s0012,NVDA,technology,4,naive,none,2.5462919643947055,2.8191140923287494,13.20471391524669
NVDA_w04_s0012,NVDA,technology,4,moving_average,none,2.9408512524196087,3.1800011928430902,15.3155808810525
NVDA_w04_s0012,NVDA,technology,4,linear_trend,none,1.6647851807730547,1.7337775743101183,8.756540042093205
NVDA_w04_s0013,NVDA,technology,4,naive,none,0.8961445263453891,1.0458162283086598,4.6601808736309
NVDA_w04_s0013,NVDA,technology,4,moving_average,none,0.7100916317531045,0.8787135783173502,3.704575582843539
NVDA_w04_s0013,NVDA,technology,4,linear_trend,none,3.3328313927901405,3.5059461912123857,17.04252492720852
NVDA_w04_s0014,NVDA,technology,4,naive,none,2.2180129459926063,2.2987867464431364,10.025109180912144
NVDA_w04_s0014,NVDA,technology,4,moving_average,none,2.3289550236293244,2.4060071860075745,10.530456643214583
NVDA_w04_s0014,NVDA,technology,4,linear_trend,none,1.8770762751873276,1.9883489006657573,8.466600051123201
NVDA_w04_s0015,NVDA,technology,4,naive,none,2.902580533708845,4.153926857874437,11.15077443399989
NVDA_w04_s0015,NVDA,technology,4,moving_average,none,2.4666287285940984,3.561930080955233,9.525653192337916
NVDA_w04_s0015,NVDA,technology,4,linear_trend,none,3.466106011916181,4.890946817724785,13.364771532832023
NVDA_w04_s0016,NVDA,technology,4,naive,none,1.2351122583661756,1.4878570508285414,4.060743300438126
NVDA_w04_s0016,NVDA,technology,4,moving_average,none,2.2301959310259143,2.5641483034620864,7.0863601556958296
NVDA_w04_s0016,NVDA,technology,4,linear_trend,none,5.401640268913785,7.011844303451429,18.07043816878589
NVDA_w04_s0017,NVDA,technology,4,naive,none,2.2153748784746443,2.8151169723677696,8.81456035251962
NVDA_w04_s0017,NVDA,technology,4,moving_average,none,2.4093449320111953,3.141490846490836,9.773368515998037
NVDA_w04_s0017,NVDA,technology,4,linear_trend,none,1.8400355577724963,2.1447784681758875,6.537991619434047
NVDA_w04_s0018,NVDA,technology,4,naive,none,1.5221081461225239,1.8263995487888953,6.1604986362833065
NVDA_w04_s0018,NVDA,technology,4,moving_average,none,1.6580845560346325,1.9633720054035049,6.705916160370292
NVDA_w04_s0018,NVDA,technology,4,linear_trend,none,8.199452382998357,8.650256715993935,34.37038043644166
NVDA_w04_s0019,NVDA,technology,4,naive,none,2.6614038603646395,3.241601988889004,10.1738352302805
NVDA_w04_s0019,NVDA,technology,4,moving_average,none,2.7908827236720484,3.485394517814789,10.58324087184155
NVDA_w04_s0019,NVDA,technology,4,linear_trend,none,4.928926345382671,5.424058551196812,19.367767568677106
NVDA_w04_s0020,NVDA,technology,4,naive,none,3.3069126265389577,3.531785781658473,18.78840608883172
NVDA_w04_s0020,NVDA,technology,4,moving_average,none,3.609159101758683,3.8162637631287626,20.462772380264166
NVDA_w04_s0020,NVDA,technology,4,linear_trend,none,3.389902475850794,4.2454337301508485,19.073894468299695
NVDA_w04_s0021,NVDA,technology,4,naive,none,2.1934679235730856,2.5200630110333333,13.948226942131303
NVDA_w04_s0021,NVDA,technology,4,moving_average,none,1.6339111804962168,1.7899565181344994,10.224103883651466
NVDA_w04_s0021,NVDA,technology,4,linear_trend,none,0.8463384569395502,1.1127675391264915,4.852340961633789
NVDA_w04_s0022,NVDA,technology,4,naive,none,2.6501644338880266,2.8694589611410337,14.616574043791314
NVDA_w04_s0022,NVDA,technology,4,moving_average,none,2.3412335463932585,2.568277459826319,12.88376001076384
NVDA_w04_s0022,NVDA,technology,4,linear_trend,none,3.3087105238348036,3.6192825766342804,18.226279599028324
NVDA_w04_s0023,NVDA,technology,4,naive,none,3.6846685068947926,4.032647857595835,27.64083642040271
NVDA_w04_s0023,NVDA,technology,4,moving_average,none,4.403535509109496,4.702148938081758,32.79596483008477
NVDA_w04_s0023,NVDA,technology,4,linear_trend,none,5.292238724859137,5.671604781119429,39.46141486425071
NVDA_w04_s0024,NVDA,technology,4,naive,none,0.8350119250161308,1.036037224375186,6.323695893378581
NVDA_w04_s0024,NVDA,technology,4,moving_average,none,0.7916546344757082,0.9468655863978124,6.073267277780993
NVDA_w04_s0024,NVDA,technology,4,linear_trend,none,1.7720858103734705,2.3011637375993956,13.243555680900496
NVDA_w04_s0025,NVDA,technology,4,naive,none,1.8245929990495955,1.954953760366723,10.982863475477608
NVDA_w04_s0025,NVDA,technology,4,moving_average,none,2.438688005719866,2.567994924569155,14.69585982740888
NVDA_w04_s0025,NVDA,technology,4,linear_trend,none,0.7763550450031025,0.9916687963715787,4.778216544065313
NVDA_w04_s0026,NVDA,technology,4,naive,none,1.65935628754752,1.9967363904286088,9.733353719935327
NVDA_w04_s0026,NVDA,technology,4,moving_average,none,1.7836821487971708,2.012605669545225,10.992388643127793
NVDA_w04_s0026,NVDA,technology,4,linear_trend,none,1.8928628190119459,2.2243855169765716,12.299997178923583
NVDA_w04_s0027,NVDA,technology,4,naive,none,2.9285447938101634,3.1027303058443447,12.863405015096093
NVDA_w04_s0027,NVDA,technology,4,moving_average,none,2.8278539521353587,3.0078761138151777,12.413841881682783
NVDA_w04_s0027,NVDA,technology,4,linear_trend,none,2.63289608187117,3.242374806201812,11.604073256566862
NVDA_w04_s0028,NVDA,technology,4,naive,none,3.7379061153956816,3.8536986718143815,13.896730808109725
NVDA_w04_s0028,NVDA,technology,4,moving_average,none,3.3370607784816184,3.4662697478574627,12.392565997490856
NVDA_w04_s0028,NVDA,technology,4,linear_trend,none,1.6190052534404569,1.7627483658843852,6.017699204609539
NVDA_w04_s0029,NVDA,technology,4,naive,none,3.6088057245527025,5.403982194156886,10.452215681077693
NVDA_w04_s0029,NVDA,technology,4,moving_average,none,3.4258956227983757,5.247028763791326,9.871662464605988
NVDA_w04_s0029,NVDA,technology,4,linear_trend,none,3.278467998340742,5.082603676265904,9.418506656311974
NVDA_w04_s0030,NVDA,technology,4,naive,none,2.2803884233747214,2.6153347878309354,5.385336287823353
NVDA_w04_s0030,NVDA,technology,4,moving_average,none,2.786518096923829,3.2472601131385286,6.547309285361655
NVDA_w04_s0030,NVDA,technology,4,linear_trend,none,5.556506236616189,6.770491305506599,13.218784523493998
NVDA_w04_s0031,NVDA,technology,4,naive,none,1.4949023383004323,1.8955082341926974,3.4161670763190757
NVDA_w04_s0031,NVDA,technology,4,moving_average,none,1.8484396525791724,2.1917894512820695,4.054921401075746
NVDA_w04_s0031,NVDA,technology,4,linear_trend,none,1.9471671056286475,2.2945881332214046,4.277677731114168
NVDA_w04_s0032,NVDA,technology,4,naive,none,2.067656925746373,2.4638660605552363,4.636848028787908
NVDA_w04_s0032,NVDA,technology,4,moving_average,none,2.126751109531947,2.5083417817048272,4.656978568650285
NVDA_w04_s0032,NVDA,technology,4,linear_trend,none,3.2880676687468022,3.720909872782062,7.101346932860925
NVDA_w04_s0033,NVDA,technology,4,naive,none,1.8779724666050501,2.2365901098385303,4.3820313704503855
NVDA_w04_s0033,NVDA,technology,4,moving_average,none,1.9628985268729073,2.24212029242932,4.422881323391216
NVDA_w04_s0033,NVDA,technology,4,linear_trend,none,5.8732736544501565,6.469130488676703,13.20001276108056
NVDA_w04_s0034,NVDA,technology,4,naive,none,1.4985550471714568,1.7611847264375928,3.0749333250860045
NVDA_w04_s0034,NVDA,technology,4,moving_average,none,2.171104322160996,2.463134212630292,4.452018372165097
NVDA_w04_s0034,NVDA,technology,4,linear_trend,none,2.249402853804937,2.7544699596135023,4.606212303287045
NVDA_w04_s0035,NVDA,technology,4,naive,none,6.932621002197259,8.740120494822781,11.780717222364077
NVDA_w04_s0035,NVDA,technology,4,moving_average,none,6.239216668265207,8.053993563137391,10.557252268783177
NVDA_w04_s0035,NVDA,technology,4,linear_trend,none,5.889936933302338,7.475221766286218,10.000293585223382
NVDA_w04_s0036,NVDA,technology,4,naive,none,14.784076418195452,16.796713637279648,18.175651595608077
NVDA_w04_s0036,NVDA,technology,4,moving_average,none,15.645752443586074,17.5599044131713,19.29500006052065
NVDA_w04_s0036,NVDA,technology,4,linear_trend,none,3.3339123173763845,4.112125996257102,4.155404330448685
NVDA_w04_s0037,NVDA,technology,4,naive,none,3.753305162702278,5.007766248888471,4.444527266353018
NVDA_w04_s0037,NVDA,technology,4,moving_average,none,3.1714237758091497,4.408105491531708,3.7498258653069114
NVDA_w04_s0037,NVDA,technology,4,linear_trend,none,20.974930411890927,24.39834869047648,24.511767932319227
NVDA_w04_s0038,NVDA,technology,4,naive,none,12.624841145106727,15.950746226347562,12.447245867403097
NVDA_w04_s0038,NVDA,technology,4,moving_average,none,13.602630996704105,16.784227915098576,13.475111446612933
NVDA_w04_s0038,NVDA,technology,4,linear_trend,none,21.235623002590092,25.41137727931046,21.17761328648591
NVDA_w04_s0039,NVDA,technology,4,naive,none,11.17525836399622,12.109852542929888,8.736416486952844
NVDA_w04_s0039,NVDA,technology,4,moving_average,none,13.40219775608608,14.190878542312902,10.504704916657778
NVDA_w04_s0039,NVDA,technology,4,linear_trend,none,10.306624257039559,12.360635995480024,8.140484775522214
NVDA_w04_s0040,NVDA,technology,4,naive,none,13.141889572143553,15.734297908599336,12.048560584311279
NVDA_w04_s0040,NVDA,technology,4,moving_average,none,14.859353038242888,17.282528032069482,13.558190395226141
NVDA_w04_s0040,NVDA,technology,4,linear_trend,none,12.306861707398506,14.926924227988884,11.305102573823877
NVDA_w04_s0041,NVDA,technology,4,naive,none,7.535606384277353,9.40238816182217,6.720803461055759
NVDA_w04_s0041,NVDA,technology,4,moving_average,none,9.819320242745533,11.72737661811696,8.73235545976765
NVDA_w04_s0041,NVDA,technology,4,linear_trend,none,24.42192294431168,26.730879229417518,21.205812794602004
NVDA_w04_s0042,NVDA,technology,4,naive,none,18.72757121494838,19.73937963514087,13.434910106898837
NVDA_w04_s0042,NVDA,technology,4,moving_average,none,17.03224498203822,18.138868594744743,12.199619690127724
NVDA_w04_s0042,NVDA,technology,4,linear_trend,none,4.746773797433688,5.416586038584191,3.4273008731345604
NVDA_w04_s0043,NVDA,technology,4,naive,none,6.473771231515067,8.006217345377587,4.783223916800282
NVDA_w04_s0043,NVDA,technology,4,moving_average,none,6.586883326939171,8.150943613559063,4.867644222588364
NVDA_w04_s0043,NVDA,technology,4,linear_trend,none,11.259972493861074,13.68347634936508,8.30442499871534
NVDA_w08_s0000,NVDA,technology,8,naive,none,0.6359080757413592,0.8422729399955964,11.415484921386309
NVDA_w08_s0000,NVDA,technology,8,moving_average,none,0.5510697943823677,0.7591913992218026,9.943310080990454
NVDA_w08_s0000,NVDA,technology,8,linear_trend,none,1.2871920835105963,1.4417875929209547,22.234840302368113
NVDA_w08_s0001,NVDA,technology,8,naive,none,0.8052984135491508,0.9662869351950806,10.374118668002929
NVDA_w08_s0001,NVDA,technology,8,moving_average,none,1.0023324864251275,1.1407383191585423,13.021190631525084
NVDA_w08_s0001,NVDA,technology,8,linear_trend,none,2.05535669429984,2.191418659833072,27.03953846434221
NVDA_w08_s0002,NVDA,technology,8,naive,none,0.2679807458605084,0.345158211592895,2.9267021819106844
NVDA_w08_s0002,NVDA,technology,8,moving_average,none,0.6439646789005831,0.6993327613448974,7.083441571019915
NVDA_w08_s0002,NVDA,technology,8,linear_trend,none,0.21834917172002768,0.2910034337971611,2.426692934814844
NVDA_w08_s0003,NVDA,technology,8,naive,none,1.1724142687661308,1.2698008939995893,11.142364652820289
NVDA_w08_s0003,NVDA,technology,8,moving_average,none,1.0666794436318534,1.1728785650110993,10.11759477315107
NVDA_w08_s0003,NVDA,technology,8,linear_trend,none,0.21018865972445827,0.2709720446062812,1.9965732760090493
NVDA_w08_s0004,NVDA,technology,8,naive,none,1.2953629153115411,1.471908658958914,10.127301121405937
NVDA_w08_s0004,NVDA,technology,8,moving_average,none,1.2847279208047058,1.4612333534801696,10.043271232749161
NVDA_w08_s0004,NVDA,technology,8,linear_trend,none,0.6685826392954645,0.860827556445611,5.196877817183374
NVDA_w08_s0005,NVDA,technology,8,naive,none,0.9645026751926966,1.082456316067336,7.086643018032166
NVDA_w08_s0005,NVDA,technology,8,moving_average,none,0.862664699554443,0.9695905635792723,6.345028708625092
NVDA_w08_s0005,NVDA,technology,8,linear_trend,none,1.1340501428321426,1.244651815250968,8.584561864254246
NVDA_w08_s0006,NVDA,technology,8,naive,none,0.3072423594338553,0.43595653774643883,2.323173748550932
NVDA_w08_s0006,NVDA,technology,8,moving_average,none,0.3071062973567416,0.4369025475242338,2.3232035620009475
NVDA_w08_s0006,NVDA,technology,8,linear_trend,none,0.9634337461656094,1.020086223591056,7.318462625916747
NVDA_w08_s0007,NVDA,technology,8,naive,none,0.4306671278817314,0.48573477743259946,3.30859138252818
NVDA_w08_s0007,NVDA,technology,8,moving_average,none,0.3319583756583074,0.39269450892261226,2.5546092633952378
NVDA_w08_s0007,NVDA,technology,8,linear_trend,none,0.21322388519904706,0.2607402856093389,1.6155888577275683
NVDA_w08_s0008,NVDA,technology,8,naive,none,0.9858073847634452,1.2002660407972303,6.8353509144744695
NVDA_w08_s0008,NVDA,technology,8,moving_average,none,0.8311591080256873,1.0483157494713395,5.746825459345658
NVDA_w08_s0008,NVDA,technology,8,linear_trend,none,0.9194006086641896,1.1377952040212411,6.36604828983431
NVDA_w08_s0009,NVDA,technology,8,naive,none,0.8434508528028226,0.9722603793103615,6.636019501082839
NVDA_w08_s0009,NVDA,technology,8,moving_average,none,0.8838681834084641,1.017609501089932,6.957202313834198
NVDA_w08_s0009,NVDA,technology,8,linear_trend,none,2.028813426343152,2.081667550909926,15.714266140493539
NVDA_w08_s0010,NVDA,technology,8,naive,none,0.6586439268929618,0.7903883553101586,4.349972362907755
NVDA_w08_s0010,NVDA,technology,8,moving_average,none,0.7949247360229487,0.9637254511721762,5.222996941381992
NVDA_w08_s0010,NVDA,technology,8,linear_trend,none,2.3290527557949714,2.3718713810510725,15.611652924002767
NVDA_w08_s0011,NVDA,technology,8,naive,none,3.3959942204611644,3.6927024774401946,18.91310645490613
NVDA_w08_s0011,NVDA,technology,8,moving_average,none,3.4306070668356754,3.724558992486251,19.113147138339666
NVDA_w08_s0011,NVDA,technology,8,linear_trend,none,2.2033525387680397,2.515421513595822,12.141736707109722
NVDA_w08_s0012,NVDA,technology,8,naive,none,0.5257867404392783,0.6729378233775547,2.721368074431477
NVDA_w08_s0012,NVDA,technology,8,moving_average,none,0.5842091287885388,0.6988211337344669,2.9461401881513876
NVDA_w08_s0012,NVDA,technology,8,linear_trend,none,2.285812961291577,2.6591687684046237,11.704528219676412
NVDA_w08_s0013,NVDA,technology,8,naive,none,1.5431524685450977,1.7133291154083525,7.027489791538944
NVDA_w08_s0013,NVDA,technology,8,moving_average,none,1.5506781033107215,1.7259845427333849,7.05856164763977
NVDA_w08_s0013,NVDA,technology,8,linear_trend,none,1.2135858818980527,1.345865695414927,5.544993564623742
NVDA_w08_s0014,NVDA,technology,8,naive,none,0.9578312465122768,1.1807567307472193,4.430099740509376
NVDA_w08_s0014,NVDA,technology,8,moving_average,none,1.045318576267788,1.2670988955823959,4.885528294276544
NVDA_w08_s0014,NVDA,technology,8,linear_trend,none,2.6399669883782235,2.8029652711296156,12.419459415940336
NVDA_w08_s0015,NVDA,technology,8,naive,none,5.72989559173584,6.172321355937364,18.506392103883694
NVDA_w08_s0015,NVDA,technology,8,moving_average,none,6.628593635559082,7.014563494198411,21.508027076035365
NVDA_w08_s0015,NVDA,technology,8,linear_trend,none,8.12783952421364,8.436216725116054,26.525011466998688
NVDA_w08_s0016,NVDA,technology,8,naive,none,3.6043201174054817,3.8742211012683305,12.809013285708348
NVDA_w08_s0016,NVDA,technology,8,moving_average,none,2.557464436122348,2.8955789273308046,9.148291501950414
NVDA_w08_s0016,NVDA,technology,8,linear_trend,none,10.225797602690054,10.881962668045313,36.184307742076484
NVDA_w08_s0017,NVDA,technology,8,naive,none,1.8181292670113725,2.0680611078676323,7.735189110539904
NVDA_w08_s0017,NVDA,technology,8,moving_average,none,2.8173408780779168,3.067128272130553,11.932439560714254
NVDA_w08_s0017,NVDA,technology,8,linear_trend,none,1.5549473051793512,1.9754269656857577,6.540720390579945
NVDA_w08_s0018,NVDA,technology,8,naive,none,1.9854781287057055,2.3300662303598316,7.8556285570872175
NVDA_w08_s0018,NVDA,technology,8,moving_average,none,2.1891652515956332,2.6429435396877534,8.4473198306203
NVDA_w08_s0018,NVDA,technology,8,linear_trend,none,3.697979829548447,4.560827351476202,14.017990513875922
NVDA_w08_s0019,NVDA,technology,8,naive,none,4.7344175066266745,5.0992208259435925,25.55747418504532
NVDA_w08_s0019,NVDA,technology,8,moving_average,none,6.247261592320034,6.528064131697907,33.41829299569774
NVDA_w08_s0019,NVDA,technology,8,linear_trend,none,8.011632432135011,8.386449191751167,42.87354176244371
NVDA_w08_s0020,NVDA,technology,8,naive,none,0.9899675164903916,1.2154565144651566,5.646621643913191
NVDA_w08_s0020,NVDA,technology,8,moving_average,none,1.0471335070473813,1.189942290018278,6.087725992066883
NVDA_w08_s0020,NVDA,technology,8,linear_trend,none,6.110886646192536,6.504566496605194,35.7792809874863
NVDA_w08_s0021,NVDA,technology,8,naive,none,1.5373127460479739,1.9044356412447305,8.691196798999668
NVDA_w08_s0021,NVDA,technology,8,moving_average,none,1.3230428627559117,1.4948273682563293,7.744896806172909
NVDA_w08_s0021,NVDA,technology,8,linear_trend,none,1.8086001737671797,2.1581941007608654,10.351694409249712
NVDA_w08_s0022,NVDA,technology,8,naive,none,2.115940128053938,2.4812607756831095,14.612266726398069
NVDA_w08_s0022,NVDA,technology,8,moving_average,none,2.6975036689213345,3.3409733086276416,19.097671717325056
NVDA_w08_s0022,NVDA,technology,8,linear_trend,none,3.4406958128229532,4.2841084135350425,24.389366763034044
NVDA_w08_s0023,NVDA,technology,8,naive,none,0.9598460878644668,1.1196538706812578,7.972588081418111
NVDA_w08_s0023,NVDA,technology,8,moving_average,none,0.755174078260149,0.9315437248493638,6.306975936414832
NVDA_w08_s0023,NVDA,technology,8,linear_trend,none,1.2519368373878024,1.698668727668202,9.963771102450417
NVDA_w08_s0024,NVDA,technology,8,naive,none,2.237832920891896,2.539789154580381,13.987419191044998
NVDA_w08_s0024,NVDA,technology,8,moving_average,none,2.5338452271052776,2.8041049200806953,15.922313648864575
NVDA_w08_s0024,NVDA,technology,8,linear_trend,none,4.103324484901817,4.369658305438486,26.027226194178994
NVDA_w08_s0025,NVDA,technology,8,naive,none,1.0436487538473946,1.2124191411342777,6.655155437075303
NVDA_w08_s0025,NVDA,technology,8,moving_average,none,1.0701066493988036,1.3156799215895725,6.993284054438528
NVDA_w08_s0025,NVDA,technology,8,linear_trend,none,3.406786794740435,3.8704433411093917,22.094794582821866
NVDA_w08_s0026,NVDA,technology,8,naive,none,4.515735898699079,4.76416401755571,20.821659727911225
NVDA_w08_s0026,NVDA,technology,8,moving_average,none,4.230235181535994,4.494471912302695,19.471863762262707
NVDA_w08_s0026,NVDA,technology,8,linear_trend,none,5.765797905377489,5.993426006242219,26.69147329094667
NVDA_w08_s0027,NVDA,technology,8,naive,none,2.9762539863586426,3.411648501580322,11.217909536417421
NVDA_w08_s0027,NVDA,technology,8,moving_average,none,2.4451867103576648,2.9240713931973548,9.157652092472086
NVDA_w08_s0027,NVDA,technology,8,linear_trend,none,1.8606061469770494,2.0114337635149284,7.278952917516689
NVDA_w08_s0028,NVDA,technology,8,naive,none,1.201722417558944,1.6450789107302755,4.116734926211961
NVDA_w08_s0028,NVDA,technology,8,moving_average,none,1.182167598179409,1.613628049643928,4.053000229096191
NVDA_w08_s0028,NVDA,technology,8,linear_trend,none,2.369372779094191,2.479127872080179,8.469739956510244
NVDA_w08_s0029,NVDA,technology,8,naive,none,8.35305690765381,8.96710935747782,20.497857855089265
NVDA_w08_s0029,NVDA,technology,8,moving_average,none,9.259769712175641,9.900818128885758,22.74447501637326
NVDA_w08_s0029,NVDA,technology,8,linear_trend,none,8.928936091123717,9.430880755264496,22.02546041369516
NVDA_w08_s0030,NVDA,technology,8,naive,none,2.370720590863909,2.88923247649872,5.1804350576683715
NVDA_w08_s0030,NVDA,technology,8,moving_average,none,3.299265589032854,3.704132723881739,7.261586518692706
NVDA_w08_s0030,NVDA,technology,8,linear_trend,none,6.905227970022586,7.741492316658884,15.551071456936045
NVDA_w08_s0031,NVDA,technology,8,naive,none,3.320635659354074,3.862482685164956,7.108206877001787
NVDA_w08_s0031,NVDA,technology,8,moving_average,none,2.1575374603271484,2.719215670284488,4.6130252396293
NVDA_w08_s0031,NVDA,technology,8,linear_trend,none,2.210379603720005,2.649876964167428,4.971549406046177
NVDA_w08_s0032,NVDA,technology,8,naive,none,1.7543442589896063,2.2225157933784967,3.9429280344746416
NVDA_w08_s0032,NVDA,technology,8,moving_average,none,1.685079383850097,1.951828751419628,3.917853233470185
NVDA_w08_s0032,NVDA,technology,8,linear_trend,none,2.7305580569348833,3.239253068408525,6.479848550498504
NVDA_w08_s0033,NVDA,technology,8,naive,none,5.9121997015816765,6.29060098610554,12.377473943876492
NVDA_w08_s0033,NVDA,technology,8,moving_average,none,5.61081071581159,5.988053442923284,11.742412308890453
NVDA_w08_s0033,NVDA,technology,8,linear_trend,none,5.9087774431631965,6.327033939567945,12.369786262527354
NVDA_w08_s0034,NVDA,technology,8,naive,none,3.760129928588867,5.271380258369258,6.886947798564362
NVDA_w08_s0034,NVDA,technology,8,moving_average,none,4.867267281668524,6.148747930965192,9.050018138647859
NVDA_w08_s0034,NVDA,technology,8,linear_trend,none,2.2606389485872698,2.714231575306543,4.330633748851433
NVDA_w08_s0035,NVDA,technology,8,naive,none,10.48019654410226,12.3931944268776,14.18611884662482
NVDA_w08_s0035,NVDA,technology,8,moving_average,none,12.39562928336007,14.050209031536532,16.943204405787984
NVDA_w08_s0035,NVDA,technology,8,linear_trend,none,11.33491959683028,12.272298733415754,15.68436586566492
NVDA_w08_s0036,NVDA,technology,8,naive,none,6.985287530081611,7.445831954555093,7.753413787129408
NVDA_w08_s0036,NVDA,technology,8,moving_average,none,9.893098504202701,10.223481287282615,11.0154812306557
NVDA_w08_s0036,NVDA,technology,8,linear_trend,none,5.519589301594713,7.28948967863852,6.240625462729708
NVDA_w08_s0037,NVDA,technology,8,naive,none,4.406978334699352,5.654567810483854,5.234854654633806
NVDA_w08_s0037,NVDA,technology,8,moving_average,none,3.899050521850586,4.842208059077438,4.509681450132601
NVDA_w08_s0037,NVDA,technology,8,linear_trend,none,12.832747999767411,13.206932909911675,14.827254060184462
NVDA_w08_s0038,NVDA,technology,8,naive,none,24.930931908743723,26.498027166805475,20.25394700638509
NVDA_w08_s0038,NVDA,technology,8,moving_average,none,25.958402524675638,27.495157834400896,21.107035100781264
NVDA_w08_s0038,NVDA,technology,8,linear_trend,none,28.472940016393533,29.690758142219057,23.25701357674301
NVDA_w08_s0039,NVDA,technology,8,naive,none,9.801706314086916,11.764516330120196,8.867564567643365
NVDA_w08_s0039,NVDA,technology,8,moving_average,none,10.2786192212786,12.570228211287924,9.36542156035296
NVDA_w08_s0039,NVDA,technology,8,linear_trend,none,35.28480748013242,40.28118725957798,31.885537522570175
NVDA_w08_s0040,NVDA,technology,8,naive,none,10.335728781563898,12.029068099025569,8.456800211752693
NVDA_w08_s0040,NVDA,technology,8,moving_average,none,13.991823250906805,15.872768078813314,11.46598348796324
NVDA_w08_s0040,NVDA,technology,8,linear_trend,none,23.319059085258054,24.3301764803935,19.539917894662587
NVDA_w08_s0041,NVDA,technology,8,naive,none,15.57417815072196,17.824985150003656,11.447437052404226
NVDA_w08_s0041,NVDA,technology,8,moving_average,none,15.652152088710235,17.89315331448154,11.506984726495743
NVDA_w08_s0041,NVDA,technology,8,linear_trend,none,11.299294528792485,13.21397690891439,8.281293497804858
NVDA_w08_s0042,NVDA,technology,8,naive,none,4.540734427315848,5.29996085651989,3.1673171788970373
NVDA_w08_s0042,NVDA,technology,8,moving_average,none,4.285692487444196,4.861084814471933,3.012720779712965
NVDA_w08_s0042,NVDA,technology,8,linear_trend,none,16.53707121207739,19.05539356548074,11.818012344340435
NVDA_w12_s0000,NVDA,technology,12,naive,none,0.691138744354248,0.7774280807492638,9.676771497332906
NVDA_w12_s0000,NVDA,technology,12,moving_average,none,0.889065824236189,0.9798888018613424,12.468393321381946
NVDA_w12_s0000,NVDA,technology,12,linear_trend,none,0.7837152484542813,0.8741637460486189,10.977033671890107
NVDA_w12_s0001,NVDA,technology,12,naive,none,1.0693378448486328,1.149757185360545,12.126700343492775
NVDA_w12_s0001,NVDA,technology,12,moving_average,none,1.3376860618591309,1.402805103695761,15.232692653522104
NVDA_w12_s0001,NVDA,technology,12,linear_trend,none,1.5951134965277787,1.6361210792625795,18.248366729769867
NVDA_w12_s0002,NVDA,technology,12,naive,none,0.6757579530988408,0.8085704870512513,6.649839109512905
NVDA_w12_s0002,NVDA,technology,12,moving_average,none,0.8600407055446083,0.9745513358584915,8.513436323858615
NVDA_w12_s0002,NVDA,technology,12,linear_trend,none,0.31854550498945067,0.37019315232722977,3.2464981400275947
NVDA_w12_s0003,NVDA,technology,12,naive,none,1.8136630398886562,2.0729821496627445,14.534108733142986
NVDA_w12_s0003,NVDA,technology,12,moving_average,none,1.7493834836142403,2.0169838728419487,13.994464562860106
NVDA_w12_s0003,NVDA,technology,12,linear_trend,none,0.8118770176168235,1.022250452954462,6.407451460748508
NVDA_w12_s0004,NVDA,technology,12,naive,none,0.6860886982509068,0.8474257941263108,5.100876845886167
NVDA_w12_s0004,NVDA,technology,12,moving_average,none,0.686470086233956,0.7845288066241954,5.389628700705824
NVDA_w12_s0004,NVDA,technology,12,linear_trend,none,1.0361207665816523,1.0855152673911275,8.034216428429623
NVDA_w12_s0005,NVDA,technology,12,naive,none,0.6724878038678851,0.7592281536477088,5.135614626443689
NVDA_w12_s0005,NVDA,technology,12,moving_average,none,0.7497731889997203,0.8341388585004404,5.723839883583899
NVDA_w12_s0005,NVDA,technology,12,linear_trend,none,1.5713037530137934,1.7079006168247381,11.939616259867893
NVDA_w12_s0006,NVDA,technology,12,naive,none,0.2884334155491421,0.343204089707507,2.169867029634591
NVDA_w12_s0006,NVDA,technology,12,moving_average,none,0.18982310976300942,0.22639251840465385,1.4455745303599987
NVDA_w12_s0006,NVDA,technology,12,linear_trend,none,0.5230254755686519,0.5968178898774711,4.007480748567036
NVDA_w12_s0007,NVDA,technology,12,naive,none,1.126218318939209,1.327041741911465,7.987199568524055
NVDA_w12_s0007,NVDA,technology,12,moving_average,none,0.7102293695722308,0.9740217186721338,4.959852381604425
NVDA_w12_s0007,NVDA,technology,12,linear_trend,none,0.8674018468079397,1.1507762893400941,6.0759801343841024
NVDA_w12_s0008,NVDA,technology,12,naive,none,1.69647479057312,1.8618395412107094,13.258456227218293
NVDA_w12_s0008,NVDA,technology,12,moving_average,none,1.831125770296369,1.9865532643034878,14.285717466300557
NVDA_w12_s0008,NVDA,technology,12,linear_trend,none,1.2330755339720043,1.3683955073798943,9.623598603952626
NVDA_w12_s0009,NVDA,technology,12,naive,none,1.8531858921051025,1.996460740466773,12.319659197826581
NVDA_w12_s0009,NVDA,technology,12,moving_average,none,1.9883318969181605,2.1272500361154334,13.232132599011875
NVDA_w12_s0009,NVDA,technology,12,linear_trend,none,1.7594283250301892,1.9090898991157659,11.686833161688735
NVDA_w12_s0010,NVDA,technology,12,naive,none,1.640217917306082,1.9612461096016205,9.774124945982585
NVDA_w12_s0010,NVDA,technology,12,moving_average,none,1.7182822772434783,2.099690466704374,10.160119051112039
NVDA_w12_s0010,NVDA,technology,12,linear_trend,none,1.3402375969779337,1.5591788406494782,8.090250383411483
NVDA_w12_s0011,NVDA,technology,12,naive,none,0.9211047717503112,1.0984110977737718,4.632092525783007
NVDA_w12_s0011,NVDA,technology,12,moving_average,none,1.50059873035976,1.646333825375482,7.591201633463285
NVDA_w12_s0011,NVDA,technology,12,linear_trend,none,1.4044971007321851,1.6240270423560634,7.1085080128658715
NVDA_w12_s0012,NVDA,technology,12,naive,none,1.429970332554411,1.8688142680573328,6.545911178808011
NVDA_w12_s0012,NVDA,technology,12,moving_average,none,1.49281188419887,1.9226698438808432,6.844860296538599
NVDA_w12_s0012,NVDA,technology,12,linear_trend,none,1.7404505003785509,1.8710710403266182,8.509329690239698
NVDA_w12_s0013,NVDA,technology,12,naive,none,1.239022663661412,1.4530831555076245,5.931280323129635
NVDA_w12_s0013,NVDA,technology,12,moving_average,none,1.1226679120744971,1.3552330930711092,5.386241734857186
NVDA_w12_s0013,NVDA,technology,12,linear_trend,none,1.2968302869117265,1.5848658501825479,6.2184687516510095
NVDA_w12_s0014,NVDA,technology,12,naive,none,5.8213741438729425,6.834771377572372,19.65849699959913
NVDA_w12_s0014,NVDA,technology,12,moving_average,none,6.499338163648334,7.420720950567121,22.15524014147214
NVDA_w12_s0014,NVDA,technology,12,linear_trend,none,5.349558102850966,6.314682513218137,18.033400784299516
NVDA_w12_s0015,NVDA,technology,12,naive,none,2.6067327771868016,2.9752523253712986,8.935752806405572
NVDA_w12_s0015,NVDA,technology,12,moving_average,none,2.2234104156494157,2.5859888694630406,7.632805015784423
NVDA_w12_s0015,NVDA,technology,12,linear_trend,none,3.2079100057963585,3.691076863989263,10.93042958480797
NVDA_w12_s0016,NVDA,technology,12,naive,none,2.554306098393031,3.0275664714003105,10.687377914596457
NVDA_w12_s0016,NVDA,technology,12,moving_average,none,4.0652702467782165,4.4262243362164915,16.77830470452664
NVDA_w12_s0016,NVDA,technology,12,linear_trend,none,9.019474562355233,9.331845403484028,36.74252975063639
NVDA_w12_s0017,NVDA,technology,12,naive,none,2.525850023542131,2.9333973846232633,10.920425807444326
NVDA_w12_s0017,NVDA,technology,12,moving_average,none,2.0142885480608257,2.2683860730140464,8.556355225180056
NVDA_w12_s0017,NVDA,technology,12,linear_trend,none,3.3757878912421226,4.394404295580982,13.174981028323149
NVDA_w12_s0018,NVDA,technology,12,naive,none,6.102179731641497,6.8246720928166775,29.966546836419333
NVDA_w12_s0018,NVDA,technology,12,moving_average,none,5.241387980324881,5.975307270421411,25.878449025418576
NVDA_w12_s0018,NVDA,technology,12,linear_trend,none,2.692907888475844,2.9766189459348915,12.528092398801208
NVDA_w12_s0019,NVDA,technology,12,naive,none,1.3388543128967287,1.6416103309786836,8.04838301351198
NVDA_w12_s0019,NVDA,technology,12,moving_average,none,1.9699042592729834,2.2352549731940705,11.739051362724183
NVDA_w12_s0019,NVDA,technology,12,linear_trend,none,2.2495916921994428,2.5797693767375116,13.349219429743023
NVDA_w12_s0020,NVDA,technology,12,naive,none,0.9259396280561177,1.1671975303752629,5.521222293428601
NVDA_w12_s0020,NVDA,technology,12,moving_average,none,0.83330260685512,0.9955964408868824,5.099991070284514
NVDA_w12_s0020,NVDA,technology,12,linear_trend,none,4.088445613313554,4.610480785944144,24.733527174971705
NVDA_w12_s0021,NVDA,technology,12,naive,none,1.3755690029689247,1.9452470273033828,8.980770618462032
NVDA_w12_s0021,NVDA,technology,12,moving_average,none,1.4375412940979009,1.783740165471931,9.004350734020464
NVDA_w12_s0021,NVDA,technology,12,linear_trend,none,2.160066006789584,2.3701946461304715,12.204755833552694
NVDA_w12_s0022,NVDA,technology,12,naive,none,1.128769091197422,1.292345885282349,9.219310107184228
NVDA_w12_s0022,NVDA,technology,12,moving_average,none,1.3281300340379987,1.4981187648979075,10.845716760722441
NVDA_w12_s0022,NVDA,technology,12,linear_trend,none,4.513917910357281,4.603153702140402,36.16188295373616
NVDA_w12_s0023,NVDA,technology,12,naive,none,2.4351275307791576,2.862858539184879,16.092329760666583
NVDA_w12_s0023,NVDA,technology,12,moving_average,none,2.6905930382864818,3.083083492528359,17.897816286398946
NVDA_w12_s0023,NVDA,technology,12,linear_trend,none,5.343358361872932,5.936062454442382,35.85842238092394
NVDA_w12_s0024,NVDA,technology,12,naive,none,1.001492977142334,1.1995202191072623,6.485921380408531
NVDA_w12_s0024,NVDA,technology,12,moving_average,none,1.0087187222072056,1.162842402241124,6.38957559809004
NVDA_w12_s0024,NVDA,technology,12,linear_trend,none,1.3965446585530281,1.5194051905648585,8.690870583891353
NVDA_w12_s0025,NVDA,technology,12,naive,none,4.765399115426199,5.28437495540297,23.214794120229044
NVDA_w12_s0025,NVDA,technology,12,moving_average,none,5.063684599740164,5.554861984390885,24.75783745562748
NVDA_w12_s0025,NVDA,technology,12,linear_trend,none,2.188519355644108,2.5664092224812043,10.562070631316542
NVDA_w12_s0026,NVDA,technology,12,naive,none,2.469175474984305,2.8860200063735912,9.82866294967987
NVDA_w12_s0026,NVDA,technology,12,moving_average,none,2.3467328207833424,2.7668009284199613,9.341256805393016
NVDA_w12_s0026,NVDA,technology,12,linear_trend,none,1.851149432294703,2.0896526406219773,7.4063882189924355
NVDA_w12_s0027,NVDA,technology,12,naive,none,0.661950043269566,0.8823249668368787,2.3648564082417667
NVDA_w12_s0027,NVDA,technology,12,moving_average,none,0.7988997186933239,1.0148511144634966,2.855013636974683
NVDA_w12_s0027,NVDA,technology,12,linear_trend,none,2.5516399781171057,2.877396004440598,9.290979550228238
NVDA_w12_s0028,NVDA,technology,12,naive,none,7.465002059936523,9.056632872559831,19.020014850718116
NVDA_w12_s0028,NVDA,technology,12,moving_average,none,7.667065102713449,9.236430087227657,19.58288117125653
NVDA_w12_s0028,NVDA,technology,12,linear_trend,none,5.439787662071381,6.734866099328758,13.789156802972391
NVDA_w12_s0029,NVDA,technology,12,naive,none,1.8693248203822541,2.066637165770063,4.244267990821263
NVDA_w12_s0029,NVDA,technology,12,moving_average,none,1.9265077318464008,2.4397059412433757,4.263543862556258
NVDA_w12_s0029,NVDA,technology,12,linear_trend,none,1.1005100255770934,1.3411063143052604,2.487070722352237
NVDA_w12_s0030,NVDA,technology,12,naive,none,2.0077270780290872,2.4626626265102356,4.521532781592289
NVDA_w12_s0030,NVDA,technology,12,moving_average,none,1.8678226743425643,2.2456458247382747,4.161758485040569
NVDA_w12_s0030,NVDA,technology,12,linear_trend,none,7.932966973935874,8.208791571551663,17.510353351944147
NVDA_w12_s0031,NVDA,technology,12,naive,none,1.686997549874442,2.1401690095143033,3.929210357972613
NVDA_w12_s0031,NVDA,technology,12,moving_average,none,3.044722202845985,3.4345978500430867,7.04297940807927
NVDA_w12_s0031,NVDA,technology,12,linear_trend,none,4.27065059709966,4.543662001161707,9.811020634228292
NVDA_w12_s0032,NVDA,technology,12,naive,none,3.9654809406825473,4.79031186648961,8.325478276034826
NVDA_w12_s0032,NVDA,technology,12,moving_average,none,3.1176422391619005,3.4072779913270566,6.8318624964794035
NVDA_w12_s0032,NVDA,technology,12,linear_trend,none,3.388085025238762,3.7419915184247787,7.322516897034433
NVDA_w12_s0033,NVDA,technology,12,naive,none,1.3520525523594453,1.7946906016353334,2.752569488816296
NVDA_w12_s0033,NVDA,technology,12,moving_average,none,1.309756714957101,1.7096297433121908,2.701205272123737
NVDA_w12_s0033,NVDA,technology,12,linear_trend,none,1.132178960737156,1.5126383025659655,2.2958730829407066
NVDA_w12_s0034,NVDA,technology,12,naive,none,10.954442977905273,12.644027568385678,16.28466319437217
NVDA_w12_s0034,NVDA,technology,12,moving_average,none,14.081134414672855,15.432108041288561,21.213380022011048
NVDA_w12_s0034,NVDA,technology,12,linear_trend,none,11.636492968025149,12.795145505079107,17.51635999695371
NVDA_w12_s0035,NVDA,technology,12,naive,none,17.060768944876536,18.05635271247661,19.336354953804786
NVDA_w12_s0035,NVDA,technology,12,moving_average,none,14.556818335396896,15.558108650255374,16.480071555833888
NVDA_w12_s0035,NVDA,technology,12,linear_trend,none,9.530079766840572,10.017426492857766,10.885633593658795
NVDA_w12_s0036,NVDA,technology,12,naive,none,4.286182948521206,5.496568280001621,5.156170557845927
NVDA_w12_s0036,NVDA,technology,12,moving_average,none,5.497727530343193,6.5642539841738605,6.573847328403073
NVDA_w12_s0036,NVDA,technology,12,linear_trend,none,21.783827223216456,22.917545119031043,25.493985380882084
NVDA_w12_s0037,NVDA,technology,12,naive,none,22.665606907435826,26.958389768700734,18.931973986756347
NVDA_w12_s0037,NVDA,technology,12,moving_average,none,21.30287017822266,25.80844905983975,17.69000964248728
NVDA_w12_s0037,NVDA,technology,12,linear_trend,none,19.301009129079173,23.478249393987987,16.006962667345597
NVDA_w12_s0038,NVDA,technology,12,naive,none,8.728655678885321,10.818430179841883,7.4609957893150325
NVDA_w12_s0038,NVDA,technology,12,moving_average,none,9.600941140311113,11.599505636375703,8.184458757533653
NVDA_w12_s0038,NVDA,technology,12,linear_trend,none,11.14907798217439,15.597207907772171,9.619967604121664
NVDA_w12_s0039,NVDA,technology,12,naive,none,9.351205280848912,10.276529045289582,8.336685753147668
NVDA_w12_s0039,NVDA,technology,12,moving_average,none,9.288379396711079,10.571535406256746,7.89441291043541
NVDA_w12_s0039,NVDA,technology,12,linear_trend,none,23.6017272705737,25.705648044693422,21.422971480789446
NVDA_w12_s0040,NVDA,technology,12,naive,none,16.512711661202566,18.29991018711554,12.916182301263543
NVDA_w12_s0040,NVDA,technology,12,moving_average,none,18.447765677315854,20.063327862935218,14.47578602540406
NVDA_w12_s0040,NVDA,technology,12,linear_trend,none,17.389331351100157,20.04220779863898,13.521683433134704
NVDA_w12_s0041,NVDA,technology,12,naive,none,5.058348519461496,5.927525282899538,3.511368189566635
NVDA_w12_s0041,NVDA,technology,12,moving_average,none,6.225312151227671,7.360201961425616,4.308417970504442
NVDA_w12_s0041,NVDA,technology,12,linear_trend,none,7.199921780646818,8.066812002690785,5.0174492152295755
TGT_w04_s0000,TGT,consumer,4,naive,none,3.6753853389195017,4.458706215506502,4.012188462775612
TGT_w04_s0000,TGT,consumer,4,moving_average,none,3.7023951394217356,4.541528648234951,4.048249080603033
TGT_w04_s0000,TGT,consumer,4,linear_trend,none,8.516070097729697,9.187311673617419,9.036688405272079
TGT_w04_s0001,TGT,consumer,4,naive,none,5.744358062744141,6.796123853412874,7.0566300931013615
TGT_w04_s0001,TGT,consumer,4,moving_average,none,5.932832009451731,7.021595444510001,7.294992050233542
TGT_w04_s0001,TGT,consumer,4,linear_trend,none,8.507173905746509,11.852295244010872,9.665217425765709
TGT_w04_s0002,TGT,consumer,4,naive,none,7.570482526506696,8.71901662436684,7.586161160259043
TGT_w04_s0002,TGT,consumer,4,moving_average,none,6.192394801548545,7.304233936565981,6.199521599657898
TGT_w04_s0002,TGT,consumer,4,linear_trend,none,6.894018703833564,7.8085472784983,7.056196075736917
TGT_w04_s0003,TGT,consumer,4,naive,none,1.0905475616455094,1.3056415599517575,1.0791432035067476
TGT_w04_s0003,TGT,consumer,4,moving_average,none,1.1539881569998651,1.4728922847637453,1.1340634515809178
TGT_w04_s0003,TGT,consumer,4,linear_trend,none,6.181743392370682,6.985090402941918,6.151960650758936
TGT_w04_s0004,TGT,consumer,4,naive,none,7.716599055698942,10.143292802777111,6.809284590947218
TGT_w04_s0004,TGT,consumer,4,moving_average,none,8.138458033970428,10.473592737814284,7.199804123680985
TGT_w04_s0004,TGT,consumer,4,linear_trend,none,7.968746021815712,10.40576612756987,7.037124503766521
TGT_w04_s0005,TGT,consumer,4,naive,none,3.5149220057896193,4.161192966876909,2.782903200793916
TGT_w04_s0005,TGT,consumer,4,moving_average,none,9.105205862862727,9.483812266196773,7.0798119829388355
TGT_w04_s0005,TGT,consumer,4,linear_trend,none,9.132092990731833,10.219681709111043,7.137824878730424
TGT_w04_s0006,TGT,consumer,4,naive,none,3.416534423828125,4.1571002969365205,2.4793265148686516
TGT_w04_s0006,TGT,consumer,4,moving_average,none,5.161809866768978,5.964496812774103,3.7447119776917037
TGT_w04_s0006,TGT,consumer,4,linear_trend,none,4.761112597062945,5.225024654981947,3.5182646980797996
TGT_w04_s0007,TGT,consumer,4,naive,none,9.238791329520089,10.36433518473012,6.225231362399657
TGT_w04_s0007,TGT,consumer,4,moving_average,none,11.899882507324213,13.21468881383362,8.014925109576641
TGT_w04_s0007,TGT,consumer,4,linear_trend,none,21.104506608776568,22.917506026652855,14.262399548812771
TGT_w04_s0008,TGT,consumer,4,naive,none,11.265081133161273,13.547068803978611,6.943614256831516
TGT_w04_s0008,TGT,consumer,4,moving_average,none,11.131916373116624,13.428587710101421,6.859319718988304
TGT_w04_s0008,TGT,consumer,4,linear_trend,none,14.993081739612112,17.509079097948078,9.275084535443922
TGT_w04_s0009,TGT,consumer,4,naive,none,6.093262808663504,6.802271080117649,3.8217077682048872
TGT_w04_s0009,TGT,consumer,4,moving_average,none,5.0356068202427435,5.863024513349949,3.2007992222495405
TGT_w04_s0009,TGT,consumer,4,linear_trend,none,4.823724630747141,6.452200753775699,3.139717505385411
TGT_w04_s0010,TGT,consumer,4,naive,none,15.299455915178571,17.559211593449465,8.812745776257884
TGT_w04_s0010,TGT,consumer,4,moving_average,none,16.963179670061397,19.07147763575483,9.797406348834457
TGT_w04_s0010,TGT,consumer,4,linear_trend,none,32.69216032673542,36.16726893942006,18.932354423524988
TGT_w04_s0011,TGT,consumer,4,naive,none,7.169381822858541,9.739032069082675,3.776426736278767
TGT_w04_s0011,TGT,consumer,4,moving_average,none,6.8891225542341035,9.396925014606738,3.6296701464091847
TGT_w04_s0011,TGT,consumer,4,linear_trend,none,5.879879657487224,7.104153874541427,3.2729691810143278
TGT_w04_s0012,TGT,consumer,4,naive,none,8.977434975760325,10.743093735678881,4.3157078312923325
TGT_w04_s0012,TGT,consumer,4,moving_average,none,9.386510903494687,11.087213861516458,4.516117031546681
TGT_w04_s0012,TGT,consumer,4,linear_trend,none,5.3050313709885675,5.97139908134415,2.5795620326155437
TGT_w04_s0013,TGT,consumer,4,naive,none,5.485676356724352,6.265021201698847,2.455987846252581
TGT_w04_s0013,TGT,consumer,4,moving_average,none,8.089581080845427,8.954590182461947,3.621450421889784
TGT_w04_s0013,TGT,consumer,4,linear_trend,none,7.6889838656087965,10.765584770838947,3.4910311164617625
TGT_w04_s0014,TGT,consumer,4,naive,none,3.120091029575891,3.9814795072719935,1.4841576860557883
TGT_w04_s0014,TGT,consumer,4,moving_average,none,7.920749337332599,8.8551219843167,3.7870442894689114
TGT_w04_s0014,TGT,consumer,4,linear_trend,none,5.522621573541401,5.976204917434095,2.6345063921630976
TGT_w04_s0015,TGT,consumer,4,naive,none,12.897977556501104,14.384300529800816,5.94865951753611
TGT_w04_s0015,TGT,consumer,4,moving_average,none,12.215260096958705,13.166239611888512,5.677000140884466
TGT_w04_s0015,TGT,consumer,4,linear_trend,none,16.425840862532308,18.68491530559589,7.552982543966004
TGT_w04_s0016,TGT,consumer,4,naive,none,8.142656598772318,10.37559987956553,3.9305182917511927
TGT_w04_s0016,TGT,consumer,4,moving_average,none,10.727469090053019,12.89069441773095,5.180419593306758
TGT_w04_s0016,TGT,consumer,4,linear_trend,none,27.435254583143685,31.529544021317246,13.215444766468229
TGT_w04_s0017,TGT,consumer,4,naive,none,4.47068187168666,5.27575329279458,2.312163970354544
TGT_w04_s0017,TGT,consumer,4,moving_average,none,6.644507598876941,8.16258047022927,3.5022388017489074
TGT_w04_s0017,TGT,consumer,4,linear_trend,none,10.367984688141181,11.07811028885185,5.3577318966473015
TGT_w04_s0018,TGT,consumer,4,naive,none,7.308771405901247,9.529508415163818,4.132381933775718
TGT_w04_s0018,TGT,consumer,4,moving_average,none,6.504849025181363,8.542258400831745,3.662263695866673
TGT_w04_s0018,TGT,consumer,4,linear_trend,none,12.067089266833348,15.775906238802637,6.456343057497269
TGT_w04_s0019,TGT,consumer,4,naive,none,8.68776048932757,11.879379654805708,4.308698263333906
TGT_w04_s0019,TGT,consumer,4,moving_average,none,8.604704938616077,11.790245620594346,4.267530082428328
TGT_w04_s0019,TGT,consumer,4,linear_trend,none,5.241673395994782,6.625166430354961,2.700266971819842
TGT_w04_s0020,TGT,consumer,4,naive,none,37.34468569074358,47.52922414067357,24.579317508146985
TGT_w04_s0020,TGT,consumer,4,moving_average,none,30.749181801932213,42.183685081023974,20.732231212432936
TGT_w04_s0020,TGT,consumer,4,linear_trend,none,50.58379171844711,64.09184530149722,33.18455763126133
TGT_w04_s0021,TGT,consumer,4,naive,none,11.800729206630162,13.006836533407146,9.305599533252897
TGT_w04_s0021,TGT,consumer,4,moving_average,none,10.070871462140774,11.323049841674628,7.957327506824459
TGT_w04_s0021,TGT,consumer,4,linear_trend,none,65.56422115411972,72.97808241341258,51.26851797208138
TGT_w04_s0022,TGT,consumer,4,naive,none,15.578840255737319,17.608567676265956,10.689271808004598
TGT_w04_s0022,TGT,consumer,4,moving_average,none,13.788611548287529,15.948711995362485,9.43071861821743
TGT_w04_s0022,TGT,consumer,4,linear_trend,none,12.47382836715748,14.401769079100836,8.533675255410444
TGT_w04_s0023,TGT,consumer,4,naive,none,5.9254559108189175,7.406059471027743,4.284621989421787
TGT_w04_s0023,TGT,consumer,4,moving_average,none,10.283327048165452,11.82326301503412,7.418281469574306
TGT_w04_s0023,TGT,consumer,4,linear_trend,none,25.545931565134158,28.039059054068776,18.286898655087207
TGT_w04_s0024,TGT,consumer,4,naive,none,6.002270017351423,7.267172995060776,4.244722419915938
TGT_w04_s0024,TGT,consumer,4,moving_average,none,6.209248951503208,7.459602731170234,4.391625621484978
TGT_w04_s0024,TGT,consumer,4,linear_trend,none,19.406756967530207,22.57586523885146,13.761571999686229
TGT_w04_s0025,TGT,consumer,4,naive,none,6.372329439435687,7.464306827224494,4.575910468990342
TGT_w04_s0025,TGT,consumer,4,moving_average,none,6.2847727639334545,7.330608820107111,4.474689107611633
TGT_w04_s0025,TGT,consumer,4,linear_trend,none,14.05667262994128,16.644815872130252,10.315528413548781
TGT_w04_s0026,TGT,consumer,4,naive,none,11.1457827431815,13.175253192993427,7.791503567039772
TGT_w04_s0026,TGT,consumer,4,moving_average,none,9.117825262887132,10.680553549304449,6.405714161245325
TGT_w04_s0026,TGT,consumer,4,linear_trend,none,21.635448282079974,25.752576301637745,15.110297977733225
TGT_w04_s0027,TGT,consumer,4,naive,none,4.4894817897251675,5.417262758979527,3.042777955095785
TGT_w04_s0027,TGT,consumer,4,moving_average,none,4.12195314679827,5.063193792250781,2.7327937619154286
TGT_w04_s0027,TGT,consumer,4,linear_trend,none,12.56165811475187,15.510167669393606,8.575071254496551
TGT_w04_s0028,TGT,consumer,4,naive,none,3.948042188371931,4.8074831304409,2.7019523558942304
TGT_w04_s0028,TGT,consumer,4,moving_average,none,2.7164584568568637,3.337295975963648,1.8680633532041773
TGT_w04_s0028,TGT,consumer,4,linear_trend,none,12.123281917715428,14.107130711166754,8.337756376025265
TGT_w04_s0029,TGT,consumer,4,naive,none,8.650922502790177,11.541737497685588,6.748348614763729
TGT_w04_s0029,TGT,consumer,4,moving_average,none,8.51617082868304,11.43298397018728,6.647994389136456
TGT_w04_s0029,TGT,consumer,4,linear_trend,none,12.335722121618753,15.029375642140277,9.516347166224621
TGT_w04_s0030,TGT,consumer,4,naive,none,1.7359338487897513,2.1630177283802996,1.4651239236675182
TGT_w04_s0030,TGT,consumer,4,moving_average,none,2.8335181644984657,3.311550354568644,2.4179651888191693
TGT_w04_s0030,TGT,consumer,4,linear_trend,none,13.786705986539216,16.7706557658645,11.607093905662172
TGT_w04_s0031,TGT,consumer,4,naive,none,1.861189433506558,2.378647862728482,1.5921650120076494
TGT_w04_s0031,TGT,consumer,4,moving_average,none,1.7981967926025402,2.250177002698959,1.5316508469431696
TGT_w04_s0031,TGT,consumer,4,linear_trend,none,2.1409744406104956,2.4765813319168117,1.8008390367894984
TGT_w04_s0032,TGT,consumer,4,naive,none,4.866836275373187,7.11469881425814,4.760147945113252
TGT_w04_s0032,TGT,consumer,4,moving_average,none,7.769395610264374,9.524792798898938,7.465868731068724
TGT_w04_s0032,TGT,consumer,4,linear_trend,none,2.871387370649391,3.7729694447625377,2.764312587087279
TGT_w04_s0033,TGT,consumer,4,naive,none,2.582387106759218,3.0225206565547693,2.590263236974178
TGT_w04_s0033,TGT,consumer,4,moving_average,none,1.6513208661760597,1.949288858864698,1.6795568487979144
TGT_w04_s0033,TGT,consumer,4,linear_trend,none,13.813853076807792,16.09391070267222,13.908611636385974
TGT_w04_s0034,TGT,consumer,4,naive,none,23.29983275277274,24.594684916226228,19.059439616942633
TGT_w04_s0034,TGT,consumer,4,moving_average,none,20.391080638340547,21.55088821459557,16.679881328686648
TGT_w04_s0034,TGT,consumer,4,linear_trend,none,21.386547602849156,22.642721191534577,17.48513801504915
TGT_w04_s0035,TGT,consumer,4,naive,none,3.781280790056502,4.113754177495149,2.9236263476965387
TGT_w04_s0035,TGT,consumer,4,moving_average,none,2.23253931318011,2.6531740436513727,1.7221541355484933
TGT_w04_s0035,TGT,consumer,4,linear_trend,none,4.881563243189886,6.105677374119754,3.8113058088225085
TGT_w04_s0036,TGT,consumer,4,naive,none,9.391040257045201,12.897346238316045,6.307655596715117
TGT_w04_s0036,TGT,consumer,4,moving_average,none,11.81439666748048,14.841460008060105,8.02518493948835
TGT_w04_s0036,TGT,consumer,4,linear_trend,none,12.717164950263237,15.62512807131574,8.663775282305098
TGT_w04_s0037,TGT,consumer,4,naive,none,3.770561763218471,4.73804417126859,2.378431257029009
TGT_w04_s0037,TGT,consumer,4,moving_average,none,3.210400281633649,3.8695754419842157,2.041000572618693
TGT_w04_s0037,TGT,consumer,4,linear_trend,none,20.408513371747237,23.80628490907774,13.174849273085226
TGT_w04_s0038,TGT,consumer,4,naive,none,8.28681891305106,9.982102739866981,5.887900730984928
TGT_w04_s0038,TGT,consumer,4,moving_average,none,8.36401617867605,10.046281603096432,5.941323652391701
TGT_w04_s0038,TGT,consumer,4,linear_trend,none,3.647256681972879,4.402326433790611,2.526090670819273
TGT_w04_s0039,TGT,consumer,4,naive,none,5.733592987060547,6.225294320216093,4.253354185504579
TGT_w04_s0039,TGT,consumer,4,moving_average,none,3.863926369803297,4.383572594369321,2.8710518802211085
TGT_w04_s0039,TGT,consumer,4,linear_trend,none,8.553391868189747,10.74578334930747,6.242716435096878
TGT_w04_s0040,TGT,consumer,4,naive,none,7.536894389561245,9.345734250943774,5.826048598077267
TGT_w04_s0040,TGT,consumer,4,moving_average,none,6.8173154013497514,8.566350125356367,5.2566646193799045
TGT_w04_s0040,TGT,consumer,4,linear_trend,none,10.395546998168424,12.885959557512779,8.067076684381124
TGT_w04_s0041,TGT,consumer,4,naive,none,3.441880362374442,4.19079967277244,2.436376005158956
TGT_w04_s0041,TGT,consumer,4,moving_average,none,4.340263148716526,4.993620213279945,2.9994801186258893
TGT_w04_s0041,TGT,consumer,4,linear_trend,none,6.266378488755755,7.171487264516878,4.335997569938925
TGT_w04_s0042,TGT,consumer,4,naive,none,2.692225319998605,3.803093112491342,1.859267768156367
TGT_w04_s0042,TGT,consumer,4,moving_average,none,3.495089612688332,3.8133151359454533,2.470570191176492
TGT_w04_s0042,TGT,consumer,4,linear_trend,none,7.1306989176060736,8.288337759618631,5.090392860997132
TGT_w04_s0043,TGT,consumer,4,naive,none,16.265373502458846,18.232788908381544,13.290049901720566
TGT_w04_s0043,TGT,consumer,4,moving_average,none,14.68082041059222,16.03629162581665,11.936660339286558
TGT_w04_s0043,TGT,consumer,4,linear_trend,none,9.100315042776398,10.300337178610604,7.324593351005566
TGT_w08_s0000,TGT,consumer,8,naive,none,4.526732853480747,5.295708833453714,5.546361319672772
TGT_w08_s0000,TGT,consumer,8,moving_average,none,7.690877314976289,8.941572185800872,9.479035265847912
TGT_w08_s0000,TGT,consumer,8,linear_trend,none,5.558307569540082,6.489981936373994,6.840737895371911
TGT_w08_s0001,TGT,consumer,8,naive,none,6.61648804800851,8.22744002626741,6.749145925888154
TGT_w08_s0001,TGT,consumer,8,moving_average,none,12.572154072352813,13.524832614353889,13.057228373320163
TGT_w08_s0001,TGT,consumer,8,linear_trend,none,25.003127725806195,26.56874867314111,26.029868357619286
TGT_w08_s0002,TGT,consumer,8,naive,none,3.249610083443779,3.6017580633075554,3.243982028539901
TGT_w08_s0002,TGT,consumer,8,moving_average,none,1.8504008156912661,2.197795718386604,1.8505003917557545
TGT_w08_s0002,TGT,consumer,8,linear_trend,none,10.847770931291953,11.998437178908317,10.764822355243805
TGT_w08_s0003,TGT,consumer,8,naive,none,3.4973111833844883,4.75381266917005,3.279821047810136
TGT_w08_s0003,TGT,consumer,8,moving_average,none,3.0995246887207024,4.324647057934139,2.9037812183710967
TGT_w08_s0003,TGT,consumer,8,linear_trend,none,2.0688789572673576,2.721334527981022,1.9685290308751875
TGT_w08_s0004,TGT,consumer,8,naive,none,12.575348172869003,13.93620729510443,9.919225955859616
TGT_w08_s0004,TGT,consumer,8,moving_average,none,14.321079090663373,15.531173179185203,11.330200363624877
TGT_w08_s0004,TGT,consumer,8,linear_trend,none,13.630880825029426,14.612969690947201,10.813817293102721
TGT_w08_s0005,TGT,consumer,8,naive,none,9.815254483904157,10.647615330030613,7.167171191782494
TGT_w08_s0005,TGT,consumer,8,moving_average,none,9.354509244646339,10.224447899064089,6.826286592455443
TGT_w08_s0005,TGT,consumer,8,linear_trend,none,7.363369851021624,8.356461674418501,5.448927553516414
TGT_w08_s0006,TGT,consumer,8,naive,none,9.08549063546317,11.67100346047212,6.141392503263919
TGT_w08_s0006,TGT,consumer,8,moving_average,none,8.14340100969587,10.246540539544805,5.536073375655237
TGT_w08_s0006,TGT,consumer,8,linear_trend,none,6.52625886349153,7.550638534623469,4.7721854469664375
TGT_w08_s0007,TGT,consumer,8,naive,none,7.00614983694894,10.520829171581202,4.300090180167617
TGT_w08_s0007,TGT,consumer,8,moving_average,none,6.653394753592356,9.318385184669285,4.127790913271403
TGT_w08_s0007,TGT,consumer,8,linear_trend,none,5.339603426730588,5.862708222057015,3.440113491475484
TGT_w08_s0008,TGT,consumer,8,naive,none,2.725600106375558,3.347961961694755,1.7015458314169434
TGT_w08_s0008,TGT,consumer,8,moving_average,none,5.969286019461484,6.841380189018246,3.7577262670556113
TGT_w08_s0008,TGT,consumer,8,linear_trend,none,6.445230246906577,7.64081823685145,4.045550479090649
TGT_w08_s0009,TGT,consumer,8,naive,none,8.937665121895927,10.135628596042071,5.480201507166691
TGT_w08_s0009,TGT,consumer,8,moving_average,none,8.967034367152623,10.217393992016184,5.484490188030328
TGT_w08_s0009,TGT,consumer,8,linear_trend,none,8.83073132652215,9.885163319481082,5.489242217178844
TGT_w08_s0010,TGT,consumer,8,naive,none,3.0780056544712644,4.224178599759806,1.696347198313371
TGT_w08_s0010,TGT,consumer,8,moving_average,none,3.372915540422715,4.536407831573045,1.8594737159172279
TGT_w08_s0010,TGT,consumer,8,linear_trend,none,4.543647035278232,5.106379983786144,2.5344132568802737
TGT_w08_s0011,TGT,consumer,8,naive,none,10.921819414411276,11.787754611261475,5.438074410220174
TGT_w08_s0011,TGT,consumer,8,moving_average,none,18.11635676792689,18.65120376804445,9.052759922627596
TGT_w08_s0011,TGT,consumer,8,linear_trend,none,11.449031882284796,11.65689807983495,5.730571840233629
TGT_w08_s0012,TGT,consumer,8,naive,none,10.902165004185244,12.088928003495923,4.929239671125112
TGT_w08_s0012,TGT,consumer,8,moving_average,none,12.346034676688069,13.411065609721291,5.589557177767688
TGT_w08_s0012,TGT,consumer,8,linear_trend,none,1.6665878519811181,2.112548378233425,0.7560486219969245
TGT_w08_s0013,TGT,consumer,8,naive,none,10.191604614257812,11.406139149515463,4.79105784929487
TGT_w08_s0013,TGT,consumer,8,moving_average,none,9.50678056989398,10.598209323251877,4.467637195153369
TGT_w08_s0013,TGT,consumer,8,linear_trend,none,23.561002581843532,25.993470790652314,11.061056634037188
TGT_w08_s0014,TGT,consumer,8,naive,none,9.441587175641743,10.697299866803084,4.629493398029932
TGT_w08_s0014,TGT,consumer,8,moving_average,none,8.75110299246652,9.971718471782589,4.266529903197998
TGT_w08_s0014,TGT,consumer,8,linear_trend,none,9.624057469793572,12.905618197953622,4.510687054651705
TGT_w08_s0015,TGT,consumer,8,naive,none,5.192048754010876,6.231270546162273,2.402877690658568
TGT_w08_s0015,TGT,consumer,8,moving_average,none,5.380518777029851,6.481422255830967,2.493804730681979
TGT_w08_s0015,TGT,consumer,8,linear_trend,none,6.966619601284196,8.514637259544564,3.1399836785010895
TGT_w08_s0016,TGT,consumer,8,naive,none,15.01966149466378,15.944326303562661,7.68307543645753
TGT_w08_s0016,TGT,consumer,8,moving_average,none,13.965724727085643,14.9556937991163,7.149093442330767
TGT_w08_s0016,TGT,consumer,8,linear_trend,none,18.909092336249273,19.62394518318054,9.652241822788392
TGT_w08_s0017,TGT,consumer,8,naive,none,8.231168474469865,10.704410908735673,4.6704772789824665
TGT_w08_s0017,TGT,consumer,8,moving_average,none,11.151965114048554,13.329660495072599,6.285292097919931
TGT_w08_s0017,TGT,consumer,8,linear_trend,none,3.1420749728719946,4.015260189896996,1.7442096927943005
TGT_w08_s0018,TGT,consumer,8,naive,none,15.559585571289062,16.296338276738034,8.16501946884236
TGT_w08_s0018,TGT,consumer,8,moving_average,none,19.393716430664057,19.98965169963247,10.19322914880584
TGT_w08_s0018,TGT,consumer,8,linear_trend,none,27.921727681830912,29.02672665393085,14.701115454051065
TGT_w08_s0019,TGT,consumer,8,naive,none,9.177411215645927,13.882089358976318,4.968001803758597
TGT_w08_s0019,TGT,consumer,8,moving_average,none,14.218128640311107,17.44956814752725,7.279555754268455
TGT_w08_s0019,TGT,consumer,8,linear_trend,none,11.544733712066753,16.089265615581095,6.1946842790269745
TGT_w08_s0020,TGT,consumer,8,naive,none,8.963848658970424,10.708019293661005,6.990962661181835
TGT_w08_s0020,TGT,consumer,8,moving_average,none,47.3161104474749,47.76160514811226,36.03233129316427
TGT_w08_s0020,TGT,consumer,8,linear_trend,none,60.77622438367906,61.078456353390514,46.196853692431986
TGT_w08_s0021,TGT,consumer,8,naive,none,11.020396096365792,13.269934249327353,7.898202856629445
TGT_w08_s0021,TGT,consumer,8,moving_average,none,7.8545850481305814,10.111234710439614,5.597772549473961
TGT_w08_s0021,TGT,consumer,8,linear_trend,none,55.9047838667576,60.823546610523046,40.64462737796647
TGT_w08_s0022,TGT,consumer,8,naive,none,4.043457576206753,5.312389371264869,2.6985261791179793
TGT_w08_s0022,TGT,consumer,8,moving_average,none,3.784270695277623,4.806613417609312,2.541303656410122
TGT_w08_s0022,TGT,consumer,8,linear_trend,none,7.950474702471609,8.827569056039206,5.457631272853948
TGT_w08_s0023,TGT,consumer,8,naive,none,8.599816731044225,9.51334510975088,6.412398619844504
TGT_w08_s0023,TGT,consumer,8,moving_average,none,8.83163457598006,9.771043951598577,6.585713063088983
TGT_w08_s0023,TGT,consumer,8,linear_trend,none,13.5393897790431,14.199052688105983,10.041689368288552
TGT_w08_s0024,TGT,consumer,8,naive,none,4.967980521065848,6.119078883684287,3.509137292806961
TGT_w08_s0024,TGT,consumer,8,moving_average,none,3.9972130911690846,5.271868577403497,2.7899810091372386
TGT_w08_s0024,TGT,consumer,8,linear_trend,none,12.014965177969016,13.160386736369095,8.267514160482945
TGT_w08_s0025,TGT,consumer,8,naive,none,5.086918422154019,5.968339492572024,3.833786052770548
TGT_w08_s0025,TGT,consumer,8,moving_average,none,6.856100681849893,8.223203693815538,5.251639951304206
TGT_w08_s0025,TGT,consumer,8,linear_trend,none,13.452948703474467,14.326510083752389,10.19360889840245
TGT_w08_s0026,TGT,consumer,8,naive,none,9.934779575892858,10.792513255959369,6.527646948275105
TGT_w08_s0026,TGT,consumer,8,moving_average,none,8.012092808314744,9.053846051680448,5.249225601752645
TGT_w08_s0026,TGT,consumer,8,linear_trend,none,17.41529376945814,17.957711770450892,11.499896048365514
TGT_w08_s0027,TGT,consumer,8,naive,none,2.980786459786551,3.3792998475891802,2.070299031726878
TGT_w08_s0027,TGT,consumer,8,moving_average,none,3.858476366315561,4.819140950676084,2.7198458824996186
TGT_w08_s0027,TGT,consumer,8,linear_trend,none,15.976069387140928,16.449378600655265,11.128494103796603
TGT_w08_s0028,TGT,consumer,8,naive,none,9.641011374337333,10.049777960780881,6.874189083383424
TGT_w08_s0028,TGT,consumer,8,moving_average,none,7.427101462227946,7.950520289334767,5.304925177052772
TGT_w08_s0028,TGT,consumer,8,linear_trend,none,2.070986525618142,2.5786724960524645,1.4573566053740048
TGT_w08_s0029,TGT,consumer,8,naive,none,16.14458383832659,16.887690348404924,13.61677350582764
TGT_w08_s0029,TGT,consumer,8,moving_average,none,20.158402197701584,20.758315855462666,16.962297086141493
TGT_w08_s0029,TGT,consumer,8,linear_trend,none,16.26249320787578,16.840394422302246,13.691390935107052
TGT_w08_s0030,TGT,consumer,8,naive,none,1.4469383784702836,1.7251252714343817,1.2102621853702251
TGT_w08_s0030,TGT,consumer,8,moving_average,none,1.2607497623988553,1.533506945193871,1.061067906908755
TGT_w08_s0030,TGT,consumer,8,linear_trend,none,17.471343531234115,18.517383515535176,14.681196107594467
TGT_w08_s0031,TGT,consumer,8,naive,none,4.567807606288368,5.193853537281051,4.10503386107814
TGT_w08_s0031,TGT,consumer,8,moving_average,none,4.933961105346676,5.561650312188183,4.432294225663218
TGT_w08_s0031,TGT,consumer,8,linear_trend,none,5.7111717299781235,6.267442237865701,5.122569906382245
TGT_w08_s0032,TGT,consumer,8,naive,none,9.917444501604352,10.193803709877125,10.100666340863075
TGT_w08_s0032,TGT,consumer,8,moving_average,none,10.944853864397318,11.195881150946322,11.14123499911693
TGT_w08_s0032,TGT,consumer,8,linear_trend,none,5.696540892076259,6.42746816235096,5.813684119005164
TGT_w08_s0033,TGT,consumer,8,naive,none,14.332264219011579,17.554216544663642,12.007671926910076
TGT_w08_s0033,TGT,consumer,8,moving_average,none,13.983261816842218,17.199451543411726,11.70630768274396
TGT_w08_s0033,TGT,consumer,8,linear_trend,none,23.781007183732385,27.330369739429525,20.22222962809599
TGT_w08_s0034,TGT,consumer,8,naive,none,4.499912534441282,4.922133399727357,3.4970719214430375
TGT_w08_s0034,TGT,consumer,8,moving_average,none,5.521547971452991,5.870747515278311,4.2965681376270055
TGT_w08_s0034,TGT,consumer,8,linear_trend,none,7.715139748576634,9.67812278996727,6.032484328055198
TGT_w08_s0035,TGT,consumer,8,naive,none,6.088738577706473,7.3448739919829755,4.451825528570477
TGT_w08_s0035,TGT,consumer,8,moving_average,none,7.04482607160296,8.267876932856815,5.159974683925673
TGT_w08_s0035,TGT,consumer,8,linear_trend,none,2.16357718043147,2.551783418783138,1.6214689251636851
TGT_w08_s0036,TGT,consumer,8,naive,none,13.98901857648577,14.454204439291397,8.885134015770134
TGT_w08_s0036,TGT,consumer,8,moving_average,none,16.490842437744153,17.025447446887338,10.470582658131564
TGT_w08_s0036,TGT,consumer,8,linear_trend,none,12.546516042559583,13.082713557980256,7.971699683006937
TGT_w08_s0037,TGT,consumer,8,naive,none,8.36953353881836,8.92716580804968,5.660426064460262
TGT_w08_s0037,TGT,consumer,8,moving_average,none,8.259258270263672,8.823862242914085,5.586418400039112
TGT_w08_s0037,TGT,consumer,8,linear_trend,none,25.946240411153667,27.225705428330944,17.513275334360166
TGT_w08_s0038,TGT,consumer,8,naive,none,8.35667473929269,8.79857922003999,6.19752317983155
TGT_w08_s0038,TGT,consumer,8,moving_average,none,10.52995659964424,10.903215612935426,7.799630314644265
TGT_w08_s0038,TGT,consumer,8,linear_trend,none,3.6458700369714996,4.388689182706071,2.699240504573205
TGT_w08_s0039,TGT,consumer,8,naive,none,5.197604860578265,6.305310650120268,3.923553681995645
TGT_w08_s0039,TGT,consumer,8,moving_average,none,4.841775785173687,6.345227303771107,3.6916570934571826
TGT_w08_s0039,TGT,consumer,8,linear_trend,none,8.832940669329403,10.010451599340593,6.416937360682155
TGT_w08_s0040,TGT,consumer,8,naive,none,15.589994703020368,16.748324281009168,10.918573470455403
TGT_w08_s0040,TGT,consumer,8,moving_average,none,16.198799024309427,17.31645232752962,11.352690896273568
TGT_w08_s0040,TGT,consumer,8,linear_trend,none,12.265773875641125,13.40358346797593,8.587004632830157
TGT_w08_s0041,TGT,consumer,8,naive,none,3.0898611886160716,3.6487779822440825,2.180879729125568
TGT_w08_s0041,TGT,consumer,8,moving_average,none,3.0618863786969865,3.445312139615954,2.149959612567807
TGT_w08_s0041,TGT,consumer,8,linear_trend,none,8.124430281711435,9.849377685528621,5.763969564799769
TGT_w08_s0042,TGT,consumer,8,naive,none,10.301891871861049,12.656489514522903,8.303883308823108
TGT_w08_s0042,TGT,consumer,8,moving_average,none,10.361704581124442,13.119905290081237,8.397279797405762
TGT_w08_s0042,TGT,consumer,8,linear_trend,none,11.734762308432058,15.362779460720652,9.58477908051891
TGT_w12_s0000,TGT,consumer,12,naive,none,9.329923902239118,10.620831670415397,10.18219609910739
TGT_w12_s0000,TGT,consumer,12,moving_average,none,8.648987906319759,9.8561245705544,9.44381737197374
TGT_w12_s0000,TGT,consumer,12,linear_trend,none,12.556371663934359,14.473011004083636,13.696125910181017
TGT_w12_s0001,TGT,consumer,12,naive,none,5.627713067191001,5.9127654829815945,5.541171741008082
TGT_w12_s0001,TGT,consumer,12,moving_average,none,7.00086980547224,7.231999676664756,6.901051570277359
TGT_w12_s0001,TGT,consumer,12,linear_trend,none,14.237570715217434,14.359321321651002,14.067591799869398
TGT_w12_s0002,TGT,consumer,12,naive,none,1.8475916726248631,2.2985894475802997,1.7973440406810093
TGT_w12_s0002,TGT,consumer,12,moving_average,none,1.9356824057442863,2.398507919202703,1.8829378890933248
TGT_w12_s0002,TGT,consumer,12,linear_trend,none,10.59313672413405,10.964616749263705,10.416830137939922
TGT_w12_s0003,TGT,consumer,12,naive,none,14.847243172781807,17.479986482160424,11.93107715502545
TGT_w12_s0003,TGT,consumer,12,moving_average,none,15.06210065569197,17.66284727180167,12.112523221769631
TGT_w12_s0003,TGT,consumer,12,linear_trend,none,15.259408700076092,17.587711479756145,12.311479502765287
TGT_w12_s0004,TGT,consumer,12,naive,none,6.9575650351388125,8.743313589136296,5.119061063776024
TGT_w12_s0004,TGT,consumer,12,moving_average,none,6.038813509259904,7.669956499434148,4.444479683666147
TGT_w12_s0004,TGT,consumer,12,linear_trend,none,2.490236269245845,2.9014375930661234,1.930875421858785
TGT_w12_s0005,TGT,consumer,12,naive,none,5.535149710518973,6.482017461998995,4.045638356603563
TGT_w12_s0005,TGT,consumer,12,moving_average,none,5.161730957031255,6.202990249120167,3.7609259308706053
TGT_w12_s0005,TGT,consumer,12,linear_trend,none,12.017813264223475,13.06205567448369,8.840152996364788
TGT_w12_s0006,TGT,consumer,12,naive,none,3.4636083330426897,4.046253735509484,2.323532700456238
TGT_w12_s0006,TGT,consumer,12,moving_average,none,2.704545048304969,3.8099061073388967,1.7732535897440374
TGT_w12_s0006,TGT,consumer,12,linear_trend,none,3.2941779489955954,4.762826006208162,2.1647418409611774
TGT_w12_s0007,TGT,consumer,12,naive,none,3.5876617431640625,4.371111520086557,2.206022430089203
TGT_w12_s0007,TGT,consumer,12,moving_average,none,9.338900756835931,10.175623394186557,5.687729735546826
TGT_w12_s0007,TGT,consumer,12,linear_trend,none,5.741497471712394,7.270036342215496,3.4886415600146417
TGT_w12_s0008,TGT,consumer,12,naive,none,9.177547454833984,10.54629174599518,5.9621669098240915
TGT_w12_s0008,TGT,consumer,12,moving_average,none,7.572629111153743,9.037207800762573,4.923431715310822
TGT_w12_s0008,TGT,consumer,12,linear_trend,none,12.01327830701148,13.486991460714146,7.788236931442662
TGT_w12_s0009,TGT,consumer,12,naive,none,6.954329354422436,7.655956886693477,3.903355207945612
TGT_w12_s0009,TGT,consumer,12,moving_average,none,10.713081359863285,11.186606701866122,6.030670642136273
TGT_w12_s0009,TGT,consumer,12,linear_trend,none,20.075424531677147,20.406224917532427,11.325541371824237
TGT_w12_s0010,TGT,consumer,12,naive,none,10.749285561697823,11.723855294204453,5.512851403966495
TGT_w12_s0010,TGT,consumer,12,moving_average,none,11.739502934047144,13.066132535289242,5.997274317037443
TGT_w12_s0010,TGT,consumer,12,linear_trend,none,5.863275491204718,6.175082752487466,3.043207915141882
TGT_w12_s0011,TGT,consumer,12,naive,none,14.417618342808314,15.976584260507135,6.666846428456025
TGT_w12_s0011,TGT,consumer,12,moving_average,none,13.625989096505302,15.214057095978635,6.297056803972316
TGT_w12_s0011,TGT,consumer,12,linear_trend,none,4.8241352532678805,5.323351399562368,2.235419476459183
TGT_w12_s0012,TGT,consumer,12,naive,none,5.327304295131141,6.023103922074201,2.457370831660416
TGT_w12_s0012,TGT,consumer,12,moving_average,none,5.513420976911275,6.574730068466934,2.5559742042611484
TGT_w12_s0012,TGT,consumer,12,linear_trend,none,15.499117340114934,19.21136918697045,7.205293065910825
TGT_w12_s0013,TGT,consumer,12,naive,none,5.601142883300794,7.525040229661948,2.8049376054185187
TGT_w12_s0013,TGT,consumer,12,moving_average,none,6.774038042340962,8.948435055898713,3.393974914153572
TGT_w12_s0013,TGT,consumer,12,linear_trend,none,21.53347583316951,22.86325801317118,10.625644612154893
TGT_w12_s0014,TGT,consumer,12,naive,none,8.921379089355469,9.74834023798937,4.01012915371529
TGT_w12_s0014,TGT,consumer,12,moving_average,none,16.670507376534612,17.13707045603769,7.520698938519062
TGT_w12_s0014,TGT,consumer,12,linear_trend,none,29.45349410683476,29.884423570954723,13.31865777836842
TGT_w12_s0015,TGT,consumer,12,naive,none,13.030088152204241,15.301478496497277,6.612123177816996
TGT_w12_s0015,TGT,consumer,12,moving_average,none,13.264716230119983,15.516809828779351,6.7288899198620165
TGT_w12_s0015,TGT,consumer,12,linear_trend,none,23.569612828456098,25.58424824503801,11.866682630045501
TGT_w12_s0016,TGT,consumer,12,naive,none,9.301738739013672,10.582864781218428,5.002334883340618
TGT_w12_s0016,TGT,consumer,12,moving_average,none,11.45715364728654,12.71760387127117,6.151778389813722
TGT_w12_s0016,TGT,consumer,12,linear_trend,none,2.8696347128936504,3.6449025008026457,1.5406973470715906
TGT_w12_s0017,TGT,consumer,12,naive,none,8.579769134521483,9.88010693608526,4.617049378745261
TGT_w12_s0017,TGT,consumer,12,moving_average,none,7.662829044886996,8.886680790981,4.187574490767691
TGT_w12_s0017,TGT,consumer,12,linear_trend,none,14.694214493496602,16.757438600832725,7.821368494566065
TGT_w12_s0018,TGT,consumer,12,naive,none,11.586868831089564,13.303652757830056,5.658183499157116
TGT_w12_s0018,TGT,consumer,12,moving_average,none,11.915375736781527,13.682330100997238,5.815229001751058
TGT_w12_s0018,TGT,consumer,12,linear_trend,none,20.39442704196367,22.65888019468541,9.967259003882862
TGT_w12_s0019,TGT,consumer,12,naive,none,46.78679765973772,52.66972026005316,34.479477141854
TGT_w12_s0019,TGT,consumer,12,moving_average,none,51.94359087262835,57.29949065883582,38.02284407310796
TGT_w12_s0019,TGT,consumer,12,linear_trend,none,66.82491464393415,72.40338472974152,48.59968394131592
TGT_w12_s0020,TGT,consumer,12,naive,none,5.459411076136989,6.9738752458576325,4.098343949442987
TGT_w12_s0020,TGT,consumer,12,moving_average,none,4.211074829101564,5.6082005744880155,3.1699710028419363
TGT_w12_s0020,TGT,consumer,12,linear_trend,none,17.29547951354243,21.94122279125211,13.033305232396856
TGT_w12_s0021,TGT,consumer,12,naive,none,6.779779161725726,8.028144283356275,4.566431353985622
TGT_w12_s0021,TGT,consumer,12,moving_average,none,9.579083360944464,10.499739672417537,6.486824486890706
TGT_w12_s0021,TGT,consumer,12,linear_trend,none,46.732244152888335,47.51572470754387,32.00041359100448
TGT_w12_s0022,TGT,consumer,12,naive,none,12.2105895451137,13.592326460019677,9.06118062383455
TGT_w12_s0022,TGT,consumer,12,moving_average,none,8.23290792192732,9.43132680017919,6.095226714532588
TGT_w12_s0022,TGT,consumer,12,linear_trend,none,19.454668613046668,21.83013508068466,14.443177845186442
TGT_w12_s0023,TGT,consumer,12,naive,none,11.920108795166016,12.99276081100701,8.220740028238165
TGT_w12_s0023,TGT,consumer,12,moving_average,none,9.90579452514649,11.173522496413899,6.810069664439529
TGT_w12_s0023,TGT,consumer,12,linear_trend,none,10.394736526678628,11.90283458538191,7.142591355878442
TGT_w12_s0024,TGT,consumer,12,naive,none,10.376754760742188,11.753946511093584,7.919183897473739
TGT_w12_s0024,TGT,consumer,12,moving_average,none,9.087346322195875,10.16672196794655,6.915963886571603
TGT_w12_s0024,TGT,consumer,12,linear_trend,none,8.818303207417442,9.828008769382258,6.7022439531275
TGT_w12_s0025,TGT,consumer,12,naive,none,7.592860085623605,9.221920337742652,4.985928555430426
TGT_w12_s0025,TGT,consumer,12,moving_average,none,12.728380584716803,14.111143972995807,8.420535236246115
TGT_w12_s0025,TGT,consumer,12,linear_trend,none,17.752611273125833,19.21662314438238,11.77666839834497
TGT_w12_s0026,TGT,consumer,12,naive,none,10.753640311104911,11.365292658293914,7.514429197893947
TGT_w12_s0026,TGT,consumer,12,moving_average,none,9.05664411272322,9.737779052797341,6.336994108258397
TGT_w12_s0026,TGT,consumer,12,linear_trend,none,11.167522580359986,12.467943671468324,7.828660516063936
TGT_w12_s0027,TGT,consumer,12,naive,none,3.858154841831752,4.712735842676639,2.655684658559695
TGT_w12_s0027,TGT,consumer,12,moving_average,none,3.906417083740231,4.807279949652259,2.6868245933414974
TGT_w12_s0027,TGT,consumer,12,linear_trend,none,3.9300882118633,4.820770213677641,2.789843628686635
TGT_w12_s0028,TGT,consumer,12,naive,none,14.289286477225167,17.027507865382983,11.953542301905763
TGT_w12_s0028,TGT,consumer,12,moving_average,none,13.295505087716233,15.672089344706345,11.09499902920744
TGT_w12_s0028,TGT,consumer,12,linear_trend,none,11.752670503696404,13.920051961005946,9.813044904808347
TGT_w12_s0029,TGT,consumer,12,naive,none,1.170723233904155,1.466319436996608,0.981647691041944
TGT_w12_s0029,TGT,consumer,12,moving_average,none,1.2124136243547703,1.4692497957440023,1.0206817586144366
TGT_w12_s0029,TGT,consumer,12,linear_trend,none,8.419542010783557,9.930931431198555,7.040657345005406
TGT_w12_s0030,TGT,consumer,12,naive,none,7.111758095877527,7.647821274221696,6.245102510467519
TGT_w12_s0030,TGT,consumer,12,moving_average,none,5.624012429373601,6.288209827439537,4.9511832026263765
TGT_w12_s0030,TGT,consumer,12,linear_trend,none,7.251076611355933,7.452237644718479,6.297404537082958
TGT_w12_s0031,TGT,consumer,12,naive,none,9.552463531494153,10.992754749065103,9.65753463372364
TGT_w12_s0031,TGT,consumer,12,moving_average,none,10.243237304687506,11.640566596180298,10.34045765910289
TGT_w12_s0031,TGT,consumer,12,linear_trend,none,9.40067441660663,10.55918072729309,9.474143401309492
TGT_w12_s0032,TGT,consumer,12,naive,none,7.283651351928709,11.235835183732316,6.283126705133866
TGT_w12_s0032,TGT,consumer,12,moving_average,none,7.238772746494839,10.714731538979185,6.304337006950475
TGT_w12_s0032,TGT,consumer,12,linear_trend,none,15.300196482544402,19.842656827600337,13.612371833430684
TGT_w12_s0033,TGT,consumer,12,naive,none,6.024221965244836,6.780306250994911,4.717981380070808
TGT_w12_s0033,TGT,consumer,12,moving_average,none,6.4739203861781585,7.201887045285331,5.073864882075671
TGT_w12_s0033,TGT,consumer,12,linear_trend,none,18.977951820537168,19.170421188264672,15.004652133861024
TGT_w12_s0034,TGT,consumer,12,naive,none,2.8417391095842626,3.297458346794552,2.175235347513203
TGT_w12_s0034,TGT,consumer,12,moving_average,none,3.018307822091238,3.8900627122509985,2.2714348865211047
TGT_w12_s0034,TGT,consumer,12,linear_trend,none,13.866644746711273,14.309190980292728,10.59254569428794
TGT_w12_s0035,TGT,consumer,12,naive,none,13.207893371582031,15.695974867880365,8.453838609138078
TGT_w12_s0035,TGT,consumer,12,moving_average,none,16.22265080043248,18.357332295520404,10.453934172775822
TGT_w12_s0035,TGT,consumer,12,linear_trend,none,13.199888391191552,14.978531045084786,8.504699031547688
TGT_w12_s0036,TGT,consumer,12,naive,none,11.061587742396764,12.070823497808487,7.368745786804057
TGT_w12_s0036,TGT,consumer,12,moving_average,none,8.583753967285165,9.751427651082164,5.736203006752163
TGT_w12_s0036,TGT,consumer,12,linear_trend,none,15.997761709776315,18.482028553268275,10.696594258984463
TGT_w12_s0037,TGT,consumer,12,naive,none,12.024644034249443,13.390902143892381,8.844375448152705
TGT_w12_s0037,TGT,consumer,12,moving_average,none,8.608742850167415,10.085856130154044,6.360947349713329
TGT_w12_s0037,TGT,consumer,12,linear_trend,none,19.274410226129636,20.53250162177029,14.104065825583467
TGT_w12_s0038,TGT,consumer,12,naive,none,4.970262799944196,5.638389543535771,3.5756979779599622
TGT_w12_s0038,TGT,consumer,12,moving_average,none,5.001711164202009,5.666130859259025,3.5985558826622315
TGT_w12_s0038,TGT,consumer,12,linear_trend,none,12.976022894029574,14.108094444309613,9.375655466456347
TGT_w12_s0039,TGT,consumer,12,naive,none,8.015122277396065,9.340757562005317,6.077708974138862
TGT_w12_s0039,TGT,consumer,12,moving_average,none,7.933009283883231,8.865579588505852,5.925546182590029
TGT_w12_s0039,TGT,consumer,12,linear_trend,none,9.039668623688383,10.122321867441373,6.5755026572174815
TGT_w12_s0040,TGT,consumer,12,naive,none,5.723796844482422,6.444879418876842,3.941266950315851
TGT_w12_s0040,TGT,consumer,12,moving_average,none,3.660477447509773,4.2984067753007285,2.5200546570435223
TGT_w12_s0040,TGT,consumer,12,linear_trend,none,3.730645487257679,4.293900762466536,2.5685183126156224
TGT_w12_s0041,TGT,consumer,12,naive,none,10.104390280587333,14.017286524345145,8.029291375619914
TGT_w12_s0041,TGT,consumer,12,moving_average,none,11.23455690656389,14.852639073578226,8.864094910682367
TGT_w12_s0041,TGT,consumer,12,linear_trend,none,16.043375278142253,19.538724417399177,12.492921891309797
WMT_w04_s0000,WMT,consumer,4,naive,none,0.5573742730276925,0.8024585612236822,1.6051794243288113
WMT_w04_s0000,WMT,consumer,4,moving_average,none,0.5447334017072407,0.7642906771206197,1.5599233045213596
WMT_w04_s0000,WMT,consumer,4,linear_trend,none,0.843408984297969,1.017171010971857,2.376046150261879
WMT_w04_s0001,WMT,consumer,4,naive,none,2.2806548391069685,2.877123954987715,6.048756727765115
WMT_w04_s0001,WMT,consumer,4,moving_average,none,2.1074904714311873,2.539144865107592,5.681283403917881
WMT_w04_s0001,WMT,consumer,4,linear_trend,none,2.503376657647808,3.16452385722584,6.628084768916088
WMT_w04_s0002,WMT,consumer,4,naive,none,1.2846678325108118,1.4156499286314657,3.3753167928612675
WMT_w04_s0002,WMT,consumer,4,moving_average,none,1.6336441857474173,1.7565275065318915,4.2890148516341196
WMT_w04_s0002,WMT,consumer,4,linear_trend,none,7.784724463556037,8.479467323756978,20.379393576162645
WMT_w04_s0003,WMT,consumer,4,naive,none,1.143849100385394,1.2592625564829099,3.0792273911562504
WMT_w04_s0003,WMT,consumer,4,moving_average,none,1.0741488048008496,1.190423582779518,2.8878644186968616
WMT_w04_s0003,WMT,consumer,4,linear_trend,none,1.433022922143007,1.567972286755375,3.8741169868827847
WMT_w04_s0004,WMT,consumer,4,naive,none,0.44459274836949014,0.5651121645446505,1.089592383832733
WMT_w04_s0004,WMT,consumer,4,moving_average,none,1.793726103646415,1.860608702808116,4.4150354141681145
WMT_w04_s0004,WMT,consumer,4,linear_trend,none,0.9037838463624498,1.0296624844824838,2.2338803446982904
WMT_w04_s0005,WMT,consumer,4,naive,none,1.7074213027954102,2.048104100537366,3.9442604934635472
WMT_w04_s0005,WMT,consumer,4,moving_average,none,1.5039589200701013,1.8206011621657612,3.477600264387113
WMT_w04_s0005,WMT,consumer,4,linear_trend,none,0.9971737018589292,1.5145317506523381,2.2869205243076287
WMT_w04_s0006,WMT,consumer,4,naive,none,1.6718699591500414,1.7701195115639536,3.777878134685363
WMT_w04_s0006,WMT,consumer,4,moving_average,none,1.7553240912301196,1.8491448267142014,3.9673281723987244
WMT_w04_s0006,WMT,consumer,4,linear_trend,none,4.566210673626199,4.756324317034167,10.345699524408346
WMT_w04_s0007,WMT,consumer,4,naive,none,1.0833633967808312,1.2665011540844429,2.3300844237770826
WMT_w04_s0007,WMT,consumer,4,moving_average,none,1.9239611489432225,2.0605316467492543,4.150281524689324
WMT_w04_s0007,WMT,consumer,4,linear_trend,none,3.045148161120877,3.1396571188201134,6.586482711440119
WMT_w04_s0008,WMT,consumer,4,naive,none,0.45289952414376394,0.583833659309643,1.0111548011971565
WMT_w04_s0008,WMT,consumer,4,moving_average,none,0.44346038273402605,0.5673726328679494,0.9893039190040339
WMT_w04_s0008,WMT,consumer,4,linear_trend,none,1.4942235903632395,1.7590802768149405,3.302164057406655
WMT_w04_s0009,WMT,consumer,4,naive,none,1.9701333727155415,2.3110154962428275,4.757741038988399
WMT_w04_s0009,WMT,consumer,4,moving_average,none,2.429765919276645,3.0645529368613116,5.940187199177373
WMT_w04_s0009,WMT,consumer,4,linear_trend,none,1.9819570211539612,2.390138618925879,4.820020189508455
WMT_w04_s0010,WMT,consumer,4,naive,none,1.6001738139561186,1.8948285791281785,3.7035370972567874
WMT_w04_s0010,WMT,consumer,4,moving_average,none,2.2135593141828287,2.4576989863798464,5.141813217189937
WMT_w04_s0010,WMT,consumer,4,linear_trend,none,7.699559006655127,8.39211586263139,17.914671086842176
WMT_w04_s0011,WMT,consumer,4,naive,none,0.47285175323486356,0.563612458445974,1.084942697519188
WMT_w04_s0011,WMT,consumer,4,moving_average,none,0.47023901258196155,0.5496554258261568,1.0736810583169674
WMT_w04_s0011,WMT,consumer,4,linear_trend,none,2.02809580035676,2.14865904797414,4.625041966339648
WMT_w04_s0012,WMT,consumer,4,naive,none,0.7901898792811798,0.9640209411961544,1.8326167890197216
WMT_w04_s0012,WMT,consumer,4,moving_average,none,0.8853875568934849,1.0466787191572167,2.0516131508062982
WMT_w04_s0012,WMT,consumer,4,linear_trend,none,1.6471346675901537,1.8086484178808815,3.804904887084384
WMT_w04_s0013,WMT,consumer,4,naive,none,1.457177707127162,1.8550950613227344,3.158749237180774
WMT_w04_s0013,WMT,consumer,4,moving_average,none,1.4984519686017743,1.8876888299193169,3.25001259926053
WMT_w04_s0013,WMT,consumer,4,linear_trend,none,0.8797433738421666,1.2154340087104674,1.899774215306407
WMT_w04_s0014,WMT,consumer,4,naive,none,1.3802567890712194,1.6183506627546513,3.0527100459377
WMT_w04_s0014,WMT,consumer,4,moving_average,none,1.3608881541660867,1.5996540620661654,3.010137236427501
WMT_w04_s0014,WMT,consumer,4,linear_trend,none,4.1981933794523565,4.7969198827042465,9.273683287153967
WMT_w04_s0015,WMT,consumer,4,naive,none,1.6552389689854217,1.9991260853038704,3.585066428785564
WMT_w04_s0015,WMT,consumer,4,moving_average,none,1.5938988004411971,1.7839111701953803,3.481176938231232
WMT_w04_s0015,WMT,consumer,4,linear_trend,none,3.1841813262628045,3.948962884286946,6.867372367109086
WMT_w04_s0016,WMT,consumer,4,naive,none,2.0011713845389227,2.3318128440583528,4.5366720289888685
WMT_w04_s0016,WMT,consumer,4,moving_average,none,2.2613286154610797,2.5676440121855277,5.118209220917673
WMT_w04_s0016,WMT,consumer,4,linear_trend,none,5.932328459373992,6.431740746664218,13.358265360826813
WMT_w04_s0017,WMT,consumer,4,naive,none,1.1343838827950616,1.2910291451099083,2.5183001974563357
WMT_w04_s0017,WMT,consumer,4,moving_average,none,0.7666175297328396,1.0127949997876657,1.7439196430262094
WMT_w04_s0017,WMT,consumer,4,linear_trend,none,0.9864511373091717,1.1420060739678435,2.1892569751792528
WMT_w04_s0018,WMT,consumer,4,naive,none,0.7197535378592352,0.8383762769707606,1.651816322914926
WMT_w04_s0018,WMT,consumer,4,moving_average,none,0.7300179072788777,0.8504643401663139,1.672762333775399
WMT_w04_s0018,WMT,consumer,4,linear_trend,none,1.9506294092737644,2.4079649614021914,4.452868521490026
WMT_w04_s0019,WMT,consumer,4,naive,none,2.4214803150721957,3.00481712559307,4.978999594845716
WMT_w04_s0019,WMT,consumer,4,moving_average,none,2.8994265147617915,3.4127866666999505,5.987927266927063
WMT_w04_s0019,WMT,consumer,4,linear_trend,none,1.5658562378519763,1.8456150793110686,3.2366393464233263
WMT_w04_s0020,WMT,consumer,4,naive,none,5.313912391662598,6.87050339254902,12.871900288125996
WMT_w04_s0020,WMT,consumer,4,moving_average,none,4.685857854570661,6.3624147710790915,11.455829712272285
WMT_w04_s0020,WMT,consumer,4,linear_trend,none,9.412240213379823,11.3809197952668,22.46952987720041
WMT_w04_s0021,WMT,consumer,4,naive,none,1.8086531502859933,1.9496080818106225,4.670285044257202
WMT_w04_s0021,WMT,consumer,4,moving_average,none,1.0438247135707337,1.2468317558178117,2.707198513861162
WMT_w04_s0021,WMT,consumer,4,linear_trend,none,10.301606297313723,11.521281968124658,26.329699389398087
WMT_w04_s0022,WMT,consumer,4,naive,none,1.925969668797084,2.3105462886030863,4.542609163273421
WMT_w04_s0022,WMT,consumer,4,moving_average,none,1.8658270427158872,2.2588516477856184,4.398565790198223
WMT_w04_s0022,WMT,consumer,4,linear_trend,none,0.963241147124294,1.1245887570001034,2.319932644525195
WMT_w04_s0023,WMT,consumer,4,naive,none,1.051424435206822,1.1805707259894922,2.48150845281109
WMT_w04_s0023,WMT,consumer,4,moving_average,none,1.198297582353863,1.3205337259387129,2.8266299156599284
WMT_w04_s0023,WMT,consumer,4,linear_trend,none,3.3535119006508327,3.7616325483880506,7.893554650461965
WMT_w04_s0024,WMT,consumer,4,naive,none,1.5405797958374023,1.9652475112660257,3.4634690538068877
WMT_w04_s0024,WMT,consumer,4,moving_average,none,1.6577020645141585,2.115499570002192,3.722521877065018
WMT_w04_s0024,WMT,consumer,4,linear_trend,none,2.309873368891175,2.9421867252738267,5.184684238913
WMT_w04_s0025,WMT,consumer,4,naive,none,1.95456532069615,2.2216960183067687,4.0787938487138975
WMT_w04_s0025,WMT,consumer,4,moving_average,none,2.282744053431919,2.5508307049156893,4.763905136674885
WMT_w04_s0025,WMT,consumer,4,linear_trend,none,1.981030921239475,2.805045762659718,4.253393923337786
WMT_w04_s0026,WMT,consumer,4,naive,none,0.47053691319056795,0.5768780055349892,1.024110770173461
WMT_w04_s0026,WMT,consumer,4,moving_average,none,0.6164022173200353,0.772337820935746,1.3548679805549417
WMT_w04_s0026,WMT,consumer,4,linear_trend,none,1.8303909191127463,2.192714846082803,3.9846463698526744
WMT_w04_s0027,WMT,consumer,4,naive,none,0.9139766693115207,1.0904699938016422,2.031149835475982
WMT_w04_s0027,WMT,consumer,4,moving_average,none,0.804595456804549,0.9459718445137375,1.7782796539436294
WMT_w04_s0027,WMT,consumer,4,linear_trend,none,0.7958825548788651,1.0239076465343537,1.7269290627921314
WMT_w04_s0028,WMT,consumer,4,naive,none,2.851383754185268,3.211753574468366,5.994919464607725
WMT_w04_s0028,WMT,consumer,4,moving_average,none,2.7227086748395632,3.098082348409297,5.719826443987691
WMT_w04_s0028,WMT,consumer,4,linear_trend,none,5.464141521597269,6.145366310615505,11.492154426268069
WMT_w04_s0029,WMT,consumer,4,naive,none,0.5985204151698521,0.7703693776692409,1.2475237971210542
WMT_w04_s0029,WMT,consumer,4,moving_average,none,0.5853665215628487,0.6978595490373528,1.2105785400417879
WMT_w04_s0029,WMT,consumer,4,linear_trend,none,2.3420319392268802,2.837505208141336,4.878997087449348
WMT_w04_s0030,WMT,consumer,4,naive,none,2.2754238673618863,2.408859674146904,4.541742451112766
WMT_w04_s0030,WMT,consumer,4,moving_average,none,2.54190946306501,2.6620208248604014,5.076630641903741
WMT_w04_s0030,WMT,consumer,4,linear_trend,none,4.367622557618561,4.6411313294206105,8.722633521528374
WMT_w04_s0031,WMT,consumer,4,naive,none,1.4650287628173828,1.600210837023998,2.8463457070312956
WMT_w04_s0031,WMT,consumer,4,moving_average,none,1.365654373168944,1.5097606810359958,2.652190426031183
WMT_w04_s0031,WMT,consumer,4,linear_trend,none,1.3703014392217663,1.5099690291891537,2.661689771543602
WMT_w04_s0032,WMT,consumer,4,naive,none,1.596307618277414,1.7462760524302223,3.026730404137996
WMT_w04_s0032,WMT,consumer,4,moving_average,none,1.4550035476684562,1.608617319953947,2.7578265685806325
WMT_w04_s0032,WMT,consumer,4,linear_trend,none,1.524668952909116,1.6900884091411856,2.8901208308087605
WMT_w04_s0033,WMT,consumer,4,naive,none,0.8249231066022601,0.9734661235259898,1.5700773862986117
WMT_w04_s0033,WMT,consumer,4,moving_average,none,0.717153821672712,0.8740022834769412,1.3741217334885214
WMT_w04_s0033,WMT,consumer,4,linear_trend,none,0.9847343702961631,1.1668681159261134,1.8777885870298685
WMT_w04_s0034,WMT,consumer,4,naive,none,2.7296321051461354,2.84429175420172,5.43043337849805
WMT_w04_s0034,WMT,consumer,4,moving_average,none,2.9058569499424545,3.0527856370182276,5.7877223034729
WMT_w04_s0034,WMT,consumer,4,linear_trend,none,4.29084421213152,4.645665360030764,8.567974081103062
WMT_w04_s0035,WMT,consumer,4,naive,none,2.285613059997559,2.5140112263072414,4.337186951751989
WMT_w04_s0035,WMT,consumer,4,moving_average,none,2.2485654830932593,2.4803774143718247,4.266236951896167
WMT_w04_s0035,WMT,consumer,4,linear_trend,none,3.272280860843511,3.5561684553625015,6.213759293110509
WMT_w04_s0036,WMT,consumer,4,naive,none,2.2210792813982208,2.7858617746845895,3.818633669603544
WMT_w04_s0036,WMT,consumer,4,moving_average,none,3.071862057277133,3.5020235796366697,5.314701395900735
WMT_w04_s0036,WMT,consumer,4,linear_trend,none,0.9393844573761506,1.100870262397929,1.6265997721088703
WMT_w04_s0037,WMT,consumer,4,naive,none,0.9208737782069599,1.0792449550641325,1.5744931207258905
WMT_w04_s0037,WMT,consumer,4,moving_average,none,0.6123779569353367,0.7293157788490645,1.0455879806142403
WMT_w04_s0037,WMT,consumer,4,linear_trend,none,4.258346074326591,4.858370388695608,7.271054273038642
WMT_w04_s0038,WMT,consumer,4,naive,none,3.130770138331822,4.018923239303584,4.977419965774854
WMT_w04_s0038,WMT,consumer,4,moving_average,none,2.740314837864468,3.6926070077242814,4.339244723646217
WMT_w04_s0038,WMT,consumer,4,linear_trend,none,3.1222365294312087,4.135528615519609,4.9509684934701825
WMT_w04_s0039,WMT,consumer,4,naive,none,2.141698564801897,2.4570778465874223,3.177125001859222
WMT_w04_s0039,WMT,consumer,4,moving_average,none,2.6658883231026755,2.9252896186482755,3.9626529333491334
WMT_w04_s0039,WMT,consumer,4,linear_trend,none,3.9628678314667836,4.440603928054835,5.9011287714712335
WMT_w04_s0040,WMT,consumer,4,naive,none,1.8549910954066686,2.504476180006076,2.6295291191772865
WMT_w04_s0040,WMT,consumer,4,moving_average,none,1.8297497885567802,2.45853051209556,2.599458322613707
WMT_w04_s0040,WMT,consumer,4,linear_trend,none,2.0967883621199457,2.746141080565552,3.099924195992678
WMT_w04_s0041,WMT,consumer,4,naive,none,2.9690944126674106,3.45023174444171,3.7876873651952816
WMT_w04_s0041,WMT,consumer,4,moving_average,none,4.02637132917132,4.393204245126019,5.1548788934498155
WMT_w04_s0041,WMT,consumer,4,linear_trend,none,1.2600504689774898,1.4323679720461489,1.6289784469428272
WMT_w04_s0042,WMT,consumer,4,naive,none,1.5624223436628069,1.9573634067093986,1.9178156239830066
WMT_w04_s0042,WMT,consumer,4,moving_average,none,1.5624284471784335,1.9573706396142723,1.9178230739256876
WMT_w04_s0042,WMT,consumer,4,linear_trend,none,1.8809943378419862,2.0119818928360145,2.341892429099266
WMT_w04_s0043,WMT,consumer,4,naive,none,6.942984444754466,7.915056446345492,7.557562886459289
WMT_w04_s0043,WMT,consumer,4,moving_average,none,7.138600049700064,8.09503169819557,7.774876182137351
WMT_w04_s0043,WMT,consumer,4,linear_trend,none,5.159794329879885,5.839215017726974,5.623960986686626
WMT_w08_s0000,WMT,consumer,8,naive,none,2.627448558807373,2.9349962858807457,7.288774867359478
WMT_w08_s0000,WMT,consumer,8,moving_average,none,1.5220558847699868,1.82526031478775,4.240958692581398
WMT_w08_s0000,WMT,consumer,8,linear_trend,none,1.2742452052476025,1.6569437445617095,3.569408512714204
WMT_w08_s0001,WMT,consumer,8,naive,none,1.3796013423374724,1.6803813976816724,3.5044227671498294
WMT_w08_s0001,WMT,consumer,8,moving_average,none,1.4453111921037962,1.7394367085253204,3.673677169560489
WMT_w08_s0001,WMT,consumer,8,linear_trend,none,2.808028825886669,2.993102988485338,7.192138949760325
WMT_w08_s0002,WMT,consumer,8,naive,none,1.0933825629098075,1.2863530061023722,2.959808806983095
WMT_w08_s0002,WMT,consumer,8,moving_average,none,1.1456657682146358,1.3348483682595664,3.1001510170165383
WMT_w08_s0002,WMT,consumer,8,linear_trend,none,3.4344002927669237,3.693467444239401,9.255926344908225
WMT_w08_s0003,WMT,consumer,8,naive,none,3.0133521216256276,3.280005100357924,7.494067771444142
WMT_w08_s0003,WMT,consumer,8,moving_average,none,2.8433483396257686,3.1024661253013384,7.069926738406009
WMT_w08_s0003,WMT,consumer,8,linear_trend,none,3.6521101040100126,3.9765851016824363,9.084643307088543
WMT_w08_s0004,WMT,consumer,8,naive,none,2.0755143846784323,2.585910500395562,4.807558492267209
WMT_w08_s0004,WMT,consumer,8,moving_average,none,2.061969157627648,2.575051448429061,4.775328252525108
WMT_w08_s0004,WMT,consumer,8,linear_trend,none,1.4502201053738997,1.64371176680947,3.4594770068982794
WMT_w08_s0005,WMT,consumer,8,naive,none,1.4370974131992882,1.6863485522078985,3.2509295968293266
WMT_w08_s0005,WMT,consumer,8,moving_average,none,1.3941277367728078,1.6417675023783909,3.1534060328473807
WMT_w08_s0005,WMT,consumer,8,linear_trend,none,1.1493216477013029,1.2529731059950253,2.6495402989008467
WMT_w08_s0006,WMT,consumer,8,naive,none,1.728283200945173,1.9672513790993644,3.7400721137067086
WMT_w08_s0006,WMT,consumer,8,moving_average,none,1.6406846727643694,1.8585456885764045,3.5546789034173174
WMT_w08_s0006,WMT,consumer,8,linear_trend,none,1.253683779227513,1.4114893478381443,2.7233580680228386
WMT_w08_s0007,WMT,consumer,8,naive,none,0.5839441844395229,0.7027746017314423,1.2984875652976453
WMT_w08_s0007,WMT,consumer,8,moving_average,none,1.0718303952898327,1.17153662620192,2.3794817819840475
WMT_w08_s0007,WMT,consumer,8,linear_trend,none,2.735380514170969,2.862247102781014,6.057247998285214
WMT_w08_s0008,WMT,consumer,8,naive,none,1.2412620271955224,1.6823956102674336,2.919288156659306
WMT_w08_s0008,WMT,consumer,8,moving_average,none,1.5706123624529158,2.181159968004628,3.7126563695517034
WMT_w08_s0008,WMT,consumer,8,linear_trend,none,1.0794955420768866,1.3284027593706136,2.510921110812376
WMT_w08_s0009,WMT,consumer,8,naive,none,1.1985799244471966,1.471904541722445,2.840155299143192
WMT_w08_s0009,WMT,consumer,8,moving_average,none,1.0558363505772181,1.3270886883687774,2.511578842292433
WMT_w08_s0009,WMT,consumer,8,linear_trend,none,1.6444988698302434,2.0409887254806622,3.9259690347072627
WMT_w08_s0010,WMT,consumer,8,naive,none,0.3270282745361333,0.4322370109604462,0.7492354714295496
WMT_w08_s0010,WMT,consumer,8,moving_average,none,0.32809715270996115,0.4332120757155101,0.7516044899603916
WMT_w08_s0010,WMT,consumer,8,linear_trend,none,1.8270828141504116,1.877528485141638,4.179045817085946
WMT_w08_s0011,WMT,consumer,8,naive,none,0.7195956366402763,0.9783278465455284,1.6715581953667635
WMT_w08_s0011,WMT,consumer,8,moving_average,none,0.6005394799368722,0.7029821898883784,1.383550361738402
WMT_w08_s0011,WMT,consumer,8,linear_trend,none,1.0387579906149764,1.3618351415521182,2.409771772375326
WMT_w08_s0012,WMT,consumer,8,naive,none,1.4101599284580775,1.503535331330871,3.166543422490293
WMT_w08_s0012,WMT,consumer,8,moving_average,none,1.391395432608468,1.4859504428530073,3.1242247924451587
WMT_w08_s0012,WMT,consumer,8,linear_trend,none,1.5578287052296638,1.7174684153267348,3.494426057336285
WMT_w08_s0013,WMT,consumer,8,naive,none,0.9464332035609652,1.106204260280462,2.021950780968441
WMT_w08_s0013,WMT,consumer,8,moving_average,none,1.2200986589704252,1.3719301780208235,2.6095640086323018
WMT_w08_s0013,WMT,consumer,8,linear_trend,none,0.9913443947502957,1.150478245279858,2.1292245180366716
WMT_w08_s0014,WMT,consumer,8,naive,none,1.3027969087873188,1.4750977681977264,2.9536548703176244
WMT_w08_s0014,WMT,consumer,8,moving_average,none,1.3035188674926743,1.4758470071133774,2.9553262910284746
WMT_w08_s0014,WMT,consumer,8,linear_trend,none,2.4783140522709695,2.70509027877719,5.629515895695523
WMT_w08_s0015,WMT,consumer,8,naive,none,1.260205405099051,1.6201703544506525,2.834150047195258
WMT_w08_s0015,WMT,consumer,8,moving_average,none,1.306702586582729,1.7457773918429254,2.949276166336061
WMT_w08_s0015,WMT,consumer,8,linear_trend,none,1.6192300698610838,1.8488587777941232,3.5053238127630766
WMT_w08_s0016,WMT,consumer,8,naive,none,1.4400201525006977,1.6048007098409736,3.1817143194658315
WMT_w08_s0016,WMT,consumer,8,moving_average,none,1.7361368996756432,1.8908968640792039,3.839310309526737
WMT_w08_s0016,WMT,consumer,8,linear_trend,none,1.052920904085417,1.1845515078976883,2.3343818873639335
WMT_w08_s0017,WMT,consumer,8,naive,none,1.5572215488978798,1.730871946804112,3.6224323547301096
WMT_w08_s0017,WMT,consumer,8,moving_average,none,2.0351570129394507,2.1934841030031036,4.7275856225510005
WMT_w08_s0017,WMT,consumer,8,linear_trend,none,2.3217384200350457,2.5196028144492884,5.394571900032568
WMT_w08_s0018,WMT,consumer,8,naive,none,3.17897891998291,3.578125185297675,6.8265110776451685
WMT_w08_s0018,WMT,consumer,8,moving_average,none,3.067418098449707,3.4793859600025154,6.582474264458879
WMT_w08_s0018,WMT,consumer,8,linear_trend,none,4.710290605713233,5.239883863774329,10.126729862582202
WMT_w08_s0019,WMT,consumer,8,naive,none,1.657446997506278,2.8242767617376354,3.730319995680705
WMT_w08_s0019,WMT,consumer,8,moving_average,none,1.4722696576799663,2.45837739361943,3.2770650970676782
WMT_w08_s0019,WMT,consumer,8,linear_trend,none,2.7513922403785958,4.107014923321505,6.093688555037018
WMT_w08_s0020,WMT,consumer,8,naive,none,0.7210809162684849,0.8958796175766507,1.8395725966336738
WMT_w08_s0020,WMT,consumer,8,moving_average,none,5.299206842694963,5.373018978259592,13.648143784656053
WMT_w08_s0020,WMT,consumer,8,linear_trend,none,7.762414101882074,7.809502611045709,19.96460077967267
WMT_w08_s0021,WMT,consumer,8,naive,none,1.865129334586007,2.1350504007059725,4.534049400690318
WMT_w08_s0021,WMT,consumer,8,moving_average,none,1.5408149446759902,1.805595994253251,3.741785440431843
WMT_w08_s0021,WMT,consumer,8,linear_trend,none,8.220231523746403,8.691335157183065,20.134930987463854
WMT_w08_s0022,WMT,consumer,8,naive,none,1.9638636452811105,2.1383219237563704,4.542699723022219
WMT_w08_s0022,WMT,consumer,8,moving_average,none,2.2953478676932186,2.4462792289687902,5.316034064411804
WMT_w08_s0022,WMT,consumer,8,linear_trend,none,0.8645755182479401,1.076609951726802,2.0089172087411353
WMT_w08_s0023,WMT,consumer,8,naive,none,0.8964191164289205,1.0978861634843187,2.1004248061593374
WMT_w08_s0023,WMT,consumer,8,moving_average,none,0.8780157089233394,1.0898155583666314,2.0558374201719216
WMT_w08_s0023,WMT,consumer,8,linear_trend,none,1.981659267914263,2.162965106223389,4.702892662705348
WMT_w08_s0024,WMT,consumer,8,naive,none,2.0776820863996237,2.5795253017474034,4.325727404482657
WMT_w08_s0024,WMT,consumer,8,moving_average,none,2.3781218664986765,2.859531648479168,4.96138904532825
WMT_w08_s0024,WMT,consumer,8,linear_trend,none,3.7695895960298365,4.076462566618924,7.9358172443723785
WMT_w08_s0025,WMT,consumer,8,naive,none,1.367590767996653,1.5314397911265223,2.984322356602274
WMT_w08_s0025,WMT,consumer,8,moving_average,none,2.1078964778355167,2.220942671629378,4.587872025751604
WMT_w08_s0025,WMT,consumer,8,linear_trend,none,5.830344528923149,6.136782193560492,12.672038125708804
WMT_w08_s0026,WMT,consumer,8,naive,none,1.3544402803693498,1.492007223104319,2.939756225005605
WMT_w08_s0026,WMT,consumer,8,moving_average,none,0.5127415520804267,0.6299075572855872,1.1150292721022506
WMT_w08_s0026,WMT,consumer,8,linear_trend,none,1.9025233183364634,2.1538483116902207,4.133591854305786
WMT_w08_s0027,WMT,consumer,8,naive,none,1.2568066460745677,1.7220881142913367,2.676850573508249
WMT_w08_s0027,WMT,consumer,8,moving_average,none,1.2200526373726976,1.5292908927668418,2.62271720836236
WMT_w08_s0027,WMT,consumer,8,linear_trend,none,1.3142344405267057,1.5265077447390167,2.8464465495064735
WMT_w08_s0028,WMT,consumer,8,naive,none,0.48245865958077566,0.6008328904693153,0.9862230011268642
WMT_w08_s0028,WMT,consumer,8,moving_average,none,0.5710748944963738,0.6959244696101106,1.1672477843215245
WMT_w08_s0028,WMT,consumer,8,linear_trend,none,1.4154046774869058,1.4662591957048596,2.905623401400229
WMT_w08_s0029,WMT,consumer,8,naive,none,1.2172145843505862,1.3939188677280023,2.458012125499279
WMT_w08_s0029,WMT,consumer,8,moving_average,none,1.1873036520821707,1.3094292788258861,2.406056154527023
WMT_w08_s0029,WMT,consumer,8,linear_trend,none,1.2870148628335083,1.4921250374174666,2.662544550052159
WMT_w08_s0030,WMT,consumer,8,naive,none,0.7221002578735352,0.7834227147109024,1.419141358671722
WMT_w08_s0030,WMT,consumer,8,moving_average,none,0.9410230091639927,1.0997743372987803,1.8336119303676939
WMT_w08_s0030,WMT,consumer,8,linear_trend,none,0.5460960600082821,0.5893197362374133,1.0717873354746819
WMT_w08_s0031,WMT,consumer,8,naive,none,0.8138213838849754,0.9371193080568498,1.5563233084572983
WMT_w08_s0031,WMT,consumer,8,moving_average,none,0.8569476263863705,1.0016637167387068,1.6338148191411346
WMT_w08_s0031,WMT,consumer,8,linear_trend,none,0.5411677227873997,0.6542324402441513,1.0442737139638143
WMT_w08_s0032,WMT,consumer,8,naive,none,1.071221896580287,1.2455507694052517,2.0755045787162323
WMT_w08_s0032,WMT,consumer,8,moving_average,none,1.1392104830060712,1.3044849144562283,2.206276240949662
WMT_w08_s0032,WMT,consumer,8,linear_trend,none,1.6594972241375339,1.8158084756953257,3.206547733353219
WMT_w08_s0033,WMT,consumer,8,naive,none,1.8185939788818364,2.066409685188887,3.5733686401396167
WMT_w08_s0033,WMT,consumer,8,moving_average,none,1.7896392277308881,1.968871081464096,3.5047886097417704
WMT_w08_s0033,WMT,consumer,8,linear_trend,none,1.440252361486758,1.627361252067167,2.753612832146924
WMT_w08_s0034,WMT,consumer,8,naive,none,2.1808034351893837,2.456421499944245,4.211941917698385
WMT_w08_s0034,WMT,consumer,8,moving_average,none,1.5583513804844427,1.8320512844821208,3.00467230946637
WMT_w08_s0034,WMT,consumer,8,linear_trend,none,2.187484189915104,2.619550999175627,4.216131699237922
WMT_w08_s0035,WMT,consumer,8,naive,none,2.603161130632673,3.040792975977983,4.62557834321841
WMT_w08_s0035,WMT,consumer,8,moving_average,none,2.665924290248324,3.097896216835144,4.738585453528656
WMT_w08_s0035,WMT,consumer,8,linear_trend,none,1.9193759870158547,2.1883156817651788,3.4170090974047227
WMT_w08_s0036,WMT,consumer,8,naive,none,1.7326277324131572,1.8385016978339959,2.9251516786879606
WMT_w08_s0036,WMT,consumer,8,moving_average,none,1.2685637065342523,1.4097317160890037,2.138770425057485
WMT_w08_s0036,WMT,consumer,8,linear_trend,none,1.4567089382939487,1.978548383690012,2.481828930818389
WMT_w08_s0037,WMT,consumer,8,naive,none,0.9704283305576864,1.7787835350526602,1.5748913554375115
WMT_w08_s0037,WMT,consumer,8,moving_average,none,0.9740825380597791,1.798231201441383,1.579433406942677
WMT_w08_s0037,WMT,consumer,8,linear_trend,none,1.9471483518661277,2.012187901523071,3.2928662575704384
WMT_w08_s0038,WMT,consumer,8,naive,none,1.6354571751185827,1.9324959493645366,2.469845241575044
WMT_w08_s0038,WMT,consumer,8,moving_average,none,3.1285147530691995,3.3244641651868414,4.746385647053513
WMT_w08_s0038,WMT,consumer,8,linear_trend,none,4.090027097708671,4.145889524633083,6.227195578600412
WMT_w08_s0039,WMT,consumer,8,naive,none,1.4805044446672713,1.6974864211053087,2.156045786536169
WMT_w08_s0039,WMT,consumer,8,moving_average,none,1.6011055537632555,1.8399952446733938,2.330717674122341
WMT_w08_s0039,WMT,consumer,8,linear_trend,none,3.2053631654471997,4.077101988228163,4.7559465762973385
WMT_w08_s0040,WMT,consumer,8,naive,none,7.774412427629743,8.273486323985736,10.204271622355735
WMT_w08_s0040,WMT,consumer,8,moving_average,none,8.622956303187774,9.11195071553497,11.328010958120425
WMT_w08_s0040,WMT,consumer,8,linear_trend,none,6.86285889911064,7.271614006241702,9.014453001069658
WMT_w08_s0041,WMT,consumer,8,naive,none,1.8989053453717912,2.1549754476665126,2.3658908858096566
WMT_w08_s0041,WMT,consumer,8,moving_average,none,1.9008599962506918,2.1566980304878345,2.3683429448396773
WMT_w08_s0041,WMT,consumer,8,linear_trend,none,5.112308772068437,5.629870478712535,6.400860922602926
WMT_w08_s0042,WMT,consumer,8,naive,none,6.636077335902625,8.005208853920594,7.405405891748908
WMT_w08_s0042,WMT,consumer,8,moving_average,none,5.791164834158765,7.296949786485691,6.431403185918653
WMT_w08_s0042,WMT,consumer,8,linear_trend,none,4.26230435889006,5.569471786105227,4.716195815046363
WMT_w12_s0000,WMT,consumer,12,naive,none,4.588131904602051,4.851133315319448,11.86678078400217
WMT_w12_s0000,WMT,consumer,12,moving_average,none,3.96233081817627,4.264106656926447,10.224418976592627
WMT_w12_s0000,WMT,consumer,12,linear_trend,none,3.6526759067619117,4.00236109397143,9.405229865741571
WMT_w12_s0001,WMT,consumer,12,naive,none,0.6553045000348777,0.7662938978896522,1.729886676363512
WMT_w12_s0001,WMT,consumer,12,moving_average,none,0.5725421360560823,0.7140564929056101,1.52308177683556
WMT_w12_s0001,WMT,consumer,12,linear_trend,none,2.221944572692159,2.5641410165653906,5.941938818472764
WMT_w12_s0002,WMT,consumer,12,naive,none,2.155660220554897,2.7518947811925503,5.3725957770763495
WMT_w12_s0002,WMT,consumer,12,moving_average,none,2.182745879037042,2.7784655734987216,5.441467413662688
WMT_w12_s0002,WMT,consumer,12,linear_trend,none,1.5799734376343995,1.6517855830517028,4.070996661975833
WMT_w12_s0003,WMT,consumer,12,naive,none,1.2006483078002934,1.926421066603447,2.76825788033086
WMT_w12_s0003,WMT,consumer,12,moving_average,none,1.20319881439209,1.934125401585212,2.773327966433954
WMT_w12_s0003,WMT,consumer,12,linear_trend,none,1.5442395706604768,2.1677642243931587,3.5922687454507005
WMT_w12_s0004,WMT,consumer,12,naive,none,1.2208494458879735,1.4013288665836199,2.864305803201925
WMT_w12_s0004,WMT,consumer,12,moving_average,none,1.5483796255929128,1.7662306197681417,3.6354153401735068
WMT_w12_s0004,WMT,consumer,12,linear_trend,none,1.8574338060096731,1.9498540979799586,4.320680081731547
WMT_w12_s0005,WMT,consumer,12,naive,none,1.025026321411133,1.25995439582138,2.2579854855679775
WMT_w12_s0005,WMT,consumer,12,moving_average,none,1.0221560341971263,1.2741315017940842,2.2486879453173736
WMT_w12_s0005,WMT,consumer,12,linear_trend,none,0.734318277588182,0.9750251338597716,1.6585959294849166
WMT_w12_s0006,WMT,consumer,12,naive,none,1.2750046593802316,1.432195218163562,2.821627045155368
WMT_w12_s0006,WMT,consumer,12,moving_average,none,1.1398897171020497,1.2779541002631496,2.5213971362290777
WMT_w12_s0006,WMT,consumer,12,linear_trend,none,1.3285813401950697,1.5142009167949138,2.9332866405715383
WMT_w12_s0007,WMT,consumer,12,naive,none,0.691312789916992,0.9187667632237527,1.559326649977522
WMT_w12_s0007,WMT,consumer,12,moving_average,none,0.5801725660051614,0.7462320467067493,1.302632027934795
WMT_w12_s0007,WMT,consumer,12,linear_trend,none,1.2365794890754551,1.4547266503100318,2.7802639760503607
WMT_w12_s0008,WMT,consumer,12,naive,none,4.4969233104160855,4.593437580022177,10.981502819963882
WMT_w12_s0008,WMT,consumer,12,moving_average,none,3.844249970572334,3.956716742204554,9.395185356024893
WMT_w12_s0008,WMT,consumer,12,linear_trend,none,2.640130528829683,2.818264871026414,6.469177366000848
WMT_w12_s0009,WMT,consumer,12,naive,none,0.9448907034737726,1.0136575121168667,2.1653319612646666
WMT_w12_s0009,WMT,consumer,12,moving_average,none,1.5356781005859406,1.6148155023196853,3.5210549265865274
WMT_w12_s0009,WMT,consumer,12,linear_trend,none,4.59940539184539,4.742127953931039,10.560285835013948
WMT_w12_s0010,WMT,consumer,12,naive,none,0.4521092006138393,0.5308940504071878,1.0318915210949369
WMT_w12_s0010,WMT,consumer,12,moving_average,none,0.4258968353271482,0.5255520223802616,0.9750932356324361
WMT_w12_s0010,WMT,consumer,12,linear_trend,none,0.5023780866211135,0.6438830692860391,1.1510817956958774
WMT_w12_s0011,WMT,consumer,12,naive,none,0.8379842213221961,0.9411110089266118,1.9039987803456608
WMT_w12_s0011,WMT,consumer,12,moving_average,none,0.6082240240914489,0.6897837919317015,1.391102074115685
WMT_w12_s0011,WMT,consumer,12,linear_trend,none,0.9072997397817699,1.0294220219859918,2.0917052809694687
WMT_w12_s0012,WMT,consumer,12,naive,none,1.8136634826660152,2.0297863157078995,3.8844779047064537
WMT_w12_s0012,WMT,consumer,12,moving_average,none,1.7680030822753916,1.9890933004799234,3.7856905704790313
WMT_w12_s0012,WMT,consumer,12,linear_trend,none,2.284791534697996,2.4550247331543606,4.904356473881755
WMT_w12_s0013,WMT,consumer,12,naive,none,1.7926687513078963,2.0372784504082735,4.084103897804303
WMT_w12_s0013,WMT,consumer,12,moving_average,none,2.0778052738734667,2.2955108730559823,4.726482573030422
WMT_w12_s0013,WMT,consumer,12,linear_trend,none,3.9211942703669465,4.218010824267108,8.903509179182192
WMT_w12_s0014,WMT,consumer,12,naive,none,2.084912981305804,2.255796146223664,4.479214284832871
WMT_w12_s0014,WMT,consumer,12,moving_average,none,2.4019227164132224,2.551663545478117,5.165625325558252
WMT_w12_s0014,WMT,consumer,12,linear_trend,none,2.572297336710762,2.7049020484755903,5.537710324033647
WMT_w12_s0015,WMT,consumer,12,naive,none,1.5759240559169219,1.8245827440968578,3.5924294553431055
WMT_w12_s0015,WMT,consumer,12,moving_average,none,1.050165966578891,1.3199281518178967,2.4014939008378313
WMT_w12_s0015,WMT,consumer,12,linear_trend,none,1.7591808156770665,1.9593754819226465,4.002042928385336
WMT_w12_s0016,WMT,consumer,12,naive,none,1.331225940159389,1.6437686071096802,3.0718968808582807
WMT_w12_s0016,WMT,consumer,12,moving_average,none,1.2890920639038088,1.5895076828213122,2.9740040629678877
WMT_w12_s0016,WMT,consumer,12,linear_trend,none,0.7959583483555053,0.9251382093901419,1.8024249538446206
WMT_w12_s0017,WMT,consumer,12,naive,none,2.008640561785017,2.3621791194071386,4.453554078963103
WMT_w12_s0017,WMT,consumer,12,moving_average,none,1.7211971282958984,2.075119039947781,3.8113865042662023
WMT_w12_s0017,WMT,consumer,12,linear_trend,none,1.427597369556415,1.6545653944956888,3.1821817057987847
WMT_w12_s0018,WMT,consumer,12,naive,none,2.602921622140067,2.7890541687328296,5.294680342008191
WMT_w12_s0018,WMT,consumer,12,moving_average,none,3.3602801731654575,3.5064376548415312,6.847589444362271
WMT_w12_s0018,WMT,consumer,12,linear_trend,none,4.487332173991524,4.597805903776438,9.158527289934208
WMT_w12_s0019,WMT,consumer,12,naive,none,6.61843068259103,7.41692073117737,16.91389019432119
WMT_w12_s0019,WMT,consumer,12,moving_average,none,7.33740095411028,8.097425818856909,18.69781764804507
WMT_w12_s0019,WMT,consumer,12,linear_trend,none,11.529020317894894,12.321076964262147,29.17297382338542
WMT_w12_s0020,WMT,consumer,12,naive,none,1.6483097076416016,1.9810169184481994,4.057389921973793
WMT_w12_s0020,WMT,consumer,12,moving_average,none,1.797494506835935,2.112557009034645,4.429909285942926
WMT_w12_s0020,WMT,consumer,12,linear_trend,none,4.077007385054739,4.810980454890963,10.05906635178977
WMT_w12_s0021,WMT,consumer,12,naive,none,1.357609340122768,1.6091388249924492,3.16517976491564
WMT_w12_s0021,WMT,consumer,12,moving_average,none,1.633159364972796,1.9019083641698182,3.804097643896561
WMT_w12_s0021,WMT,consumer,12,linear_trend,none,5.4468300114983474,5.691311052193141,12.78559201405425
WMT_w12_s0022,WMT,consumer,12,naive,none,1.0275087356567385,1.17889776298815,2.4479929411667203
WMT_w12_s0022,WMT,consumer,12,moving_average,none,0.6193744931902219,0.7647005454448028,1.468850206779828
WMT_w12_s0022,WMT,consumer,12,linear_trend,none,2.523465753668183,2.847788172061823,6.008608684097681
WMT_w12_s0023,WMT,consumer,12,naive,none,3.659151758466448,4.046509407818493,7.90193068504853
WMT_w12_s0023,WMT,consumer,12,moving_average,none,3.5908991949898854,3.984896965374949,7.751881640001536
WMT_w12_s0023,WMT,consumer,12,linear_trend,none,2.7944615191166844,3.239315908328612,6.008389036414457
WMT_w12_s0024,WMT,consumer,12,naive,none,1.9428935732160297,2.2558441048176237,4.206952150936778
WMT_w12_s0024,WMT,consumer,12,moving_average,none,1.6474141529628192,1.9003039693651187,3.5644711160303717
WMT_w12_s0024,WMT,consumer,12,linear_trend,none,1.8501142633489827,2.0761732241927637,3.9727503640941983
WMT_w12_s0025,WMT,consumer,12,naive,none,1.1464866910661977,1.3118531629047192,2.5211590367204235
WMT_w12_s0025,WMT,consumer,12,moving_average,none,0.5518167495727534,0.6698717079891143,1.2110907834871472
WMT_w12_s0025,WMT,consumer,12,linear_trend,none,2.856416025458143,2.9720861855870235,6.252628550908571
WMT_w12_s0026,WMT,consumer,12,naive,none,1.1274401800973077,1.3019595921873475,2.5189670073621984
WMT_w12_s0026,WMT,consumer,12,moving_average,none,1.3565790721348332,1.5372136203886637,3.0311135365948463
WMT_w12_s0026,WMT,consumer,12,linear_trend,none,0.955032390757563,1.224866808915991,2.0876011448139975
WMT_w12_s0027,WMT,consumer,12,naive,none,1.977422169276646,2.0569580560243557,4.0779374242916155
WMT_w12_s0027,WMT,consumer,12,moving_average,none,2.4074651990617997,2.4732097956684567,4.9678024118619115
WMT_w12_s0027,WMT,consumer,12,linear_trend,none,3.6503457555010144,3.7178285161654414,7.536394659377864
WMT_w12_s0028,WMT,consumer,12,naive,none,1.032742364065988,1.234847053852489,2.1413271117035664
WMT_w12_s0028,WMT,consumer,12,moving_average,none,0.9151224953787668,1.0651714629325018,1.8840319018386842
WMT_w12_s0028,WMT,consumer,12,linear_trend,none,1.3558763243941077,1.6129018496358196,2.8187995701214033
WMT_w12_s0029,WMT,consumer,12,naive,none,0.7399628502982003,0.9857274443760113,1.4498116103012981
WMT_w12_s0029,WMT,consumer,12,moving_average,none,0.5939968926565992,0.6872184505514336,1.1704433592935997
WMT_w12_s0029,WMT,consumer,12,linear_trend,none,0.6576957556820275,0.810534534860814,1.2922176654599882
WMT_w12_s0030,WMT,consumer,12,naive,none,0.5136989865984238,0.6338293160670067,0.991509383714738
WMT_w12_s0030,WMT,consumer,12,moving_average,none,0.5237483160836357,0.6538757420750014,1.0091915425774522
WMT_w12_s0030,WMT,consumer,12,linear_trend,none,0.48917934999072393,0.6064801086964692,0.9518487201461164
WMT_w12_s0031,WMT,consumer,12,naive,none,0.8835510526384621,1.1272663522847761,1.7119115508018403
WMT_w12_s0031,WMT,consumer,12,moving_average,none,0.6828104564121793,0.8509966015538509,1.316775899947584
WMT_w12_s0031,WMT,consumer,12,linear_trend,none,0.9839891807493457,1.1849776342901837,1.8981693587950241
WMT_w12_s0032,WMT,consumer,12,naive,none,1.1881245204380586,1.3812458307304247,2.2746790432074584
WMT_w12_s0032,WMT,consumer,12,moving_average,none,1.2593539101736881,1.4315459952786476,2.397648562607462
WMT_w12_s0032,WMT,consumer,12,linear_trend,none,1.199127288838751,1.4157757280713905,2.302836453970262
WMT_w12_s0033,WMT,consumer,12,naive,none,0.9975782121930798,1.2154771587219264,1.99881654104224
WMT_w12_s0033,WMT,consumer,12,moving_average,none,0.7089036124093185,0.8300450757265656,1.410243098984593
WMT_w12_s0033,WMT,consumer,12,linear_trend,none,1.3468750612943798,1.5909521417364085,2.696864508771867
WMT_w12_s0034,WMT,consumer,12,naive,none,2.1839378901890347,2.5310460758813447,3.9940591768815916
WMT_w12_s0034,WMT,consumer,12,moving_average,none,2.523211724417549,2.828993979539229,4.623213176310028
WMT_w12_s0034,WMT,consumer,12,linear_trend,none,4.474564580392818,4.7597027762245085,8.227036458258372
WMT_w12_s0035,WMT,consumer,12,naive,none,1.6317005157470714,1.8544250828545616,2.75501395871346
WMT_w12_s0035,WMT,consumer,12,moving_average,none,3.25656307765416,3.405832540611877,5.518966973283211
WMT_w12_s0035,WMT,consumer,12,linear_trend,none,1.8474858596285522,1.9568094329795114,3.1380773715448993
WMT_w12_s0036,WMT,consumer,12,naive,none,0.380436216081893,0.47115428109110596,0.6518016078963845
WMT_w12_s0036,WMT,consumer,12,moving_average,none,0.5938335418701153,0.702211210883359,1.019180472090575
WMT_w12_s0036,WMT,consumer,12,linear_trend,none,4.475274341374141,4.642822064413404,7.646887293823837
WMT_w12_s0037,WMT,consumer,12,naive,none,4.699894087655204,5.133048925194574,7.241580909402493
WMT_w12_s0037,WMT,consumer,12,moving_average,none,5.030979728698733,5.485132974598654,7.752200995395464
WMT_w12_s0037,WMT,consumer,12,linear_trend,none,4.434242443434037,4.82030253680297,6.835262031814818
WMT_w12_s0038,WMT,consumer,12,naive,none,1.439837864467076,1.7051334332021315,2.0947569991862336
WMT_w12_s0038,WMT,consumer,12,moving_average,none,1.9720257350376673,2.2456636134418826,2.872120112986903
WMT_w12_s0038,WMT,consumer,12,linear_trend,none,0.7536482382244023,1.0110675831228892,1.1055036186149982
WMT_w12_s0039,WMT,consumer,12,naive,none,5.009783608572824,6.067076596403153,6.71911613030898
WMT_w12_s0039,WMT,consumer,12,moving_average,none,4.720201219831194,5.490748850433255,6.368533057300864
WMT_w12_s0039,WMT,consumer,12,linear_trend,none,2.3267168706568038,2.9181774098180275,3.360365789963969
WMT_w12_s0040,WMT,consumer,12,naive,none,1.4017492021833147,1.6042184433356863,1.7658543548388317
WMT_w12_s0040,WMT,consumer,12,moving_average,none,2.7228540693010603,2.8654825378703332,3.437917461472407
WMT_w12_s0040,WMT,consumer,12,linear_trend,none,1.9704118478922545,2.28649303780849,2.4938752805110576
WMT_w12_s0041,WMT,consumer,12,naive,none,3.4103219168526784,4.493039482017144,3.9729314683378267
WMT_w12_s0041,WMT,consumer,12,moving_average,none,3.6278878348214314,4.6716072524495935,4.233110928623612
WMT_w12_s0041,WMT,consumer,12,linear_trend,none,2.679109586507414,2.9258834855838205,3.2479372233321326
XOM_w04_s0000,XOM,energy,4,naive,none,6.350478989737375,7.881404815352526,16.725949193330884
XOM_w04_s0000,XOM,energy,4,moving_average,none,6.44905381883894,7.961046013096977,16.963759174416342
XOM_w04_s0000,XOM,energy,4,linear_trend,none,2.713516998291016,3.8080748044686943,7.330696725770001
XOM_w04_s0001,XOM,energy,4,naive,none,2.9245174271719816,3.6233863296912117,10.745830677953986
XOM_w04_s0001,XOM,energy,4,moving_average,none,4.922708089011059,5.518912299492321,17.76770900048752
XOM_w04_s0001,XOM,energy,4,linear_trend,none,9.170633417143856,11.099430346551241,30.123267323500553
XOM_w04_s0002,XOM,energy,4,naive,none,3.0692965643746475,3.2657404791013476,8.9035438128544
XOM_w04_s0002,XOM,energy,4,moving_average,none,3.040508569989887,3.238699097005004,8.819022343232065
XOM_w04_s0002,XOM,energy,4,linear_trend,none,1.9775426858477894,2.3533305506256874,5.792179104350022
XOM_w04_s0003,XOM,energy,4,naive,none,1.9238641602652413,2.5376865082005975,5.23366314630456
XOM_w04_s0003,XOM,energy,4,moving_average,none,1.9560766083853582,2.598589808232708,5.268486502584448
XOM_w04_s0003,XOM,energy,4,linear_trend,none,2.6832949925186034,3.272445211748689,7.478926667231191
XOM_w04_s0004,XOM,energy,4,naive,none,0.8490381240844727,0.9706377522684173,2.498756804627288
XOM_w04_s0004,XOM,energy,4,moving_average,none,0.7058691569737009,0.8039066198405458,2.0818676134643725
XOM_w04_s0004,XOM,energy,4,linear_trend,none,4.222310870034357,4.631014821056161,12.504605720320441
XOM_w04_s0005,XOM,energy,4,naive,none,3.1530777386256625,3.615090240340989,10.941397777392629
XOM_w04_s0005,XOM,energy,4,moving_average,none,3.680211298806328,4.094256774170587,12.715772442804226
XOM_w04_s0005,XOM,energy,4,linear_trend,none,4.221506499527098,4.650613950150606,14.564231031437401
XOM_w04_s0006,XOM,energy,4,naive,none,0.6521525382995607,0.8013930844405944,2.49834199097111
XOM_w04_s0006,XOM,energy,4,moving_average,none,0.8130170958382749,0.9730008471403775,3.1165190152112032
XOM_w04_s0006,XOM,energy,4,linear_trend,none,2.5488693877526396,2.917444153946174,9.64087343393183
XOM_w04_s0007,XOM,energy,4,naive,none,6.33223751613072,6.692799326373856,19.3313452754869
XOM_w04_s0007,XOM,energy,4,moving_average,none,5.910177503313337,6.294960602187123,18.012299996396372
XOM_w04_s0007,XOM,energy,4,linear_trend,none,7.280192893609067,7.747670273055078,22.19352092429392
XOM_w04_s0008,XOM,energy,4,naive,none,2.2562605994088307,2.618330377693701,6.061483934941513
XOM_w04_s0008,XOM,energy,4,moving_average,none,2.309715843200684,2.709810280914048,6.181593965108501
XOM_w04_s0008,XOM,energy,4,linear_trend,none,2.878739985743604,3.2547135310380755,8.09730865623334
XOM_w04_s0009,XOM,energy,4,naive,none,7.88078130994525,8.830407038313185,17.205285766620033
XOM_w04_s0009,XOM,energy,4,moving_average,none,7.164327866690497,8.14416672765967,15.593109572717594
XOM_w04_s0009,XOM,energy,4,linear_trend,none,3.5919460626473145,4.232664108502145,7.817232059293852
XOM_w04_s0010,XOM,energy,4,naive,none,3.6305012021745955,3.804960062611327,7.843609095010646
XOM_w04_s0010,XOM,energy,4,moving_average,none,3.365478760855541,3.5367915505118575,7.272010246143659
XOM_w04_s0010,XOM,energy,4,linear_trend,none,11.084945936848348,12.101994003172841,23.957085068727043
XOM_w04_s0011,XOM,energy,4,naive,none,3.049820218767439,3.4110371664988586,6.136734367412376
XOM_w04_s0011,XOM,energy,4,moving_average,none,2.868101011003766,3.2121719174326238,5.77196572432188
XOM_w04_s0011,XOM,energy,4,linear_trend,none,3.4550829415162583,3.842181081835513,6.955822338468168
XOM_w04_s0012,XOM,energy,4,naive,none,1.6186681474958144,1.9286156965480126,3.078147914880664
XOM_w04_s0012,XOM,energy,4,moving_average,none,2.876160049438475,3.0747117515138083,5.500375669938389
XOM_w04_s0012,XOM,energy,4,linear_trend,none,3.8098071779523535,4.001152189078503,7.300159181362406
XOM_w04_s0013,XOM,energy,4,naive,none,3.05023261478969,3.263373730309845,6.438321443136479
XOM_w04_s0013,XOM,energy,4,moving_average,none,2.7965687615530803,3.0267419499261865,5.907741479697184
XOM_w04_s0013,XOM,energy,4,linear_trend,none,1.9827828514844918,2.2466372016130003,4.18826171220236
XOM_w04_s0014,XOM,energy,4,naive,none,2.2998875209263394,2.75061883395931,4.815149061226072
XOM_w04_s0014,XOM,energy,4,moving_average,none,1.0354337964739118,1.541646094168327,2.1592550541855893
XOM_w04_s0014,XOM,energy,4,linear_trend,none,1.7629914137269662,2.6347166510973703,3.6530615413047007
XOM_w04_s0015,XOM,energy,4,naive,none,2.6760766165597096,3.0137292792944774,4.963042754743159
XOM_w04_s0015,XOM,energy,4,moving_average,none,3.5632079533168275,3.8672755616465255,6.6238346267927986
XOM_w04_s0015,XOM,energy,4,linear_trend,none,1.0391204833984347,1.2294819993421329,1.9570110178501454
XOM_w04_s0016,XOM,energy,4,naive,none,2.1725492477416997,2.512615999784811,4.130694866617964
XOM_w04_s0016,XOM,energy,4,moving_average,none,1.583476393563408,1.8898906720144089,3.0118228322867093
XOM_w04_s0016,XOM,energy,4,linear_trend,none,4.566662614865407,5.17040141105702,8.662176293404585
XOM_w04_s0017,XOM,energy,4,naive,none,6.72826794215611,8.146701711310804,11.014157347577909
XOM_w04_s0017,XOM,energy,4,moving_average,none,5.908688517979215,7.369711327135837,9.626185729995228
XOM_w04_s0017,XOM,energy,4,linear_trend,none,5.8951377540858845,7.328904878783015,9.611812698045172
XOM_w04_s0018,XOM,energy,4,naive,none,4.692212513514927,5.3925735749884165,6.654350654907798
XOM_w04_s0018,XOM,energy,4,moving_average,none,5.395848682948521,6.014829548620191,7.673604405148264
XOM_w04_s0018,XOM,energy,4,linear_trend,none,4.632345408758208,5.426819841207977,6.728562626058962
XOM_w04_s0019,XOM,energy,4,naive,none,2.4397901807512556,3.047829713172053,3.4527942614027882
XOM_w04_s0019,XOM,energy,4,moving_average,none,2.4692152295793792,3.0788407389813,3.4953731980665195
XOM_w04_s0019,XOM,energy,4,linear_trend,none,5.839308800374661,6.089045623608886,8.101251844073364
XOM_w04_s0020,XOM,energy,4,naive,none,3.655280794416155,4.408696579071328,4.601153018337702
XOM_w04_s0020,XOM,energy,4,moving_average,none,3.677287673950196,4.469871923724832,4.620749716622889
XOM_w04_s0020,XOM,energy,4,linear_trend,none,2.3905131306223106,2.9577496432100543,3.159093342238296
XOM_w04_s0021,XOM,energy,4,naive,none,5.886368615286691,6.719742498323251,7.560006662451581
XOM_w04_s0021,XOM,energy,4,moving_average,none,5.9498259953090145,6.80873551030919,7.650247460769856
XOM_w04_s0021,XOM,energy,4,linear_trend,none,11.785094661282418,14.306849322165958,15.401947644905883
XOM_w04_s0022,XOM,energy,4,naive,none,5.38959584917341,6.151597610405983,6.6693518614861516
XOM_w04_s0022,XOM,energy,4,moving_average,none,4.961896896362305,5.714179310444412,6.136777749061158
XOM_w04_s0022,XOM,energy,4,linear_trend,none,12.654226968521458,14.123516726273191,15.713340058845235
XOM_w04_s0023,XOM,energy,4,naive,none,2.822327205113002,3.6539777156759867,3.4805687627718305
XOM_w04_s0023,XOM,energy,4,moving_average,none,3.1453285217285156,3.750752604900299,3.82602960772037
XOM_w04_s0023,XOM,energy,4,linear_trend,none,3.4779428029290855,4.546978869673944,4.308111529803388
XOM_w04_s0024,XOM,energy,4,naive,none,13.526410511561805,14.643180486815641,14.407412148664427
XOM_w04_s0024,XOM,energy,4,moving_average,none,15.27461858476911,16.34327728653504,16.30362475185268
XOM_w04_s0024,XOM,energy,4,linear_trend,none,21.488066623085437,23.500513275412267,22.849406420367885
XOM_w04_s0025,XOM,energy,4,naive,none,3.642675672258648,4.696361146818905,3.8516329832012355
XOM_w04_s0025,XOM,energy,4,moving_average,none,2.9796337672642266,3.6606973416106006,3.130568413999637
XOM_w04_s0025,XOM,energy,4,linear_trend,none,14.21348578947828,16.541875221864764,14.897923246880499
XOM_w04_s0026,XOM,energy,4,naive,none,5.178363255092074,5.826188213508386,5.173576648772479
XOM_w04_s0026,XOM,energy,4,moving_average,none,4.614123753138949,5.330962493473137,4.601933342235174
XOM_w04_s0026,XOM,energy,4,linear_trend,none,13.147743190679346,14.466043868919156,13.162648087991347
XOM_w04_s0027,XOM,energy,4,naive,none,3.2592337472098216,3.6926306626375567,3.28030341801116
XOM_w04_s0027,XOM,energy,4,moving_average,none,2.812970079694477,3.219084614838958,2.8260125275580115
XOM_w04_s0027,XOM,energy,4,linear_trend,none,8.355425018654723,9.685939633182063,8.417677998035511
XOM_w04_s0028,XOM,energy,4,naive,none,5.395331246512278,6.228435642680648,5.341946605442395
XOM_w04_s0028,XOM,energy,4,moving_average,none,4.82930624825614,5.322593402565206,4.871397439365306
XOM_w04_s0028,XOM,energy,4,linear_trend,none,8.527714468918097,10.188692664266586,8.37974931720537
XOM_w04_s0029,XOM,energy,4,naive,none,6.861233302525114,7.622236993275256,7.176454674689394
XOM_w04_s0029,XOM,energy,4,moving_average,none,6.836879185267859,7.59324272986925,7.15069440926105
XOM_w04_s0029,XOM,energy,4,linear_trend,none,16.254875535893266,18.005091429938197,16.98858000268643
XOM_w04_s0030,XOM,energy,4,naive,none,2.051189695085799,2.411200362356343,2.1305808767326897
XOM_w04_s0030,XOM,energy,4,moving_average,none,1.6656958988734647,1.96135911992459,1.7322862272504038
XOM_w04_s0030,XOM,energy,4,linear_trend,none,3.2264555995625686,3.5959739400747743,3.3632948893391537
XOM_w04_s0031,XOM,energy,4,naive,none,2.8739283425467335,3.3952725247065563,2.9466199052913917
XOM_w04_s0031,XOM,energy,4,moving_average,none,2.6794375283377505,3.1969526767158563,2.7530756752886147
XOM_w04_s0031,XOM,energy,4,linear_trend,none,1.977184802914793,2.4388269088626604,2.0546832757498223
XOM_w04_s0032,XOM,energy,4,naive,none,5.941451481410437,6.645200561498713,5.608810660336705
XOM_w04_s0032,XOM,energy,4,moving_average,none,5.775473240443637,6.473462456384007,5.45176121062999
XOM_w04_s0032,XOM,energy,4,linear_trend,none,1.640573299174408,1.9299719339243593,1.575853645694308
XOM_w04_s0033,XOM,energy,4,naive,none,6.584425789969322,7.139169849779361,6.742348271577869
XOM_w04_s0033,XOM,energy,4,moving_average,none,8.603377314976289,9.044478783902445,8.78653426247316
XOM_w04_s0033,XOM,energy,4,linear_trend,none,10.829688343248877,11.451187058358633,11.063399578470548
XOM_w04_s0034,XOM,energy,4,naive,none,1.6200806753976045,1.8780207051569313,1.7300430594216831
XOM_w04_s0034,XOM,energy,4,moving_average,none,1.7952968052455347,2.4069845182330347,1.943369320985975
XOM_w04_s0034,XOM,energy,4,linear_trend,none,5.0812959054359,5.611233692302171,5.411719727142294
XOM_w04_s0035,XOM,energy,4,naive,none,1.8229631696428572,2.182984428904673,1.9896119860098316
XOM_w04_s0035,XOM,energy,4,moving_average,none,1.824145834786551,2.3156231133708802,1.9988916554532676
XOM_w04_s0035,XOM,energy,4,linear_trend,none,3.314463054685674,4.129669874951655,3.531348121196072
XOM_w04_s0036,XOM,energy,4,naive,none,2.7779731750488272,3.5288661923030458,2.8164748968963473
XOM_w04_s0036,XOM,energy,4,moving_average,none,2.3930019923618877,3.005192963380182,2.431190007930835
XOM_w04_s0036,XOM,energy,4,linear_trend,none,1.6736999569082707,2.1286302730529636,1.6982013782636272
XOM_w04_s0037,XOM,energy,4,naive,none,7.320144108363559,7.999917863404426,6.629098630563412
XOM_w04_s0037,XOM,energy,4,moving_average,none,8.254622868129184,8.863011607182335,7.486677913529586
XOM_w04_s0037,XOM,energy,4,linear_trend,none,3.4947702450859692,3.864481264815125,3.1802222328847476
XOM_w04_s0038,XOM,energy,4,naive,none,3.300477164132255,3.765108117471224,3.0528112558575455
XOM_w04_s0038,XOM,energy,4,moving_average,none,2.319533974783763,2.7733235099043783,2.1475273290843906
XOM_w04_s0038,XOM,energy,4,linear_trend,none,6.540148366483545,7.194251913832092,6.034282649592459
XOM_w04_s0039,XOM,energy,4,naive,none,1.8404606410435262,2.4325818591898813,1.769881883619418
XOM_w04_s0039,XOM,energy,4,moving_average,none,2.079259599958146,2.6936395315952026,1.9986764313034033
XOM_w04_s0039,XOM,energy,4,linear_trend,none,1.9643390512107852,2.328637268879775,1.8744581418449202
XOM_w04_s0040,XOM,energy,4,naive,none,1.9080611637660512,2.3150799043277988,1.7263907974861117
XOM_w04_s0040,XOM,energy,4,moving_average,none,3.791307667323519,4.126466818687943,3.4398879252179064
XOM_w04_s0040,XOM,energy,4,linear_trend,none,1.437580402837277,1.875179705162155,1.3189229625575971
XOM_w04_s0041,XOM,energy,4,naive,none,2.204226630074639,2.7005038015176606,2.0191854855516165
XOM_w04_s0041,XOM,energy,4,moving_average,none,2.1903333936418794,2.7288643913637034,2.0275500984037014
XOM_w04_s0041,XOM,energy,4,linear_trend,none,2.3882264507060107,2.9938838609710663,2.2225332319484163
XOM_w04_s0042,XOM,energy,4,naive,none,1.9749657767159547,2.4555377858403085,1.7492392356053492
XOM_w04_s0042,XOM,energy,4,moving_average,none,3.188679286411831,3.693721615370682,2.773503317047809
XOM_w04_s0042,XOM,energy,4,linear_trend,none,5.051129468760091,5.755520573611405,4.470980977248168
XOM_w04_s0043,XOM,energy,4,naive,none,4.579111644199918,6.229605042607513,4.349275495161678
XOM_w04_s0043,XOM,energy,4,moving_average,none,4.611208506992886,6.270721293576602,4.379954275691205
XOM_w04_s0043,XOM,energy,4,linear_trend,none,3.7936141422816663,4.897130832124401,3.5723695367429675
XOM_w08_s0000,XOM,energy,8,naive,none,8.64368098122733,9.574305012708075,30.74586955059185
XOM_w08_s0000,XOM,energy,8,moving_average,none,9.66404241834368,10.609389349402566,34.27513603511475
XOM_w08_s0000,XOM,energy,8,linear_trend,none,6.239335651954926,7.28837256533101,22.333628302361404
XOM_w08_s0001,XOM,energy,8,naive,none,1.1348795890808103,1.428935987382094,3.4659509587980204
XOM_w08_s0001,XOM,energy,8,moving_average,none,2.1425529071262908,2.4601701459015133,6.341961456077533
XOM_w08_s0001,XOM,energy,8,linear_trend,none,16.537702507002685,17.320595012088116,49.57502176881217
XOM_w08_s0002,XOM,energy,8,naive,none,2.4925391333443776,3.2763814384734555,6.548255284804698
XOM_w08_s0002,XOM,energy,8,moving_average,none,3.121984073093959,3.7889817372812478,8.279107662547815
XOM_w08_s0002,XOM,energy,8,linear_trend,none,2.2185694246182206,2.7777899077319907,6.082854187913771
XOM_w08_s0003,XOM,energy,8,naive,none,0.7333083152770997,0.9410713811868536,2.2205682024658246
XOM_w08_s0003,XOM,energy,8,moving_average,none,1.0906120436532143,1.2741087048767288,3.2909141465475447
XOM_w08_s0003,XOM,energy,8,linear_trend,none,4.608096538590728,4.709997097042103,13.785265845133463
XOM_w08_s0004,XOM,energy,8,naive,none,2.157057898385184,2.628329949733404,7.097900897412936
XOM_w08_s0004,XOM,energy,8,moving_average,none,2.108517946515763,2.568564105007523,6.935221641589983
XOM_w08_s0004,XOM,energy,8,linear_trend,none,1.0683865107022792,1.2643471502837769,3.3724447937936346
XOM_w08_s0005,XOM,energy,8,naive,none,2.762185301099501,2.870742962640876,10.319474221317888
XOM_w08_s0005,XOM,energy,8,moving_average,none,2.2072727612086713,2.3362917466713666,8.261084565241028
XOM_w08_s0005,XOM,energy,8,linear_trend,none,0.875997994879686,1.143718367717271,3.261316817260758
XOM_w08_s0006,XOM,energy,8,naive,none,3.856888975415911,4.630819017606153,12.332034577745247
XOM_w08_s0006,XOM,energy,8,moving_average,none,3.4378630365644183,4.103863494009218,11.025992432384557
XOM_w08_s0006,XOM,energy,8,linear_trend,none,5.693749520133883,6.673403200610385,18.295537802288734
XOM_w08_s0007,XOM,energy,8,naive,none,2.4601635251726424,3.235479489980169,6.629632678716824
XOM_w08_s0007,XOM,energy,8,moving_average,none,2.987574413844516,3.6526050755249817,8.122670449696926
XOM_w08_s0007,XOM,energy,8,linear_trend,none,1.367860281445072,1.5553087172681206,3.8799126039162566
XOM_w08_s0008,XOM,energy,8,naive,none,3.003480366298131,3.5434023485829678,7.145053672274038
XOM_w08_s0008,XOM,energy,8,moving_average,none,3.033202471051897,3.6036918590123923,7.1953552885479555
XOM_w08_s0008,XOM,energy,8,linear_trend,none,1.818507612182896,2.129363958245558,4.417320410270798
XOM_w08_s0009,XOM,energy,8,naive,none,1.426421574183873,2.084766552808336,2.9011658013892836
XOM_w08_s0009,XOM,energy,8,moving_average,none,1.8371838160923553,2.4869197340252955,3.7527662006448317
XOM_w08_s0009,XOM,energy,8,linear_trend,none,3.246413599789798,3.547597039991595,6.8638884897319095
XOM_w08_s0010,XOM,energy,8,naive,none,2.352263859340123,3.041877632037472,4.734509229468241
XOM_w08_s0010,XOM,energy,8,moving_average,none,2.184722900390625,2.8165612168987044,4.401832140600435
XOM_w08_s0010,XOM,energy,8,linear_trend,none,1.633267408988011,1.9215007355166043,3.477305570285364
XOM_w08_s0011,XOM,energy,8,naive,none,2.2929431370326445,2.7348154345788864,4.38547199063607
XOM_w08_s0011,XOM,energy,8,moving_average,none,1.6921886989048558,1.96174054299161,3.2610750075293407
XOM_w08_s0011,XOM,energy,8,linear_trend,none,0.9085428782871772,1.1162877169542709,1.7996872966888227
XOM_w08_s0012,XOM,energy,8,naive,none,3.180274554661342,3.5592225034541762,6.611420056893369
XOM_w08_s0012,XOM,energy,8,moving_average,none,4.075706454685755,4.4474082782470985,8.454140043612696
XOM_w08_s0012,XOM,energy,8,linear_trend,none,5.115176268270589,5.655246626013169,10.619038164531181
XOM_w08_s0013,XOM,energy,8,naive,none,1.2371620450701035,1.4375470817328724,2.6870784002143435
XOM_w08_s0013,XOM,energy,8,moving_average,none,1.3872916357857843,1.5983536491680095,3.0146986488610565
XOM_w08_s0013,XOM,energy,8,linear_trend,none,2.316214352272626,2.599209986769727,4.960501563842615
XOM_w08_s0014,XOM,energy,8,naive,none,4.908991541181292,5.364128655988831,9.379125513407049
XOM_w08_s0014,XOM,energy,8,moving_average,none,4.7002377918788385,5.134793366205496,8.983755226394772
XOM_w08_s0014,XOM,energy,8,linear_trend,none,6.479407976805381,7.091047342491037,12.369318060191762
XOM_w08_s0015,XOM,energy,8,naive,none,1.1294472558157782,1.3837015165152897,2.1197872502610617
XOM_w08_s0015,XOM,energy,8,moving_average,none,1.1419956479753766,1.3709023517315204,2.1395154545551613
XOM_w08_s0015,XOM,energy,8,linear_trend,none,4.701828426268046,5.690265330628024,8.86014232700416
XOM_w08_s0016,XOM,energy,8,naive,none,2.867947850908552,4.039120361082762,4.925865158114822
XOM_w08_s0016,XOM,energy,8,moving_average,none,3.0175062179565435,4.540665512372331,5.121556610479496
XOM_w08_s0016,XOM,energy,8,linear_trend,none,2.920627337133427,4.125887913362625,5.015147902722326
XOM_w08_s0017,XOM,energy,8,naive,none,4.067202840532575,4.684807416931412,5.9899121023185415
XOM_w08_s0017,XOM,energy,8,moving_average,none,5.248747171674458,5.79189699837863,7.759632107754968
XOM_w08_s0017,XOM,energy,8,linear_trend,none,5.2737860976898805,5.644075477033519,7.852652744061183
XOM_w08_s0018,XOM,energy,8,naive,none,3.743616376604353,4.2243519793827415,5.1608548370353615
XOM_w08_s0018,XOM,energy,8,moving_average,none,4.7640374319893946,5.260101687056624,6.574884507130978
XOM_w08_s0018,XOM,energy,8,linear_trend,none,4.58847550469089,5.187432220782227,6.470414242376153
XOM_w08_s0019,XOM,energy,8,naive,none,2.5098904200962613,3.185280776427608,3.2513476202084424
XOM_w08_s0019,XOM,energy,8,moving_average,none,3.490745326450898,4.140732827122893,4.5275823815794505
XOM_w08_s0019,XOM,energy,8,linear_trend,none,1.9935661550055077,2.277003223433257,2.619073554909727
XOM_w08_s0020,XOM,energy,8,naive,none,4.671004159109933,5.61958822866536,5.507747137294969
XOM_w08_s0020,XOM,energy,8,moving_average,none,5.108681161063056,6.1110723556261,6.0067175292990544
XOM_w08_s0020,XOM,energy,8,linear_trend,none,5.21251467661575,5.821136203457079,6.234291951303841
XOM_w08_s0021,XOM,energy,8,naive,none,2.435114179338728,3.0094155198146755,3.1305468051101424
XOM_w08_s0021,XOM,energy,8,moving_average,none,2.437112208775112,3.0088082735553194,3.1342765180458496
XOM_w08_s0021,XOM,energy,8,linear_trend,none,6.811033430332096,7.266066253378094,8.966465517607798
XOM_w08_s0022,XOM,energy,8,naive,none,4.775932584490095,5.203868385324413,5.629811338490521
XOM_w08_s0022,XOM,energy,8,moving_average,none,5.9563280923026,6.304645784129177,7.036143151201428
XOM_w08_s0022,XOM,energy,8,linear_trend,none,5.869659126606871,6.213378029363235,6.933821668307137
XOM_w08_s0023,XOM,energy,8,naive,none,6.437969480242049,7.268166339319215,7.358274500538265
XOM_w08_s0023,XOM,energy,8,moving_average,none,6.022267750331335,6.67934991255732,6.983175848668552
XOM_w08_s0023,XOM,energy,8,linear_trend,none,4.425522030636377,5.6521666664364325,5.425987048221161
XOM_w08_s0024,XOM,energy,8,naive,none,4.012215750558037,4.350681726716504,4.037132946567696
XOM_w08_s0024,XOM,energy,8,moving_average,none,4.726580810546882,5.06859873724887,4.75404104541254
XOM_w08_s0024,XOM,energy,8,linear_trend,none,4.426579085907009,4.958808269013382,4.492314078614059
XOM_w08_s0025,XOM,energy,8,naive,none,4.217832837785979,4.843051577741725,4.314412594023658
XOM_w08_s0025,XOM,energy,8,moving_average,none,2.199249485560824,2.6866410310027273,2.2533208546172423
XOM_w08_s0025,XOM,energy,8,linear_trend,none,7.341197770557612,7.4478256550984625,7.638216031609983
XOM_w08_s0026,XOM,energy,8,naive,none,2.396752493722097,3.1843380855586814,2.3214703874893075
XOM_w08_s0026,XOM,energy,8,moving_average,none,1.991938454764227,2.650248612065576,1.9314314385075082
XOM_w08_s0026,XOM,energy,8,linear_trend,none,3.6467153902444975,4.2921054629502295,3.5512090483315877
XOM_w08_s0027,XOM,energy,8,naive,none,4.001095090593612,4.738854739400595,4.182539530191563
XOM_w08_s0027,XOM,energy,8,moving_average,none,3.9185855865478523,4.634667322809976,4.087426810902038
XOM_w08_s0027,XOM,energy,8,linear_trend,none,5.802530883292159,7.123612505606061,6.1447763123305785
XOM_w08_s0028,XOM,energy,8,naive,none,4.18043191092355,5.422255213365955,4.324729973268727
XOM_w08_s0028,XOM,energy,8,moving_average,none,4.188119397844587,5.444278946467868,4.333661003811405
XOM_w08_s0028,XOM,energy,8,linear_trend,none,4.261191612924587,5.333340438137896,4.133497420112088
XOM_w08_s0029,XOM,energy,8,naive,none,1.3704765864780981,1.7106038872400853,1.4499774060316915
XOM_w08_s0029,XOM,energy,8,moving_average,none,1.2825968606131377,1.5617969395587141,1.341757684527253
XOM_w08_s0029,XOM,energy,8,linear_trend,none,1.4457523575483475,1.7982756499643247,1.5234695205375761
XOM_w08_s0030,XOM,energy,8,naive,none,2.1519791739327574,2.7825796221365935,2.295610786952676
XOM_w08_s0030,XOM,energy,8,moving_average,none,1.739613778250558,2.175142742999762,1.8376168882701494
XOM_w08_s0030,XOM,energy,8,linear_trend,none,1.9750460863177308,2.3824521763904714,2.0651232424121995
XOM_w08_s0031,XOM,energy,8,naive,none,3.478183473859515,4.366759808631213,3.3261892282124084
XOM_w08_s0031,XOM,energy,8,moving_average,none,4.39885695321219,5.45463755443009,4.200745792998608
XOM_w08_s0031,XOM,energy,8,linear_trend,none,4.878795122327063,5.714435048970163,4.67750864573046
XOM_w08_s0032,XOM,energy,8,naive,none,4.838894435337621,5.710242487674956,4.856440354541052
XOM_w08_s0032,XOM,energy,8,moving_average,none,5.496070425850999,6.366413699869195,5.513786880231438
XOM_w08_s0032,XOM,energy,8,linear_trend,none,9.548410139081303,11.11454340770297,9.58085552783221
XOM_w08_s0033,XOM,energy,8,naive,none,1.8352334158761276,2.439085477293843,1.9582685472108337
XOM_w08_s0033,XOM,energy,8,moving_average,none,2.866082872663226,3.3190546849116407,3.0502126036183124
XOM_w08_s0033,XOM,energy,8,linear_trend,none,1.3232091553503267,1.4986223037133917,1.3907819759943743
XOM_w08_s0034,XOM,energy,8,naive,none,1.6967427389962328,1.935277309646378,1.834408513431198
XOM_w08_s0034,XOM,energy,8,moving_average,none,1.6007635389055532,1.8458616599072506,1.7376993369902523
XOM_w08_s0034,XOM,energy,8,linear_trend,none,3.386121660926262,3.6908027642461496,3.6553184609424907
XOM_w08_s0035,XOM,energy,8,naive,none,6.018323353358674,6.282010391609067,6.2925943609497255
XOM_w08_s0035,XOM,energy,8,moving_average,none,5.808478382655544,6.081271223722772,6.0719202681150986
XOM_w08_s0035,XOM,energy,8,linear_trend,none,5.985517022616742,6.461639193996637,6.246876024056864
XOM_w08_s0036,XOM,energy,8,naive,none,7.609104973929268,8.936493649307875,7.003590287844809
XOM_w08_s0036,XOM,energy,8,moving_average,none,8.672303717476982,9.929172651286894,8.002554141330524
XOM_w08_s0036,XOM,energy,8,linear_trend,none,6.068016064719784,6.9680278089647025,5.598031611998399
XOM_w08_s0037,XOM,energy,8,naive,none,2.8799855368477827,3.241479273178979,2.630930098248494
XOM_w08_s0037,XOM,energy,8,moving_average,none,2.534430422101706,2.9387427159367223,2.3174497533240914
XOM_w08_s0037,XOM,energy,8,linear_trend,none,9.854972836697133,10.902536674308283,8.971142495002926
XOM_w08_s0038,XOM,energy,8,naive,none,4.452511651175365,4.859364317508064,4.239727665048389
XOM_w08_s0038,XOM,energy,8,moving_average,none,5.081805474417558,5.4418111365829755,4.834115947230738
XOM_w08_s0038,XOM,energy,8,linear_trend,none,4.236866446162515,4.66002752722651,4.035927706227815
XOM_w08_s0039,XOM,energy,8,naive,none,2.1331081390380904,2.5157312646226724,1.953695415217439
XOM_w08_s0039,XOM,energy,8,moving_average,none,1.9187943049839562,2.2754012304095745,1.7623976234187777
XOM_w08_s0039,XOM,energy,8,linear_trend,none,5.651076817723399,6.333892979054322,5.169479026831054
XOM_w08_s0040,XOM,energy,8,naive,none,2.8560545785086484,3.6423101917044027,2.6746525072605043
XOM_w08_s0040,XOM,energy,8,moving_average,none,2.146322413853236,2.6088709836902377,1.9966800745189306
XOM_w08_s0040,XOM,energy,8,linear_trend,none,4.458893113454531,5.498761877211843,4.166505471461845
XOM_w08_s0041,XOM,energy,8,naive,none,4.61747932434083,5.242360603408692,4.028293338258785
XOM_w08_s0041,XOM,energy,8,moving_average,none,5.216646194458006,5.828216810858081,4.553754707425754
XOM_w08_s0041,XOM,energy,8,linear_trend,none,7.291667713757275,7.869104003117924,6.379572586753756
XOM_w08_s0042,XOM,energy,8,naive,none,3.024939945765903,3.338658029535387,2.6725894704840716
XOM_w08_s0042,XOM,energy,8,moving_average,none,2.2164792742047967,2.5845083277190537,1.9775169448498529
XOM_w08_s0042,XOM,energy,8,linear_trend,none,6.854754100514301,7.802555175665598,6.1717319174310274
XOM_w12_s0000,XOM,energy,12,naive,none,4.0610442842756,4.492843964098349,12.349588669364667
XOM_w12_s0000,XOM,energy,12,moving_average,none,4.788249179295133,5.159544205635607,14.626836741741874
XOM_w12_s0000,XOM,energy,12,linear_trend,none,12.081688203607099,13.354166857334887,36.84752583119532
XOM_w12_s0001,XOM,energy,12,naive,none,2.730370249067034,3.516940381432502,7.2329886963103736
XOM_w12_s0001,XOM,energy,12,moving_average,none,2.7446480069841646,3.5299407088502837,7.271671502206421
XOM_w12_s0001,XOM,energy,12,linear_trend,none,10.25321560853762,10.871506961004709,27.961423217571035
XOM_w12_s0002,XOM,energy,12,naive,none,1.9517148562840052,2.1599309845394705,5.808288636866649
XOM_w12_s0002,XOM,energy,12,moving_average,none,2.2669903210231235,2.46423876987811,6.737714236480143
XOM_w12_s0002,XOM,energy,12,linear_trend,none,6.743661509139484,7.045599817877665,19.94804785065021
XOM_w12_s0003,XOM,energy,12,naive,none,1.1495592253548759,1.4721801087342627,3.602648971866196
XOM_w12_s0003,XOM,energy,12,moving_average,none,1.1917014939444412,1.5283788064230674,3.738046315128262
XOM_w12_s0003,XOM,energy,12,linear_trend,none,1.3606610090977773,1.6646620630911413,4.261388351992964
XOM_w12_s0004,XOM,energy,12,naive,none,2.9545411382402658,3.20125131509141,10.835058628288655
XOM_w12_s0004,XOM,energy,12,moving_average,none,3.1671433721269895,3.3984546170911734,11.60079633096359
XOM_w12_s0004,XOM,energy,12,linear_trend,none,2.9345609789093166,3.0599359900343086,10.69680571982177
XOM_w12_s0005,XOM,energy,12,naive,none,1.8731564794267928,2.390003676668047,6.4006256003042346
XOM_w12_s0005,XOM,energy,12,moving_average,none,1.8724816594805038,2.3933557821530558,6.395908807990409
XOM_w12_s0005,XOM,energy,12,linear_trend,none,4.168783385913344,5.329664348679221,14.110931529539894
XOM_w12_s0006,XOM,energy,12,naive,none,0.9723174912588937,1.2442843643838706,2.9171174152246593
XOM_w12_s0006,XOM,energy,12,moving_average,none,2.6280243328639434,2.8766622358674896,7.678555911518589
XOM_w12_s0006,XOM,energy,12,linear_trend,none,5.824006905419004,5.95774070973662,17.16237927762298
XOM_w12_s0007,XOM,energy,12,naive,none,3.0578910282679965,3.7039998886602876,7.573671481608043
XOM_w12_s0007,XOM,energy,12,moving_average,none,4.770738928658624,5.2085379483932295,11.974336615143814
XOM_w12_s0007,XOM,energy,12,linear_trend,none,1.5430059054789376,1.7679164315262093,3.943421678327428
XOM_w12_s0008,XOM,energy,12,naive,none,3.772554397583008,4.296110557532227,7.836045224076287
XOM_w12_s0008,XOM,energy,12,moving_average,none,4.988321903773719,5.448015158249656,10.410309406462517
XOM_w12_s0008,XOM,energy,12,linear_trend,none,3.478356053371498,4.074127514985293,7.246551066516674
XOM_w12_s0009,XOM,energy,12,naive,none,1.2386730739048546,1.546226513713914,2.607475326045817
XOM_w12_s0009,XOM,energy,12,moving_average,none,1.0670340401785716,1.6186724970108808,2.2062889726971435
XOM_w12_s0009,XOM,energy,12,linear_trend,none,6.739878717884133,6.919327469771405,14.398188579836226
XOM_w12_s0010,XOM,energy,12,naive,none,1.263257844107491,1.5214955470941687,2.523829165366501
XOM_w12_s0010,XOM,energy,12,moving_average,none,1.3403917857578809,1.6433247567451468,2.6094956171994523
XOM_w12_s0010,XOM,energy,12,linear_trend,none,1.7624289412760838,2.0819917854387135,3.4298855412601634
XOM_w12_s0011,XOM,energy,12,naive,none,2.131578172956194,2.568591635234967,4.348466878496969
XOM_w12_s0011,XOM,energy,12,moving_average,none,2.39439321245466,3.0249607703883217,4.923337131848453
XOM_w12_s0011,XOM,energy,12,linear_trend,none,3.6446049222273733,4.571486123437472,7.493876563239062
XOM_w12_s0012,XOM,energy,12,naive,none,1.4653670447213307,1.820555825912058,3.173496013116745
XOM_w12_s0012,XOM,energy,12,moving_average,none,1.210157694135392,1.5285754899343245,2.620442881925545
XOM_w12_s0012,XOM,energy,12,linear_trend,none,2.717995902065128,2.9176485909122363,5.838412742304672
XOM_w12_s0013,XOM,energy,12,naive,none,3.314092363630022,4.076285426032739,6.499091896796482
XOM_w12_s0013,XOM,energy,12,moving_average,none,3.3097454071044936,4.071120460861745,6.490611408769867
XOM_w12_s0013,XOM,energy,12,linear_trend,none,5.976431541597824,6.989458017915462,11.788431972315497
XOM_w12_s0014,XOM,energy,12,naive,none,1.5919497353690009,1.7912742282761038,2.9034021076634726
XOM_w12_s0014,XOM,energy,12,moving_average,none,2.279178782871788,2.4641333991933116,4.162004632005389
XOM_w12_s0014,XOM,energy,12,linear_trend,none,3.298592578560524,3.4582268421711073,6.038792701482247
XOM_w12_s0015,XOM,energy,12,naive,none,1.8954569952828544,2.0630190865541866,3.609545618736327
XOM_w12_s0015,XOM,energy,12,moving_average,none,1.2632302692958268,1.5325738117452823,2.389861371141271
XOM_w12_s0015,XOM,energy,12,linear_trend,none,6.559185034796654,6.736647546659169,12.468231405438392
XOM_w12_s0016,XOM,energy,12,naive,none,7.506090436662946,8.373410850503273,11.318131981570726
XOM_w12_s0016,XOM,energy,12,moving_average,none,10.168288312639506,10.82435692486737,15.449973002803535
XOM_w12_s0016,XOM,energy,12,linear_trend,none,11.87572860084085,12.479458982017078,18.08891918653346
XOM_w12_s0017,XOM,energy,12,naive,none,2.956620352608817,3.8355214236600657,4.0960241654882985
XOM_w12_s0017,XOM,energy,12,moving_average,none,2.6850982666015617,3.3847862463403384,3.7399148339275095
XOM_w12_s0017,XOM,energy,12,linear_trend,none,3.837719971394302,4.498750904655345,5.541373248828608
XOM_w12_s0018,XOM,energy,12,naive,none,2.74147823878697,3.530075898603457,3.600435816719684
XOM_w12_s0018,XOM,energy,12,moving_average,none,2.500741958618164,3.243204731377491,3.284548507631
XOM_w12_s0018,XOM,energy,12,linear_trend,none,3.3898606886736364,3.8522420485115747,4.608785502205125
XOM_w12_s0019,XOM,energy,12,naive,none,4.735746111188616,5.700346025336941,5.622536463622934
XOM_w12_s0019,XOM,energy,12,moving_average,none,5.865153176443913,6.835046683697697,6.92160077312207
XOM_w12_s0019,XOM,energy,12,linear_trend,none,4.588145838392141,5.413946073239864,5.412393654495205
XOM_w12_s0020,XOM,energy,12,naive,none,3.676711218697684,4.209281424366354,4.897143796254721
XOM_w12_s0020,XOM,energy,12,moving_average,none,7.376664134434297,7.7041065504968556,9.755735848127738
XOM_w12_s0020,XOM,energy,12,linear_trend,none,14.082214442675973,14.364369473511973,18.530282061618593
XOM_w12_s0021,XOM,energy,12,naive,none,2.919978550502232,3.4774268486509925,3.4889760667691143
XOM_w12_s0021,XOM,energy,12,moving_average,none,4.2882814679827055,4.931028292617187,5.089230497943292
XOM_w12_s0021,XOM,energy,12,linear_trend,none,6.807710873459679,7.578938525502301,8.090536311781115
XOM_w12_s0022,XOM,energy,12,naive,none,3.8502328055245534,4.515561077523816,4.666952986431099
XOM_w12_s0022,XOM,energy,12,moving_average,none,3.763460431780134,4.522605556658833,4.5966569645079876
XOM_w12_s0022,XOM,energy,12,linear_trend,none,3.731285419887325,5.142651117777865,4.705686363877282
XOM_w12_s0023,XOM,energy,12,naive,none,8.74449293954032,9.389248981056575,8.846270843505213
XOM_w12_s0023,XOM,energy,12,moving_average,none,9.625584248134073,10.214876982936612,9.750372724120028
XOM_w12_s0023,XOM,energy,12,linear_trend,none,11.30233586289045,11.66414279584477,11.49128222454905
XOM_w12_s0024,XOM,energy,12,naive,none,5.073787144252217,5.494597105157619,5.354158596122109
XOM_w12_s0024,XOM,energy,12,moving_average,none,4.717799595424106,5.167679787429875,4.981916188926303
XOM_w12_s0024,XOM,energy,12,linear_trend,none,12.407245176283485,12.981614931428316,13.017013298759753
XOM_w12_s0025,XOM,energy,12,naive,none,3.143368039812359,3.7857662458914065,3.0577237476718966
XOM_w12_s0025,XOM,energy,12,moving_average,none,4.649201365879605,5.188427742407103,4.537552980306829
XOM_w12_s0025,XOM,energy,12,linear_trend,none,3.164851293570277,3.7161952901649697,3.0817113873974993
XOM_w12_s0026,XOM,energy,12,naive,none,7.047399248395662,7.808637801237862,7.41733755190345
XOM_w12_s0026,XOM,energy,12,moving_average,none,8.057210649762835,8.730843693440216,8.462451795838104
XOM_w12_s0026,XOM,energy,12,linear_trend,none,7.777697588304404,8.825214713958266,8.199710853008256
XOM_w12_s0027,XOM,energy,12,naive,none,4.731678281511579,5.427312467916901,4.558905409334595
XOM_w12_s0027,XOM,energy,12,moving_average,none,7.326946422031942,7.952478936880263,7.083420645219994
XOM_w12_s0027,XOM,energy,12,linear_trend,none,7.332618255003491,7.887379635379592,7.097332787388114
XOM_w12_s0028,XOM,energy,12,naive,none,2.4891294751848347,2.8346654659101755,2.630231192040716
XOM_w12_s0028,XOM,energy,12,moving_average,none,1.78155653817313,2.127706553412469,1.884392991252096
XOM_w12_s0028,XOM,energy,12,linear_trend,none,6.3262999304589,6.478455400123129,6.652791647713344
XOM_w12_s0029,XOM,energy,12,naive,none,1.9930302756173173,2.335355931295766,2.090254000784928
XOM_w12_s0029,XOM,energy,12,moving_average,none,1.465519114903041,1.7997468101115903,1.5627206741010897
XOM_w12_s0029,XOM,energy,12,linear_trend,none,2.3104288296450997,2.8489964412790725,2.420271671525463
XOM_w12_s0030,XOM,energy,12,naive,none,2.828938075474331,3.7305116228179234,2.7794625685233156
XOM_w12_s0030,XOM,energy,12,moving_average,none,4.221998269217349,4.959614724814173,4.171473056007295
XOM_w12_s0030,XOM,energy,12,linear_trend,none,5.913464874376396,6.554840590662734,5.864049383166069
XOM_w12_s0031,XOM,energy,12,naive,none,2.9920648847307496,3.8652573506818158,2.9471070731996973
XOM_w12_s0031,XOM,energy,12,moving_average,none,3.073625619070872,3.5799458349507183,2.9896324972422623
XOM_w12_s0031,XOM,energy,12,linear_trend,none,4.2028511167135685,4.547651646182689,4.0681699747676605
XOM_w12_s0032,XOM,energy,12,naive,none,6.187146595546191,6.5475500961988615,6.440953771749738
XOM_w12_s0032,XOM,energy,12,moving_average,none,3.857729503086636,4.202010126765793,4.019631244015969
XOM_w12_s0032,XOM,energy,12,linear_trend,none,10.189841931705896,10.612526873640693,10.59298941095773
XOM_w12_s0033,XOM,energy,12,naive,none,2.5464450291224883,2.8832812869266147,2.757649799493748
XOM_w12_s0033,XOM,energy,12,moving_average,none,2.8041293552943576,3.113208976991765,3.034554593839118
XOM_w12_s0033,XOM,energy,12,linear_trend,none,2.9384946017899454,3.5462576390792004,3.141930413206579
XOM_w12_s0034,XOM,energy,12,naive,none,2.481737954275946,2.741359544432974,2.648054676314341
XOM_w12_s0034,XOM,energy,12,moving_average,none,1.9291304452078653,2.4369427077461894,2.1003242347896816
XOM_w12_s0034,XOM,energy,12,linear_trend,none,4.224725615340231,5.007793844174644,4.471324985300396
XOM_w12_s0035,XOM,energy,12,naive,none,6.089001246861051,7.248645194262576,5.856680332499365
XOM_w12_s0035,XOM,energy,12,moving_average,none,6.341671534946989,7.462152425754073,6.105903385399203
XOM_w12_s0035,XOM,energy,12,linear_trend,none,7.854860527286804,8.751990561448565,7.601219868144936
XOM_w12_s0036,XOM,energy,12,naive,none,2.330899919782365,2.677051355479843,2.0881261219469893
XOM_w12_s0036,XOM,energy,12,moving_average,none,3.5695392063685794,3.9755267043625655,3.2002135420103044
XOM_w12_s0036,XOM,energy,12,linear_trend,none,3.526868596368003,3.908240085883545,3.183202231507703
XOM_w12_s0037,XOM,energy,12,naive,none,3.4167970929826983,4.1989230635942345,3.2559005305108726
XOM_w12_s0037,XOM,energy,12,moving_average,none,2.758092607770646,3.2192804836817097,2.6102217615123955
XOM_w12_s0037,XOM,energy,12,linear_trend,none,11.622340698478398,12.711290799330838,11.000607598374819
XOM_w12_s0038,XOM,energy,12,naive,none,3.0886211395263663,3.566415155804207,2.841500721996739
XOM_w12_s0038,XOM,energy,12,moving_average,none,4.855585316249299,5.241923447051189,4.480050583489524
XOM_w12_s0038,XOM,energy,12,linear_trend,none,4.191937642977032,4.888653142488238,3.8565369995671817
XOM_w12_s0039,XOM,energy,12,naive,none,1.96303258623396,2.549110541303911,1.8201576944010749
XOM_w12_s0039,XOM,energy,12,moving_average,none,1.7247720445905408,2.0777973030056396,1.5895082410457135
XOM_w12_s0039,XOM,energy,12,linear_trend,none,2.74967686681111,3.2267006083895673,2.487301179353256
XOM_w12_s0040,XOM,energy,12,naive,none,7.068487439836787,8.165426117552741,6.2036092255068525
XOM_w12_s0040,XOM,energy,12,moving_average,none,5.3497451782226575,6.390192061134064,4.688850931013495
XOM_w12_s0040,XOM,energy,12,linear_trend,none,3.1327261928718393,3.667794368052002,2.8279474215710283
XOM_w12_s0041,XOM,energy,12,naive,none,1.3238103049141994,1.7105578722978967,1.1773330523397236
XOM_w12_s0041,XOM,energy,12,moving_average,none,1.4885932377406514,2.0614278515798077,1.3326263166282177
XOM_w12_s0041,XOM,energy,12,linear_trend,none,1.3866487390825013,1.9681535075735566,1.2421916588710007
