sample_id,ticker,sector,model,cold_start_weeks,augmentation_ratio,n_synthetic_points,baseline_MAPE,augmented_MAPE,MAPE_difference,percent_change_MAPE,improved
GS_w12_s0034,GS,finance,naive,12,2.0,120,0.8116693139174896,61.6630758826504,60.85140656873291,7497.068760063877,False
GS_w12_s0034,GS,finance,moving_average,12,2.0,120,0.8829413229043045,57.81728835593704,56.934347033032736,6448.259420655005,False
TGT_w12_s0029,TGT,consumer,naive,12,2.0,120,0.981647691041944,63.72363505453784,62.741987363495895,6391.497472672713,False
GS_w08_s0001,GS,finance,naive,8,2.0,80,2.0761680593415455,121.6512904794466,119.57512242010506,5759.414411665122,False
WMT_w12_s0036,WMT,consumer,naive,12,2.0,120,0.6518016078963845,34.804137041064166,34.152335433167785,5239.68259964724,False
TGT_w08_s0030,TGT,consumer,moving_average,8,2.0,80,1.061067906908755,56.02522436304495,54.964156456136195,5180.0790598092,False
TGT_w12_s0029,TGT,consumer,moving_average,12,2.0,120,1.0206817586144366,53.79868393662682,52.778002178012386,5170.857785256974,False
XOM_w08_s0001,XOM,energy,naive,8,2.0,80,3.4659509587980204,171.10708639315163,167.6411354343536,4836.800561439304,False
TGT_w08_s0030,TGT,consumer,naive,8,2.0,80,1.2102621853702251,57.22672214279482,56.016459957424594,4628.456596806656,False
COST_w12_s0034,COST,consumer,linear_trend,12,2.0,120,0.9726130034515992,40.178005213962095,39.205392210510496,4030.9344077632927,False
TGT_w12_s0020,TGT,consumer,moving_average,12,2.0,120,3.1699710028419363,125.55935641699088,122.38938541414896,3860.8992102585366,False
JPM_w08_s0001,JPM,finance,moving_average,8,2.0,80,3.9170613502303815,149.0126664885504,145.09560513832002,3704.195369056097,False
TGT_w08_s0012,TGT,consumer,linear_trend,8,2.0,80,0.7560486219969245,28.13518081876992,27.379132196772996,3621.3454267607103,False
TGT_w12_s0020,TGT,consumer,naive,12,2.0,120,4.098343949442987,150.97651141431686,146.87816746487388,3583.8418950863393,False
WMT_w12_s0036,WMT,consumer,moving_average,12,2.0,120,1.019180472090575,35.904180152616405,34.88499968052583,3422.848125118471,False
BAC_w08_s0001,BAC,finance,naive,8,2.0,80,4.704842271153463,161.91575699807697,157.2109147269235,3341.47046099339,False
NVDA_w12_s0027,NVDA,technology,naive,12,2.0,120,2.3648564082417667,80.86426243482474,78.49940602658297,3319.4153248799594,False
GS_w08_s0001,GS,finance,naive,8,1.0,40,2.0761680593415455,70.94513394282347,68.86896588348193,3317.1190344448155,False
XOM_w12_s0009,XOM,energy,moving_average,12,2.0,120,2.2062889726971435,73.50837539413232,71.30208642143518,3231.765525903428,False
JPM_w08_s0001,JPM,finance,naive,8,2.0,80,4.48401305597929,147.7096872178491,143.22567416186982,3194.1404356725257,False
BAC_w12_s0034,BAC,finance,naive,12,2.0,120,1.982123734506137,63.62034366342657,61.63821992892043,3109.7059611305303,False
GS_w12_s0034,GS,finance,naive,12,1.0,60,0.8116693139174896,25.787325793363536,24.975656479446045,3077.072897939437,False
WMT_w12_s0036,WMT,consumer,naive,12,1.0,60,0.6518016078963845,20.52691319944633,19.875111591549945,3049.257834096882,False
GS_w12_s0034,GS,finance,moving_average,12,1.0,60,0.8829413229043045,27.73317605621468,26.850234733310376,3040.9987659191797,False
JPM_w12_s0000,JPM,finance,naive,12,2.0,120,3.628446666367374,113.53977370527048,109.9113270389031,3029.156472318801,False
CVX_w04_s0034,CVX,energy,moving_average,4,2.0,40,1.4629397447702557,45.66201103695066,44.199071292180406,3021.250290737132,False
AAPL_w12_s0002,AAPL,technology,linear_trend,12,2.0,120,1.836962480977288,56.78901228581464,54.95204980483736,2991.462829202813,False
GS_w04_s0035,GS,finance,moving_average,4,2.0,40,0.8453379081403016,25.952316720683054,25.106978812542753,2970.052398073188,False
NVDA_w12_s0029,NVDA,technology,linear_trend,12,2.0,120,2.487070722352237,75.81116507147829,73.32409434912604,2948.2110697590915,False
TGT_w12_s0002,TGT,consumer,naive,12,2.0,120,1.7973440406810093,54.31062220304107,52.51327816236006,2921.715429755058,False
NVDA_w12_s0020,NVDA,technology,moving_average,12,2.0,120,5.099991070284514,153.14661145943523,148.04662038915072,2902.879992315194,False
BAC_w08_s0001,BAC,finance,moving_average,8,2.0,80,5.46167570653721,161.08995955633802,155.6282838498008,2849.46035268124,False
GS_w08_s0001,GS,finance,naive,8,0.5,20,2.0761680593415455,60.67791551107031,58.60174745172876,2822.5917062954068,False
CVX_w08_s0001,CVX,energy,naive,8,2.0,80,4.7074362256641615,137.5328151522838,132.82537892661963,2821.6076131308523,False
NVDA_w12_s0027,NVDA,technology,moving_average,12,2.0,120,2.855013636974683,81.8882192884329,79.0332056514582,2768.2251540908856,False
TGT_w12_s0029,TGT,consumer,naive,12,1.0,60,0.981647691041944,27.99429700163704,27.012649310595098,2751.7661944402103,False
TGT_w12_s0034,TGT,consumer,naive,12,2.0,120,2.175235347513203,61.67656194422918,59.50132659671598,2735.3971911471444,False
TGT_w08_s0030,TGT,consumer,moving_average,8,1.0,40,1.061067906908755,30.05755537322398,28.996487466315227,2732.7645363237566,False
TGT_w08_s0002,TGT,consumer,moving_average,8,2.0,80,1.8505003917557543,52.05293612858342,50.20243573682767,2712.9113811856914,False
TGT_w08_s0030,TGT,consumer,naive,8,1.0,40,1.2102621853702251,33.67103313741192,32.46077095204169,2682.1271741306023,False
XOM_w12_s0009,XOM,energy,naive,12,2.0,120,2.607475326045817,72.36867243888813,69.76119711284231,2675.430766918655,False
TGT_w12_s0029,TGT,consumer,moving_average,12,1.0,60,1.0206817586144366,28.31629907038978,27.29561731177534,2674.253466509367,False
TGT_w04_s0030,TGT,consumer,naive,4,2.0,40,1.4651239236675182,40.54649457357131,39.08137064990379,2667.4447136235935,False
TGT_w12_s0034,TGT,consumer,moving_average,12,2.0,120,2.2714348865211047,62.28118163907632,60.009746752555216,2641.9311911012,False
TGT_w12_s0004,TGT,consumer,linear_trend,12,2.0,120,1.930875421858785,52.73292783476663,50.80205241290784,2631.0372920901605,False
TGT_w12_s0002,TGT,consumer,moving_average,12,2.0,120,1.8829378890933248,51.119604752272984,49.23666686317966,2614.885342122898,False
CVX_w12_s0018,CVX,energy,naive,12,2.0,120,2.596338554500632,70.17385602407296,67.57751746957233,2602.800676838922,False
JPM_w12_s0000,JPM,finance,moving_average,12,2.0,120,4.337367741357724,114.87624895616446,110.53888121480674,2548.5245385304775,False
CVX_w12_s0009,CVX,energy,moving_average,12,2.0,120,2.093356464384676,54.73620004267518,52.6428435782905,2514.7577335217206,False
NVDA_w08_s0020,NVDA,technology,naive,8,2.0,80,5.646621643913191,146.82301670957838,141.1763950656652,2500.192220561601,False
AAPL_w12_s0028,AAPL,technology,linear_trend,12,2.0,120,1.0427876195734984,26.874497345314214,25.831709725740716,2477.1784053502593,False
CVX_w12_s0015,CVX,energy,naive,12,2.0,120,1.6889948650236095,43.45105406164931,41.7620591966257,2472.5983519222796,False
BAC_w12_s0000,BAC,finance,naive,12,2.0,120,5.530547360487876,141.66201418888562,136.13146682839775,2461.4465432656366,False
NVDA_w12_s0020,NVDA,technology,naive,12,2.0,120,5.521222293428601,139.5801543539377,134.0589320605091,2428.0661950537115,False
WMT_w12_s0038,WMT,consumer,linear_trend,12,2.0,120,1.1055036186149982,27.852726052820792,26.747222434205792,2419.460414586011,False
AAPL_w08_s0002,AAPL,technology,linear_trend,8,2.0,80,1.8615460053075343,46.859967693276126,44.998421687968595,2417.2607907444485,False
NVDA_w08_s0020,NVDA,technology,moving_average,8,2.0,80,6.087725992066883,152.06459397787663,145.97686798580975,2397.8882784152415,False
COST_w12_s0010,COST,consumer,naive,12,2.0,120,0.8073518452105936,20.058395437807857,19.251043592597263,2384.4676527091765,False
CVX_w04_s0019,CVX,energy,moving_average,4,2.0,40,1.9524664011341863,48.27007001847137,46.317603617337184,2372.261237910743,False
COST_w12_s0013,COST,consumer,moving_average,12,2.0,120,1.6590470974875402,40.94651662690104,39.2874695294135,2368.074395772755,False
COST_w12_s0013,COST,consumer,naive,12,2.0,120,1.7071825676463406,42.07095689396365,40.363774326317305,2364.35019260805,False
MSFT_w12_s0029,MSFT,technology,naive,12,2.0,120,1.5483007970072893,38.05038385220056,36.502083055193275,2357.5575964146083,False
MSFT_w12_s0012,MSFT,technology,linear_trend,12,2.0,120,1.4074999244898916,34.491753629474225,33.084253704984334,2350.568772994768,False
TGT_w08_s0021,TGT,consumer,moving_average,8,2.0,80,5.597772549473961,137.00903051413832,131.41125796466434,2347.5633710235948,False
WMT_w04_s0021,WMT,consumer,moving_average,4,2.0,40,2.707198513861162,65.96298551838177,63.255787004520606,2336.5773392916635,False
NVDA_w12_s0036,NVDA,technology,naive,12,2.0,120,5.156170557845927,124.93164603707912,119.7754754792332,2322.95410199292,False
GS_w08_s0035,GS,finance,naive,8,2.0,80,1.0162405322382302,24.555177728822407,23.53893719658418,2316.2761619771836,False
CVX_w12_s0018,CVX,energy,moving_average,12,2.0,120,2.602330777790468,62.851826881729245,60.249496103938775,2315.212832209369,False
MSFT_w12_s0029,MSFT,technology,moving_average,12,2.0,120,1.6383081072727586,39.54172894413644,37.90342083686368,2313.570974141143,False
BAC_w12_s0034,BAC,finance,moving_average,12,2.0,120,2.5338609073579157,60.532083935622026,57.99822302826411,2288.926864921701,False
NVDA_w08_s0012,NVDA,technology,naive,8,2.0,80,2.721368074431477,64.99923807067184,62.27786999624036,2288.4765416839423,False
COST_w12_s0006,COST,consumer,naive,12,2.0,120,1.221366058721348,28.937281503814702,27.715915445093355,2269.255416685579,False
COST_w12_s0010,COST,consumer,moving_average,12,2.0,120,0.9613157298526844,22.602687555374732,21.641371825522047,2251.224145561256,False
AAPL_w12_s0029,AAPL,technology,linear_trend,12,2.0,120,1.0642353092359278,24.99751685251237,23.93328154327644,2248.87121631582,False
GS_w12_s0011,GS,finance,moving_average,12,2.0,120,1.6557472058648142,38.64420941979179,36.98846221392698,2233.943809955428,False
XOM_w08_s0001,XOM,energy,moving_average,8,2.0,80,6.341961456077533,146.43031944547232,140.08835798939478,2208.9121632101283,False
GS_w12_s0002,GS,finance,moving_average,12,2.0,120,2.546148745510864,58.777494449046294,56.23134570353543,2208.486279628297,False
AAPL_w12_s0027,AAPL,technology,linear_trend,12,2.0,120,1.5567532093917893,35.86205599850727,34.30530278911549,2203.64426308254,False
XOM_w08_s0001,XOM,energy,naive,8,1.0,40,3.4659509587980204,77.84479492333978,74.37884396454176,2145.986623836596,False
MSFT_w08_s0034,MSFT,technology,naive,8,2.0,80,1.6495736334130655,36.577858778005975,34.92828514459291,2117.4129142889014,False
BAC_w12_s0010,BAC,finance,naive,12,2.0,120,1.321148110107066,29.214757954672223,27.893609844565155,2111.3158798149175,False
NVDA_w12_s0002,NVDA,technology,linear_trend,12,2.0,120,3.2464981400275947,70.65698409754383,67.41048595751623,2076.4061166824895,False
BAC_w08_s0028,BAC,finance,moving_average,8,2.0,80,3.186385496830651,69.2246176357987,66.03823213896804,2072.512324847486,False
NVDA_w12_s0030,NVDA,technology,moving_average,12,2.0,120,4.161758485040569,90.27295665246244,86.11119816742188,2069.106087653773,False
NVDA_w08_s0012,NVDA,technology,moving_average,8,2.0,80,2.9461401881513876,63.86699296267303,60.92085277452164,2067.819210352906,False
JPM_w12_s0009,JPM,finance,naive,12,2.0,120,1.6862279541531384,36.41835862247607,34.73213066832293,2059.7529878910227,False
CVX_w12_s0002,CVX,energy,naive,12,2.0,120,3.535574749125318,76.12450174657455,72.58892699744924,2053.101182923861,False
MSFT_w04_s0016,MSFT,technology,naive,4,2.0,40,1.4546945160177638,31.198776933092905,29.74408241707514,2044.696126201106,False
CVX_w12_s0015,CVX,energy,moving_average,12,2.0,120,2.032054306152344,43.555815903584985,41.52376159743264,2043.4375927706917,False
AAPL_w12_s0039,AAPL,technology,naive,12,2.0,120,2.139153176811857,45.34057327644982,43.20142009963796,2019.557111100586,False
COST_w12_s0006,COST,consumer,moving_average,12,2.0,120,1.2284734219940332,25.949613018893764,24.721139596899732,2012.346311633904,False
MSFT_w04_s0016,MSFT,technology,moving_average,4,2.0,40,1.374992530992596,28.946760134983062,27.571767603990462,2005.230354530481,False
XOM_w08_s0001,XOM,energy,naive,8,0.5,20,3.4659509587980204,72.55280086690338,69.08684990810536,1993.3014266325465,False
JPM_w12_s0009,JPM,finance,moving_average,12,2.0,120,1.8588766486668784,38.79178469673481,36.93290804806793,1986.8401743899967,False
TGT_w04_s0033,TGT,consumer,moving_average,4,2.0,40,1.6795568487979144,34.90573281464472,33.22617596584681,1978.2703985058504,False
BAC_w12_s0037,BAC,finance,linear_trend,12,2.0,120,0.9920675841678448,20.58780279032153,19.595735206153684,1975.2419612208944,False
BAC_w08_s0028,BAC,finance,naive,8,2.0,80,3.11332215796758,64.41793078061569,61.30460862264811,1969.10584617008,False
AAPL_w08_s0028,AAPL,technology,linear_trend,8,2.0,80,0.9467073001217844,19.572107281063513,18.62539998094173,1967.3873834653816,False
JPM_w12_s0034,JPM,finance,moving_average,12,2.0,120,1.9056582802846789,39.39523682706413,37.489578546779455,1967.2770787204847,False
GS_w08_s0028,GS,finance,naive,8,2.0,80,2.2070317733230427,45.615557416468874,43.40852564314583,1966.8283061365848,False
NVDA_w08_s0002,NVDA,technology,linear_trend,8,2.0,80,2.426692934814844,49.51559932738995,47.088906392575105,1940.4559067613543,False
JPM_w08_s0001,JPM,finance,moving_average,8,1.0,40,3.9170613502303815,79.80445137845666,75.88739002822628,1937.355155894175,False
BAC_w12_s0020,BAC,finance,moving_average,12,2.0,120,2.424665571243729,49.304834425684845,46.88016885444112,1933.4694817477032,False
GS_w12_s0008,GS,finance,linear_trend,12,2.0,120,2.5381840760347534,51.57065920160535,49.0324751255706,1931.793504991607,False
JPM_w12_s0024,JPM,finance,moving_average,12,2.0,120,1.942280909594082,39.37913780661679,37.43685689702271,1927.4687153696343,False
GS_w08_s0025,GS,finance,naive,8,2.0,80,3.0704344129473005,62.20446885832269,59.13403444537539,1925.91752476526,False
NVDA_w12_s0030,NVDA,technology,naive,12,2.0,120,4.521532781592289,91.06078008095211,86.53924729935983,1913.936080518351,False
COST_w12_s0035,COST,consumer,naive,12,2.0,120,1.9994418918871797,40.230373540971705,38.230931649084525,1912.0801561779892,False
GS_w08_s0035,GS,finance,moving_average,8,2.0,80,1.4907756843165378,29.94773619679865,28.456960512482112,1908.8693766512908,False
TGT_w12_s0021,TGT,consumer,naive,12,2.0,120,4.566431353985622,91.52542153301754,86.95899017903191,1904.309589656556,False
CVX_w12_s0002,CVX,energy,moving_average,12,2.0,120,3.7127948838259193,73.42914900367087,69.71635411984495,1877.7324441905184,False
BAC_w12_s0020,BAC,finance,naive,12,2.0,120,2.534229931914462,50.05659241458764,47.52236248267318,1875.219051128989,False
CVX_w12_s0007,CVX,energy,naive,12,2.0,120,2.80229504737386,55.220866107961086,52.418571060587226,1870.558601947026,False
COST_w12_s0034,COST,consumer,linear_trend,12,1.0,60,0.9726130034515992,19.15106903584765,18.178456032396053,1869.0327980280472,False
GS_w04_s0035,GS,finance,naive,4,2.0,40,1.3098536585949505,25.68454514434858,24.37469148575363,1860.8713519875032,False
XOM_w12_s0015,XOM,energy,moving_average,12,2.0,120,2.389861371141271,46.86016057756524,44.47029920642397,1860.7899078760083,False
WMT_w12_s0036,WMT,consumer,naive,12,0.5,30,0.6518016078963845,12.77923542264843,12.127433814752044,1860.6020095427436,False
BAC_w12_s0009,BAC,finance,linear_trend,12,2.0,120,2.2888486805584254,44.69833376273352,42.409485082175095,1852.8741302298836,False
JPM_w04_s0025,JPM,finance,naive,4,2.0,40,1.9000467352980852,37.041422473350046,35.14137573805196,1849.500598338644,False
MSFT_w12_s0033,MSFT,technology,moving_average,12,2.0,120,1.4334163797511892,27.935391338043164,26.501974958291974,1848.8678748663497,False
TGT_w12_s0020,TGT,consumer,moving_average,12,1.0,60,3.1699710028419363,61.651549942402326,58.48157893956039,1844.8616371295068,False
WMT_w12_s0022,WMT,consumer,moving_average,12,2.0,120,1.468850206779828,28.49925465303097,27.030404446251143,1840.2424101168297,False
CVX_w12_s0033,CVX,energy,naive,12,2.0,120,2.396651140127561,46.3626509835494,43.96599984342184,1834.4764119938525,False
AAPL_w12_s0012,AAPL,technology,moving_average,12,2.0,120,1.694887410039789,32.73319325070403,31.038305840664243,1831.290129173571,False
BAC_w08_s0001,BAC,finance,naive,8,1.0,40,4.704842271153463,90.62755045927857,85.9227081881251,1826.2611844596408,False
AAPL_w12_s0016,AAPL,technology,naive,12,2.0,120,3.061170447709569,58.796181298887795,55.735010851178224,1820.7091634796195,False
COST_w08_s0004,COST,consumer,naive,8,2.0,80,1.2431813933059708,23.697590393856053,22.454409000550083,1806.2053632284071,False
BAC_w12_s0028,BAC,finance,naive,12,2.0,120,3.4861608206058943,66.39348316396217,62.90732234335628,1804.4871014419523,False
TGT_w08_s0012,TGT,consumer,linear_trend,8,1.0,40,0.7560486219969245,14.34463290446246,13.588584282465536,1797.3161893443423,False
COST_w04_s0013,COST,consumer,linear_trend,4,2.0,40,0.7136106701368541,13.537280310927164,12.82366964079031,1797.0120371562025,False
XOM_w08_s0015,XOM,energy,naive,8,2.0,80,2.1197872502610617,40.05475627711414,37.934969026853075,1789.5649208278428,False
GS_w12_s0002,GS,finance,naive,12,2.0,120,2.8294043292652216,53.3151623257253,50.48575799646007,1784.3246182340756,False
JPM_w12_s0034,JPM,finance,naive,12,2.0,120,2.024662764232126,38.11126922870082,36.086606464468694,1782.351466228249,False
WMT_w12_s0036,WMT,consumer,moving_average,12,1.0,60,1.019180472090575,19.17662437799651,18.157443905905936,1781.5729797747022,False
JPM_w12_s0020,JPM,finance,moving_average,12,2.0,120,1.2360590827664717,23.13038952752243,21.89433044475596,1771.301287293922,False
AAPL_w12_s0039,AAPL,technology,moving_average,12,2.0,120,2.5825562575214076,48.27929310783124,45.69673685030983,1769.4381958659435,False
CVX_w08_s0007,CVX,energy,moving_average,8,2.0,80,3.4514000039183204,63.80123780073544,60.34983779681712,1748.5610977662077,False
NVDA_w12_s0036,NVDA,technology,moving_average,12,2.0,120,6.573847328403073,121.34301315903356,114.76916583063048,1745.8447100643325,False
GS_w08_s0035,GS,finance,naive,8,1.0,40,1.0162405322382302,18.752353873746458,17.73611334150823,1745.267264871352,False
GS_w12_s0034,GS,finance,naive,12,0.5,30,0.8116693139174896,14.946432090667956,14.134762776750469,1741.44353302327,False
XOM_w08_s0015,XOM,energy,moving_average,8,2.0,80,2.1395154545551613,39.311543219159944,37.172027764604785,1737.4040316214227,False
CVX_w04_s0006,CVX,energy,naive,4,2.0,40,1.900590267480476,34.69078839410505,32.790198126624574,1725.2639186715933,False
GS_w12_s0003,GS,finance,moving_average,12,2.0,120,1.936518294401805,34.97824112692044,33.04172283251863,1706.243774098984,False
BAC_w12_s0000,BAC,finance,moving_average,12,2.0,120,7.630874503072474,137.6958081668812,130.06493366380872,1704.456463167357,False
BAC_w12_s0027,BAC,finance,naive,12,2.0,120,2.607315715654399,46.924773290094414,44.31745757444001,1699.7349921360392,False
NVDA_w08_s0042,NVDA,technology,moving_average,8,2.0,80,3.012720779712965,54.05265079053817,51.03993001082521,1694.1473751738788,False
COST_w08_s0041,COST,consumer,moving_average,8,2.0,80,1.4330932065960478,25.652361105924783,24.219267899328734,1689.9994911604886,False
JPM_w08_s0001,JPM,finance,naive,8,1.0,40,4.48401305597929,80.18987889592874,75.70586583994945,1688.3507004734984,False
TGT_w12_s0012,TGT,consumer,naive,12,2.0,120,2.457370831660416,43.86157481511001,41.40420398344959,1684.8984878474066,False
TGT_w08_s0021,TGT,consumer,naive,8,2.0,80,7.898202856629445,140.83509685697055,132.9368940003411,1683.128382664406,False
COST_w12_s0015,COST,consumer,linear_trend,12,2.0,120,1.7015727604950108,30.34052233070409,28.63894957020908,1683.0869790062702,False
BAC_w08_s0001,BAC,finance,moving_average,8,1.0,40,5.46167570653721,97.29928333090028,91.83760762436307,1681.4914059148634,False
COST_w12_s0038,COST,consumer,moving_average,12,2.0,120,2.325440758831922,41.38892430121301,39.063483542381086,1679.831377945006,False
BAC_w12_s0034,BAC,finance,naive,12,1.0,60,1.982123734506137,35.22724238508904,33.2451186505829,1677.247392371607,False
CVX_w08_s0007,CVX,energy,naive,8,2.0,80,3.622261558120675,64.36758844968318,60.745326891562506,1677.0000155118223,False
COST_w12_s0035,COST,consumer,moving_average,12,2.0,120,2.3827074213030026,42.152392785693216,39.76968536439021,1669.0964660126774,False
CVX_w08_s0019,CVX,energy,naive,8,2.0,80,3.0789489513016224,54.462141787104215,51.38319283580259,1668.8549777377898,False
JPM_w12_s0000,JPM,finance,naive,12,1.0,60,3.628446666367374,64.15946600216108,60.53101933579371,1668.2350576312715,False
TGT_w12_s0016,TGT,consumer,linear_trend,12,2.0,120,1.5406973470715906,27.235626829365916,25.694929482294327,1667.746720738682,False
MSFT_w12_s0002,MSFT,technology,linear_trend,12,2.0,120,2.151937917022198,37.965533216747325,35.81359529972513,1664.2485369319186,False
NVDA_w08_s0003,NVDA,technology,linear_trend,8,2.0,80,1.996573276009049,34.9941515993521,32.99757832334305,1652.7106077119254,False
NVDA_w08_s0042,NVDA,technology,naive,8,2.0,80,3.1673171788970373,55.4013365667004,52.234019387803365,1649.1565712402994,False
GS_w12_s0034,GS,finance,moving_average,12,0.5,30,0.8829413229043045,15.411606795391084,14.52866547248678,1645.4848239175042,False
XOM_w12_s0000,XOM,energy,naive,12,2.0,120,12.349588669364667,215.1928410192705,202.84325234990584,1642.5101902632132,False
JPM_w12_s0020,JPM,finance,naive,12,2.0,120,1.499039303036006,26.019132964097075,24.52009366106107,1635.720531903366,False
WMT_w12_s0020,WMT,consumer,naive,12,2.0,120,4.057389921973793,70.05673497753148,65.99934505555768,1626.6453637626,False
MSFT_w08_s0034,MSFT,technology,moving_average,8,2.0,80,1.9298954302054,33.27872229165473,31.348826861449332,1624.3795581252225,False
NVDA_w12_s0029,NVDA,technology,naive,12,2.0,120,4.244267990821263,73.036447507087,68.79217951626575,1620.825538468284,False
COST_w04_s0021,COST,consumer,naive,4,2.0,40,2.8988248544431596,49.88300524076922,46.98418038632606,1620.800936431578,False
COST_w08_s0022,COST,consumer,naive,8,2.0,80,2.557325932248278,43.9950251950056,41.43769926275733,1620.3526793445249,False
COST_w12_s0038,COST,consumer,naive,12,2.0,120,2.4720448667075376,42.49026735290256,40.01822248619503,1618.8307512191082,False
WMT_w12_s0025,WMT,consumer,moving_average,12,2.0,120,1.2110907834871472,20.791371320751686,19.58028053726454,1616.747547271904,False
TGT_w08_s0030,TGT,consumer,naive,8,0.5,20,1.2102621853702251,20.74751305553877,19.537250870168545,1614.2990424997872,False
AAPL_w12_s0034,AAPL,technology,naive,12,2.0,120,1.9029138302141289,32.536996070612055,30.634082240397927,1609.8512583173967,False
CVX_w12_s0009,CVX,energy,naive,12,2.0,120,3.111849274977507,52.82394509280027,49.71209581782277,1597.5097578651876,False
COST_w08_s0013,COST,consumer,linear_trend,8,2.0,80,1.6551044442635228,28.085359328936583,26.43025488467306,1596.8934755917364,False
BAC_w04_s0001,BAC,finance,naive,4,2.0,40,7.207725776436627,122.26722406194844,115.0594982855118,1596.3356799957949,False
MSFT_w12_s0013,MSFT,technology,naive,12,2.0,120,2.1344162673158,36.160615292249496,34.026199024933696,1594.1688388518692,False
TGT_w04_s0037,TGT,consumer,moving_average,4,2.0,40,2.041000572618693,34.48618328300798,32.44518271038929,1589.6704364350426,False
NVDA_w12_s0020,NVDA,technology,moving_average,12,1.0,60,5.099991070284514,86.13583717365458,81.03584610337006,1588.9409410053986,False
WMT_w08_s0021,WMT,consumer,moving_average,8,2.0,80,3.741785440431843,62.906381088403265,59.164595647971424,1581.1862168436676,False
TGT_w12_s0012,TGT,consumer,moving_average,12,2.0,120,2.5559742042611484,42.79612841607273,40.240154211811586,1574.356820375022,False
JPM_w08_s0025,JPM,finance,moving_average,8,2.0,80,2.384098728441741,39.91463636207608,37.53053763363434,1574.2023258476586,False
AAPL_w08_s0005,AAPL,technology,moving_average,8,2.0,80,3.2264516872881464,53.89060970014844,50.66415801286029,1570.274807227746,False
CVX_w08_s0019,CVX,energy,moving_average,8,2.0,80,3.0344674966060436,50.632887972500754,47.59842047589471,1568.592200415132,False
COST_w08_s0001,COST,consumer,naive,8,2.0,80,1.312860469614772,21.89440571593751,20.581545246322737,1567.6871779345984,False
CVX_w04_s0019,CVX,energy,naive,4,2.0,40,3.125233667074966,52.080144411133354,48.95491074405839,1566.440015663766,False
NVDA_w12_s0029,NVDA,technology,linear_trend,12,1.0,60,2.487070722352237,41.40750747242862,38.920436750076384,1564.9107361637862,False
CVX_w12_s0033,CVX,energy,moving_average,12,2.0,120,2.532920598836434,41.99927477551922,39.466354176682785,1558.1362556257282,False
JPM_w12_s0018,JPM,finance,linear_trend,12,2.0,120,2.8436080023573345,47.04777235060863,44.2041643482513,1554.5097746105057,False
TGT_w04_s0021,TGT,consumer,moving_average,4,2.0,40,7.957327506824459,131.43382880874495,123.47650130192048,1551.7333073952666,False
COST_w08_s0011,COST,consumer,moving_average,8,2.0,80,1.1781921244336082,19.40592356802895,18.227731443595346,1547.0933021520536,False
COST_w12_s0036,COST,consumer,naive,12,2.0,120,1.8140174743701083,29.864167354151355,28.050149879781248,1546.299871754061,False
XOM_w08_s0037,XOM,energy,moving_average,8,2.0,80,2.3174497533240914,38.0967187627467,35.779269009422606,1543.907002000873,False
GS_w08_s0028,GS,finance,moving_average,8,2.0,80,2.6999746026515132,44.3032116109678,41.603237008316285,1540.8751240644922,False
TGT_w04_s0037,TGT,consumer,naive,4,2.0,40,2.378431257029009,38.934164666311986,36.55573340928298,1536.9682559144535,False
WMT_w12_s0001,WMT,consumer,moving_average,12,2.0,120,1.52308177683556,24.886014533858088,23.362932757022527,1533.92504016184,False
BAC_w12_s0028,BAC,finance,moving_average,12,2.0,120,3.675178776505158,59.870479291226054,56.1953005147209,1529.049440369232,False
COST_w08_s0027,COST,consumer,moving_average,8,2.0,80,1.1657117475364602,18.891049316561784,17.725337569025324,1520.5592297139412,False
BAC_w08_s0015,BAC,finance,naive,8,2.0,80,2.2756698018884136,36.82577558521945,34.55010578333104,1518.2389709904492,False
COST_w08_s0004,COST,consumer,moving_average,8,2.0,80,1.5117030771820024,24.4211830226673,22.909479945485295,1515.4748502722732,False
BAC_w04_s0035,BAC,finance,moving_average,4,2.0,40,1.7016805656627314,27.430550818008125,25.728870252345395,1511.9682725133025,False
COST_w12_s0010,COST,consumer,linear_trend,12,2.0,120,1.6950965533167213,27.31159374106937,25.61649718775265,1511.2116851178755,False
CVX_w08_s0015,CVX,energy,moving_average,8,2.0,80,2.1226833268013374,34.18351503274552,32.06083170594418,1510.391649151761,False
CVX_w04_s0006,CVX,energy,moving_average,4,2.0,40,1.927841138237751,30.897408033459868,28.969566895222115,1502.694714861378,False
TGT_w12_s0021,TGT,consumer,moving_average,12,2.0,120,6.486824486890706,103.55239384378348,97.06556935689277,1496.349555210776,False
MSFT_w12_s0015,MSFT,technology,naive,12,2.0,120,2.198410199305486,35.026686464087874,32.82827626478239,1493.2734698535053,False
WMT_w04_s0037,WMT,consumer,moving_average,4,2.0,40,1.0455879806142403,16.60135843233331,15.55577045171907,1487.7533732341385,False
TGT_w12_s0002,TGT,consumer,moving_average,12,1.0,60,1.8829378890933248,29.812781173381037,27.929843284287713,1483.3119799685232,False
AAPL_w12_s0004,AAPL,technology,naive,12,2.0,120,6.05943149131102,95.91222964154888,89.85279815023786,1482.8585532996476,False
BAC_w12_s0001,BAC,finance,naive,12,2.0,120,8.129037892924348,128.66817394185708,120.53913604893272,1482.8216775056742,False
NVDA_w08_s0030,NVDA,technology,naive,8,2.0,80,5.1804350576683715,81.71552871884181,76.53509366117343,1477.3873778782709,False
NVDA_w12_s0027,NVDA,technology,naive,12,1.0,60,2.3648564082417667,37.25440131640765,34.88954490816589,1475.334603258458,False
GS_w12_s0037,GS,finance,naive,12,2.0,120,1.1386711299532446,17.917306031505927,16.77863490155268,1473.527734231888,False
WMT_w04_s0021,WMT,consumer,naive,4,2.0,40,4.670285044257202,73.20691376552652,68.53662872126932,1467.5041902537646,False
TGT_w08_s0002,TGT,consumer,naive,8,2.0,80,3.243982028539901,50.80275546627587,47.558773437735965,1466.061557040805,False
WMT_w08_s0020,WMT,consumer,naive,8,0.5,20,1.8395725966336736,28.753463122366856,26.913890525733184,1463.0512856619123,False
JPM_w08_s0019,JPM,finance,linear_trend,8,2.0,80,1.7825062980314683,27.73437251798187,25.951866219950404,1455.9200294894133,False
CVX_w04_s0034,CVX,energy,moving_average,4,1.0,20,1.4629397447702557,22.74312152048293,21.280181775712673,1454.6177894055763,False
TGT_w08_s0030,TGT,consumer,moving_average,8,0.5,20,1.061067906908755,16.46059832094663,15.399530414037876,1451.3237384496765,False
CVX_w12_s0001,CVX,energy,naive,12,2.0,120,3.213287398082369,49.69473528841494,46.48144789033257,1446.5387664381294,False
JPM_w12_s0011,JPM,finance,naive,12,2.0,120,1.644094245697023,25.339394045826545,23.69529980012952,1441.237317273364,False
GS_w08_s0038,GS,finance,moving_average,8,2.0,80,1.9661203919990895,30.29793666377566,28.331816271776567,1441.001089611286,False
XOM_w12_s0009,XOM,energy,moving_average,12,1.0,60,2.2062889726971435,33.94438342915079,31.738094456453645,1438.5284452405374,False
TGT_w12_s0029,TGT,consumer,moving_average,12,0.5,30,1.0206817586144366,15.669948157009951,14.649266398395516,1435.2432846729544,False
TGT_w08_s0017,TGT,consumer,linear_trend,8,2.0,80,1.7442096927943005,26.66149548334164,24.91728579054734,1428.5716845563882,False
XOM_w12_s0037,XOM,energy,moving_average,12,2.0,120,2.6102217615123955,39.87225687583616,37.262035114323766,1427.542887878372,False
NVDA_w12_s0029,NVDA,technology,moving_average,12,2.0,120,4.263543862556258,65.06070891500275,60.79716505244649,1425.9772389440093,False
JPM_w12_s0025,JPM,finance,linear_trend,12,2.0,120,1.787297105376524,27.272489247645996,25.485192142269472,1425.9068660495925,False
CVX_w04_s0034,CVX,energy,naive,4,2.0,40,3.0205647944110976,46.06606260589718,43.04549781148608,1425.0810938117424,False
COST_w04_s0002,COST,consumer,naive,4,2.0,40,1.581308257346954,24.113233493488732,22.531925236141777,1424.891391760946,False
TGT_w12_s0002,TGT,consumer,naive,12,1.0,60,1.7973440406810093,27.296710951413537,25.49936691073253,1418.724870340955,False
AAPL_w12_s0002,AAPL,technology,linear_trend,12,1.0,60,1.836962480977288,27.869959932075577,26.03299745109829,1417.1763288953184,False
COST_w08_s0022,COST,consumer,moving_average,8,2.0,80,2.8479336740251293,43.1763086077188,40.328374933693674,1416.0573787765054,False
GS_w12_s0003,GS,finance,naive,12,2.0,120,2.290980098429894,34.60199699337245,32.31101689494256,1410.3578165993968,False
MSFT_w12_s0035,MSFT,technology,linear_trend,12,2.0,120,1.587855208249544,23.91673324976554,22.328878041515996,1406.2288504334983,False
JPM_w12_s0001,JPM,finance,naive,12,2.0,120,7.798433640735114,116.9047689798616,109.10633533912647,1399.0801276965365,False
NVDA_w04_s0037,NVDA,technology,moving_average,4,2.0,40,3.7498258653069114,55.9646245067208,52.21479864141389,1392.4592905633572,False
WMT_w08_s0007,WMT,consumer,naive,8,2.0,80,1.2984875652976453,19.379260693936452,18.080773128638807,1392.4486927600458,False
MSFT_w12_s0034,MSFT,technology,linear_trend,12,2.0,120,1.5083186141363198,22.50823650698929,20.99991789285297,1392.273336418231,False
JPM_w04_s0010,JPM,finance,naive,4,2.0,40,1.1523320908322845,17.195710739020043,16.04337864818776,1392.2530471749903,False
WMT_w12_s0009,WMT,consumer,naive,12,2.0,120,2.165331961264666,32.132314768899846,29.96698280763518,1383.944048474346,False
BAC_w12_s0019,BAC,finance,linear_trend,12,2.0,120,3.972385735119154,58.75771324335616,54.785327508237,1379.1542705404888,False
COST_w08_s0041,COST,consumer,naive,8,2.0,80,1.9506962248235595,28.81346355439844,26.86276732957488,1377.0861391811336,False
MSFT_w04_s0036,MSFT,technology,moving_average,4,2.0,40,1.3547917889112615,19.963868314404,18.60907652549274,1373.574646510618,False
XOM_w12_s0017,XOM,energy,moving_average,12,2.0,120,3.7399148339275095,55.09812576767818,51.35821093375067,1373.2454671919982,False
TGT_w04_s0021,TGT,consumer,naive,4,2.0,40,9.305599533252895,137.09267742242156,127.78707788916869,1373.2277800321267,False
GS_w08_s0022,GS,finance,naive,8,2.0,80,2.2662892508883417,33.36607222640763,31.09978297551929,1372.2777427165915,False
XOM_w08_s0009,XOM,energy,naive,8,2.0,80,2.9011658013892836,42.60415577326594,39.702989971876654,1368.5184746374734,False
TGT_w04_s0033,TGT,consumer,naive,4,2.0,40,2.590263236974178,37.951791666988726,35.361528430014545,1365.1712275900654,False
MSFT_w12_s0028,MSFT,technology,linear_trend,12,2.0,120,2.257323312980417,32.98701310824486,30.72968979526444,1361.333116020985,False
JPM_w12_s0006,JPM,finance,naive,12,2.0,120,2.224230537810141,32.418264392912484,30.194033855102344,1357.5046894567763,False
BAC_w08_s0032,BAC,finance,linear_trend,8,2.0,80,1.957700695043512,28.53190512306318,26.574204428019662,1357.419165008215,False
CVX_w12_s0001,CVX,energy,naive,12,1.0,60,3.213287398082369,46.73438106934368,43.521093671261305,1354.410243454535,False
XOM_w08_s0037,XOM,energy,naive,8,2.0,80,2.630930098248494,38.264319980892594,35.6333898826441,1354.4027606954114,False
NVDA_w12_s0020,NVDA,technology,naive,12,1.0,60,5.521222293428601,80.24288779384749,74.72166550041888,1353.353687449845,False
WMT_w08_s0041,WMT,consumer,naive,8,2.0,80,2.365890885809657,34.28803126894629,31.922140383136636,1349.2651150821025,False
WMT_w08_s0026,WMT,consumer,moving_average,8,2.0,80,1.1150292721022506,16.097187977765177,14.982158705662927,1343.6560887245507,False
MSFT_w12_s0029,MSFT,technology,naive,12,1.0,60,1.5483007970072893,22.32341173922357,20.77511094221628,1341.8007006372725,False
CVX_w12_s0009,CVX,energy,moving_average,12,1.0,60,2.093356464384676,30.159540709144927,28.06618424476025,1340.7264707308252,False
XOM_w12_s0017,XOM,energy,naive,12,2.0,120,4.0960241654882985,58.98771194389044,54.891687778402144,1340.1211897356652,False
GS_w12_s0011,GS,finance,naive,12,2.0,120,2.6262992621831933,37.76475646944989,35.1384572072667,1337.9456680064995,False
BAC_w12_s0010,BAC,finance,moving_average,12,2.0,120,2.1476550582505785,30.870232576467497,28.72257751821692,1337.3924927038122,False
CVX_w08_s0025,CVX,energy,moving_average,8,2.0,80,1.821020775206608,26.112536419034644,24.291515643828035,1333.9504949399595,False
XOM_w12_s0015,XOM,energy,naive,12,2.0,120,3.609545618736327,51.653848109909326,48.044302491173,1331.034638869391,False
JPM_w04_s0019,JPM,finance,naive,4,2.0,40,3.4425011723728147,49.25395090920956,45.81144973683674,1330.760613953844,False
CVX_w12_s0015,CVX,energy,naive,12,1.0,60,1.6889948650236095,24.158402179721904,22.469407314698294,1330.3419554436718,False
TGT_w12_s0004,TGT,consumer,linear_trend,12,1.0,60,1.930875421858785,27.592508668684424,25.661633246825637,1329.015479523899,False
JPM_w12_s0007,JPM,finance,linear_trend,12,2.0,120,3.259853836171437,46.38504612976115,43.12519229358971,1322.9179730413452,False
WMT_w12_s0020,WMT,consumer,moving_average,12,2.0,120,4.429909285942926,62.97964785275087,58.549738566807946,1321.691592028738,False
MSFT_w12_s0013,MSFT,technology,moving_average,12,2.0,120,2.392479030196539,34.004977401097385,31.612498370900845,1321.3281275156642,False
JPM_w08_s0025,JPM,finance,naive,8,2.0,80,2.833513206268323,40.22536479923815,37.39185159296983,1319.628633113523,False
JPM_w08_s0029,JPM,finance,naive,8,2.0,80,1.5225075085260118,21.599136611790307,20.076629103264295,1318.6555068422042,False
AAPL_w12_s0012,AAPL,technology,linear_trend,12,2.0,120,2.665505740362708,37.78965391977051,35.1241481794078,1317.7292266730697,False
TGT_w08_s0002,TGT,consumer,moving_average,8,1.0,40,1.8505003917557543,26.20019694555705,24.349696553801294,1315.843901589143,False
JPM_w12_s0009,JPM,finance,naive,12,1.0,60,1.6862279541531384,23.848409531080115,22.162181576926976,1314.3051935737433,False
WMT_w08_s0041,WMT,consumer,moving_average,8,2.0,80,2.3683429448396773,33.48242502219926,31.11408207735958,1313.7490136364445,False
CVX_w12_s0001,CVX,energy,moving_average,12,2.0,120,3.879860786853521,54.658856499277086,50.778995712423566,1308.7839616432263,False
XOM_w08_s0033,XOM,energy,linear_trend,8,2.0,80,1.3907819759943745,19.586506899773173,18.1957249237788,1308.3089397077715,False
BAC_w08_s0015,BAC,finance,moving_average,8,2.0,80,2.4775400602505404,34.879757050188445,32.402216989937905,1307.8382670696851,False
JPM_w12_s0000,JPM,finance,moving_average,12,1.0,60,4.337367741357724,61.00764969445358,56.67028195309586,1306.559308142878,False
JPM_w12_s0025,JPM,finance,naive,12,2.0,120,1.9049391910949696,26.763874087987492,24.858934896892524,1304.9726213361944,False
BAC_w12_s0010,BAC,finance,linear_trend,12,2.0,120,2.5763401690219707,36.18851111534759,33.61217094632562,1304.648017776529,False
BAC_w08_s0007,BAC,finance,linear_trend,8,2.0,80,3.10122926989156,43.500219470570485,40.39899020067893,1302.676670599447,False
JPM_w12_s0001,JPM,finance,moving_average,12,2.0,120,7.660538858793433,107.43798717635616,99.77744831756272,1302.4860281601404,False
TGT_w12_s0021,TGT,consumer,naive,12,1.0,60,4.566431353985622,63.99450890912767,59.428077555142046,1301.4118235517258,False
CVX_w08_s0001,CVX,energy,naive,8,1.0,40,4.7074362256641615,65.87909332605312,61.17165710038896,1299.468631500332,False
MSFT_w12_s0040,MSFT,technology,naive,12,2.0,120,2.337866577990646,32.61329562855156,30.275429050560916,1295.002432370717,False
JPM_w12_s0024,JPM,finance,naive,12,2.0,120,2.753688678417862,38.384463410174355,35.630774731756496,1293.928940152677,False
MSFT_w08_s0028,MSFT,technology,linear_trend,8,2.0,80,1.8012808459602732,25.09811821333941,23.296837367379137,1293.348420354709,False
COST_w12_s0030,COST,consumer,naive,12,2.0,120,2.062039219687337,28.728763722424688,26.666724502737353,1293.2210138457392,False
TGT_w08_s0021,TGT,consumer,moving_average,8,1.0,40,5.597772549473961,77.89642716271136,72.2986546132374,1291.5611339019397,False
TGT_w12_s0029,TGT,consumer,naive,12,0.5,30,0.981647691041944,13.626948088730828,12.645300397688883,1288.170951053413,False
NVDA_w12_s0027,NVDA,technology,moving_average,12,1.0,60,2.855013636974683,39.59843630995158,36.7434226729769,1286.9788850435086,False
COST_w08_s0011,COST,consumer,naive,8,2.0,80,1.47249616912097,20.4227060546605,18.950209885539532,1286.9445967287074,False
TGT_w12_s0034,TGT,consumer,naive,12,1.0,60,2.175235347513203,30.03701037219092,27.86177502467772,1280.8625538625129,False
MSFT_w12_s0023,MSFT,technology,naive,12,2.0,120,3.4464543535445964,47.530765343506346,44.08431098996175,1279.120698192973,False
TGT_w12_s0038,TGT,consumer,naive,12,2.0,120,3.5756979779599622,49.24815918749776,45.6724612095378,1277.3019838659652,False
MSFT_w12_s0039,MSFT,technology,naive,12,2.0,120,1.9356637214813792,26.58859788395637,24.652934162474992,1273.6165837528797,False
NVDA_w12_s0004,NVDA,technology,naive,12,2.0,120,5.100876845886167,69.94588754725093,64.84501070136477,1271.252230950488,False
CVX_w08_s0001,CVX,energy,moving_average,8,2.0,80,9.90168880539914,135.70543122400488,125.80374241860574,1270.5281380890112,False
NVDA_w08_s0023,NVDA,technology,moving_average,8,2.0,80,6.306975936414832,86.41769280618067,80.11071686976584,1270.1922074448942,False
WMT_w12_s0038,WMT,consumer,naive,12,2.0,120,2.0947569991862336,28.668003434350258,26.573246435164023,1268.559858994964,False
BAC_w12_s0027,BAC,finance,moving_average,12,2.0,120,3.181488380247858,43.48781967830605,40.3063312980582,1266.9017290240135,False
GS_w12_s0038,GS,finance,linear_trend,12,2.0,120,2.2243591532449964,30.35503667135717,28.130677518112172,1264.6643630851547,False
NVDA_w08_s0020,NVDA,technology,naive,8,1.0,40,5.646621643913191,76.97710686629442,71.33048522238123,1263.2418058198098,False
TGT_w12_s0005,TGT,consumer,moving_average,12,2.0,120,3.760925930870606,51.20616712440241,47.44524119353181,1261.5308587730906,False
NVDA_w04_s0016,NVDA,technology,naive,4,2.0,40,4.060743300438126,55.28696598851286,51.226222688074735,1261.4986690379512,False
WMT_w04_s0002,WMT,consumer,naive,4,2.0,40,3.3753167928612675,45.94653272934251,42.57121593648124,1261.2509743239086,False
MSFT_w12_s0015,MSFT,technology,moving_average,12,2.0,120,2.583675172217786,35.12855788095803,32.54488270874024,1259.6352304149837,False
XOM_w12_s0000,XOM,energy,moving_average,12,2.0,120,14.626836741741874,198.54988150775705,183.9230447660152,1257.4355481875175,False
JPM_w04_s0001,JPM,finance,naive,4,2.0,40,7.282451131926845,98.56464426709738,91.28219313517052,1253.4542488720883,False
TGT_w08_s0027,TGT,consumer,naive,8,2.0,80,2.070299031726878,28.003544551729338,25.93324552000246,1252.6328381833332,False
TGT_w04_s0030,TGT,consumer,moving_average,4,2.0,40,2.4179651888191693,32.69200177253598,30.27403658371681,1252.0460064398758,False
XOM_w12_s0007,XOM,energy,linear_trend,12,2.0,120,3.943421678327428,53.28089865186517,49.33747697353775,1251.1336853649357,False
TGT_w12_s0011,TGT,consumer,linear_trend,12,2.0,120,2.235419476459183,30.18962725925098,27.9542077827918,1250.5128490277884,False
MSFT_w04_s0036,MSFT,technology,naive,4,2.0,40,1.51754329642485,20.48794570154847,18.970402405123615,1250.0732235986684,False
NVDA_w04_s0037,NVDA,technology,naive,4,2.0,40,4.444527266353018,59.99179228757434,55.54726502122132,1249.7901732258006,False
BAC_w04_s0019,BAC,finance,naive,4,2.0,40,3.9571831044481103,53.30552912295301,49.3483460185049,1247.0574324204106,False
COST_w12_s0015,COST,consumer,naive,12,2.0,120,2.0360113177714987,27.289224049236022,25.25321273146452,1240.3277187626463,False
BAC_w08_s0028,BAC,finance,naive,8,1.0,40,3.11332215796758,41.710734313912845,38.597412155945264,1239.750022565676,False
WMT_w12_s0030,WMT,consumer,linear_trend,12,2.0,120,0.9518487201461164,12.713371319071264,11.761522598925149,1235.65040851446,False
JPM_w04_s0032,JPM,finance,naive,4,2.0,40,0.9581454657777956,12.76793281065371,11.809787344875916,1232.567263185769,False
COST_w04_s0014,COST,consumer,naive,4,2.0,40,1.145002519099355,15.248153497990582,14.103150978891229,1231.7135328212723,False
BAC_w12_s0036,BAC,finance,naive,12,2.0,120,1.9985924309987997,26.58025601092752,24.581663579928723,1229.9487978969278,False
BAC_w12_s0036,BAC,finance,moving_average,12,2.0,120,1.9600693160814624,26.049076228001816,24.08900691192035,1228.987501323611,False
COST_w12_s0013,COST,consumer,naive,12,1.0,60,1.7071825676463406,22.682586726240093,20.97540415859375,1228.6561821863102,False
COST_w12_s0036,COST,consumer,moving_average,12,2.0,120,2.0642068446957422,27.36658473529484,25.302377890599097,1225.7675608244865,False
WMT_w08_s0021,WMT,consumer,naive,8,2.0,80,4.534049400690318,59.89568458855109,55.36163518786077,1221.0196734828662,False
NVDA_w08_s0012,NVDA,technology,naive,8,1.0,40,2.721368074431477,35.86563256454677,33.1442644901153,1217.9265569226422,False
AAPL_w04_s0037,AAPL,technology,naive,4,2.0,40,1.5833541972784626,20.815505776521043,19.23215157924258,1214.646199334276,False
NVDA_w12_s0036,NVDA,technology,naive,12,1.0,60,5.156170557845927,67.78027643415146,62.624105876305535,1214.5468264429903,False
GS_w08_s0028,GS,finance,naive,8,1.0,40,2.2070317733230427,29.010134010663375,26.803102237340333,1214.4411585422683,False
AAPL_w04_s0032,AAPL,technology,naive,4,2.0,40,2.328852587482354,30.600941633044265,28.272089045561913,1213.9922121960471,False
NVDA_w12_s0005,NVDA,technology,naive,12,2.0,120,5.135614626443689,67.34842638440094,62.21281175795725,1211.3995360481006,False
WMT_w08_s0025,WMT,consumer,naive,8,2.0,80,2.984322356602274,39.11930773098772,36.13498537438544,1210.8271512440108,False
COST_w08_s0001,COST,consumer,naive,8,1.0,40,1.312860469614772,17.17655500109686,15.86369453148209,1208.3305803347796,False
BAC_w12_s0001,BAC,finance,moving_average,12,2.0,120,8.253697778532052,107.97638021376382,99.72268243523176,1208.2182448527667,False
MSFT_w04_s0007,MSFT,technology,moving_average,4,2.0,40,0.8860575683987829,11.56642685920704,10.680369290808256,1205.3809675266384,False
COST_w12_s0013,COST,consumer,moving_average,12,1.0,60,1.6590470974875402,21.631961141515575,19.97291404402803,1203.8786647030695,False
CVX_w08_s0034,CVX,energy,naive,8,2.0,80,2.7464252958213287,35.7402062976432,32.99378100182187,1201.3354614823031,False
AAPL_w08_s0002,AAPL,technology,linear_trend,8,1.0,40,1.8615460053075343,24.20488687065347,22.343340865345937,1200.2572486332258,False
JPM_w04_s0010,JPM,finance,moving_average,4,2.0,40,1.2383606391000817,16.082600726706218,14.844240087606137,1198.7008968884431,False
TGT_w12_s0005,TGT,consumer,naive,12,2.0,120,4.045638356603563,52.50672822976361,48.46108987316005,1197.860154604739,False
GS_w08_s0003,GS,finance,moving_average,8,2.0,80,3.054921277689746,39.552681572658486,36.49776029496874,1194.7201573249642,False
XOM_w08_s0001,XOM,energy,moving_average,8,1.0,40,6.341961456077533,81.88693778881199,75.54497633273446,1191.1926121900244,False
JPM_w04_s0019,JPM,finance,moving_average,4,2.0,40,3.635377297864496,46.84471855083832,43.20934125297383,1188.579278369703,False
XOM_w08_s0003,XOM,energy,naive,8,2.0,80,2.2205682024658246,28.607320642904,26.386752440438176,1188.2883133756968,False
TGT_w08_s0041,TGT,consumer,naive,8,2.0,80,2.180879729125568,28.072450753275284,25.891571024149716,1187.2076519566276,False
WMT_w12_s0038,WMT,consumer,linear_trend,12,1.0,60,1.1055036186149982,14.224275346328064,13.118771727713066,1186.6783162725944,False
GS_w12_s0011,GS,finance,moving_average,12,1.0,60,1.6557472058648142,21.291330785383916,19.635583579519103,1185.9046785625244,False
AAPL_w04_s0032,AAPL,technology,moving_average,4,2.0,40,2.388668683956168,30.66206256205059,28.27339387809442,1183.6465252798214,False
GS_w12_s0000,GS,finance,naive,12,2.0,120,9.977701517923196,128.03432714542475,118.05662562750156,1183.2046229828934,False
TGT_w12_s0038,TGT,consumer,moving_average,12,2.0,120,3.5985558826622315,46.134199976548075,42.53564409388584,1182.019829088155,False
XOM_w04_s0004,XOM,energy,moving_average,4,2.0,40,2.0818676134643725,26.6741203711545,24.59225275769013,1181.2592020088591,False
NVDA_w12_s0004,NVDA,technology,moving_average,12,2.0,120,5.389628700705824,69.02274047608437,63.63311177537854,1180.6585445681103,False
GS_w08_s0022,GS,finance,moving_average,8,2.0,80,2.4074699489449736,30.62744459823491,28.219974649289934,1172.1838796640757,False
XOM_w12_s0036,XOM,energy,naive,12,2.0,120,2.0881261219469893,26.54920569994978,24.461079578002792,1171.4368840515745,False
NVDA_w08_s0002,NVDA,technology,naive,8,2.0,80,2.9267021819106844,37.154670613482246,34.22796843157156,1169.5063694258768,False
MSFT_w12_s0012,MSFT,technology,linear_trend,12,1.0,60,1.4074999244898916,17.8328690070016,16.42536908251171,1166.9889849880185,False
GS_w04_s0018,GS,finance,naive,4,2.0,40,3.8730206211540894,49.00450017319166,45.13147955203757,1165.2785762495944,False
MSFT_w08_s0020,MSFT,technology,moving_average,8,2.0,80,3.169063784994098,40.09494759481293,36.92588380981883,1165.1985038820417,False
JPM_w12_s0020,JPM,finance,linear_trend,12,2.0,120,2.1220674362497376,26.821932709394453,24.699865273144717,1163.95289099747,False
WMT_w12_s0005,WMT,consumer,linear_trend,12,2.0,120,1.6585959294849166,20.95073870598032,19.292142776495403,1163.1611071472155,False
GS_w12_s0009,GS,finance,moving_average,12,2.0,120,3.424288562289142,43.190176844600394,39.76588828231125,1161.2890549074432,False
AAPL_w04_s0006,AAPL,technology,naive,4,2.0,40,2.823383958508737,35.48536966029218,32.66198570178344,1156.8382544411331,False
BAC_w08_s0028,BAC,finance,moving_average,8,1.0,40,3.186385496830651,40.017342074410394,36.83095657757974,1155.8851436592895,False
WMT_w12_s0001,WMT,consumer,naive,12,2.0,120,1.729886676363512,21.61061378952798,19.88072711316447,1149.250259268822,False
BAC_w08_s0003,BAC,finance,moving_average,8,2.0,80,2.872979415408506,35.88549805937013,33.01251864396162,1149.069097638056,False
MSFT_w12_s0010,MSFT,technology,moving_average,12,2.0,120,1.9071079108543851,23.809372343956877,21.90226443310249,1148.4543852209322,False
JPM_w12_s0036,JPM,finance,moving_average,12,2.0,120,2.927298562471879,36.48278996035674,33.555491397884865,1146.295489912373,False
MSFT_w08_s0029,MSFT,technology,linear_trend,8,2.0,80,1.8521189746826336,22.99526064987456,21.143141675191927,1141.5649839025525,False
CVX_w08_s0025,CVX,energy,naive,8,2.0,80,1.9389203900658896,24.059773857161684,22.120853467095795,1140.8850812252313,False
AAPL_w04_s0013,AAPL,technology,naive,4,2.0,40,1.7982708641163192,22.236458093083744,20.438187228967426,1136.546648049646,False
MSFT_w08_s0009,MSFT,technology,moving_average,8,2.0,80,2.3712490162662165,29.31839540252455,26.947146386258336,1136.4114945923934,False
AAPL_w04_s0037,AAPL,technology,moving_average,4,2.0,40,1.6054229488562506,19.839321322883993,18.233898374027746,1135.7691371621477,False
XOM_w12_s0002,XOM,energy,naive,12,2.0,120,5.808288636866649,71.75443950398896,65.94615086712231,1135.3800575361515,False
CVX_w04_s0042,CVX,energy,naive,4,2.0,40,1.223517081192915,15.106141307458053,13.882624226265138,1134.6489918007308,False
MSFT_w08_s0034,MSFT,technology,naive,8,1.0,40,1.6495736334130655,20.35615761751968,18.706583984106615,1134.0253993634456,False
MSFT_w08_s0009,MSFT,technology,naive,8,2.0,80,2.3060543024300317,28.445778644369863,26.139724341939832,1133.5259674672357,False
AAPL_w12_s0028,AAPL,technology,linear_trend,12,1.0,60,1.0427876195734984,12.851263480507995,11.808475860934497,1132.3950955386467,False
MSFT_w12_s0023,MSFT,technology,moving_average,12,2.0,120,4.179395254222502,51.49568757551002,47.31629232128752,1132.132508249446,False
NVDA_w04_s0011,NVDA,technology,naive,4,2.0,40,4.768970448049675,58.671143170875006,53.90217272282533,1130.268541397006,False
XOM_w12_s0020,XOM,energy,naive,12,2.0,120,4.897143796254721,60.24000638760958,55.34286259135486,1130.1049120444543,False
BAC_w04_s0035,BAC,finance,naive,4,2.0,40,2.1488362524478544,26.41192798379705,24.263091731349196,1129.1270660437626,False
WMT_w12_s0022,WMT,consumer,naive,12,2.0,120,2.4479929411667203,30.01910135525844,27.57110841409172,1126.2740161722545,False
BAC_w12_s0020,BAC,finance,linear_trend,12,2.0,120,4.8816446453648865,59.61433477554807,54.73269013018319,1121.1936571858378,False
CVX_w12_s0007,CVX,energy,naive,12,1.0,60,2.80229504737386,34.20926682376847,31.406971776394613,1120.7589224349276,False
BAC_w12_s0034,BAC,finance,moving_average,12,1.0,60,2.5338609073579157,30.886761561871495,28.35290065451358,1118.9604201312477,False
CVX_w12_s0018,CVX,energy,moving_average,12,1.0,60,2.602330777790468,31.647387849091125,29.045057071300658,1116.1170332067325,False
COST_w12_s0005,COST,consumer,linear_trend,12,2.0,120,1.6177704394220542,19.64755349649346,18.02978305707141,1114.4834036844263,False
COST_w08_s0002,COST,consumer,moving_average,8,2.0,80,1.215571871032336,14.759488111743185,13.543916240710848,1114.201189042697,False
NVDA_w04_s0018,NVDA,technology,naive,4,2.0,40,6.1604986362833065,74.78945453472593,68.62895589844263,1114.016250149634,False
CVX_w04_s0019,CVX,energy,moving_average,4,1.0,20,1.9524664011341863,23.637300035706392,21.684833634572207,1110.6379921301336,False
JPM_w12_s0036,JPM,finance,naive,12,2.0,120,3.326078110430076,40.255611832588414,36.92953372215834,1110.3026596505033,False
GS_w12_s0002,GS,finance,naive,12,1.0,60,2.8294043292652216,34.23614184430542,31.4067375150402,1110.012351016524,False
AAPL_w12_s0038,AAPL,technology,linear_trend,12,2.0,120,3.282901571320824,39.66600960735343,36.38310803603261,1108.2607030887752,False
NVDA_w12_s0030,NVDA,technology,moving_average,12,1.0,60,4.161758485040569,50.22795746906442,46.06619898402385,1106.89265486233,False
BAC_w12_s0007,BAC,finance,naive,12,2.0,120,3.512027687665974,42.321388066866554,38.80936037920058,1105.0414128424063,False
BAC_w08_s0013,BAC,finance,naive,8,2.0,80,1.6498571446300472,19.864217980247897,18.21436083561785,1103.9962396078913,False
NVDA_w08_s0020,NVDA,technology,moving_average,8,1.0,40,6.087725992066883,73.28071160940911,67.19298561734223,1103.7452359863703,False
TGT_w12_s0034,TGT,consumer,moving_average,12,1.0,60,2.2714348865211047,27.332002503428477,25.06056761690737,1103.2923622692858,False
AAPL_w12_s0034,AAPL,technology,moving_average,12,2.0,120,2.381422422969511,28.65196541536265,26.27054299239314,1103.1450253850858,False
GS_w04_s0019,GS,finance,naive,4,2.0,40,2.2611764826166514,27.20201023606324,24.94083375344659,1103.0025274535342,False
MSFT_w04_s0030,MSFT,technology,naive,4,2.0,40,1.4579106606114192,17.524368175506453,16.066457514895035,1102.0193451467785,False
BAC_w04_s0028,BAC,finance,naive,4,2.0,40,2.370042431311915,28.45389152305055,26.083849091738635,1100.564645895397,False
WMT_w12_s0041,WMT,consumer,linear_trend,12,2.0,120,3.2479372233321326,38.98165767697816,35.73372045364603,1100.1973867273823,False
CVX_w12_s0019,CVX,energy,naive,12,2.0,120,3.5811981489158,42.9754953138048,39.394297164889,1100.031205389055,False
GS_w08_s0025,GS,finance,naive,8,1.0,40,3.0704344129473005,36.74378796003532,33.67335354708802,1096.6967216461424,False
GS_w12_s0002,GS,finance,moving_average,12,1.0,60,2.546148745510864,30.44850001201404,27.902351266503175,1095.8649338809464,False
CVX_w08_s0029,CVX,energy,naive,8,2.0,80,1.3596578403342208,16.25734253945847,14.89768469912425,1095.6936559467208,False
BAC_w04_s0019,BAC,finance,moving_average,4,2.0,40,4.2606352931492735,50.88482166189559,46.62418636874632,1094.301275767816,False
NVDA_w08_s0016,NVDA,technology,moving_average,8,2.0,80,9.148291501950414,109.24269383169796,100.09440232974757,1094.1321918787507,False
GS_w08_s0009,GS,finance,naive,8,2.0,80,1.8262502351172785,21.77919711492195,19.95294687980467,1092.5636857494137,False
JPM_w12_s0021,JPM,finance,moving_average,12,2.0,120,2.1986053681904467,26.200667671983897,24.00206230379345,1091.6948830861927,False
GS_w04_s0032,GS,finance,moving_average,4,2.0,40,2.162609409628096,25.76649960726253,23.603890197634435,1091.4541522176023,False
BAC_w08_s0001,BAC,finance,naive,8,0.5,20,4.704842271153463,56.04007462541822,51.33523235426476,1091.1148428718557,False
GS_w08_s0018,GS,finance,naive,8,2.0,80,2.645985216603918,31.49096648376663,28.844981267162712,1090.1414371537876,False
CVX_w08_s0002,CVX,energy,moving_average,8,2.0,80,4.371982140477042,52.00950848027618,47.63752633979914,1089.609353587187,False
BAC_w12_s0021,BAC,finance,moving_average,12,2.0,120,3.157932779233747,37.51972715131326,34.361794372079515,1088.1103802474604,False
NVDA_w08_s0028,NVDA,technology,moving_average,8,2.0,80,4.053000229096191,48.07257747683185,44.01957724773566,1086.0985630280095,False
TGT_w04_s0003,TGT,consumer,moving_average,4,2.0,40,1.1340634515809178,13.440973321846403,12.306909870265486,1085.2046993586905,False
TGT_w08_s0008,TGT,consumer,naive,8,2.0,80,1.7015458314169434,20.160150634676004,18.45860480325906,1084.8138476462818,False
AAPL_w08_s0039,AAPL,technology,naive,8,2.0,80,2.7164639112935296,32.116494908346326,29.400030997052795,1082.290505492232,False
CVX_w12_s0002,CVX,energy,naive,12,1.0,60,3.535574749125318,41.77731182739898,38.241737078273665,1081.6271693233034,False
BAC_w12_s0002,BAC,finance,moving_average,12,2.0,120,4.172190598900005,49.16990709571732,44.99771649681732,1078.5153609396689,False
MSFT_w12_s0033,MSFT,technology,linear_trend,12,2.0,120,2.767860223731537,32.61063403825263,29.842773814521088,1078.1893376930736,False
TGT_w08_s0034,TGT,consumer,naive,8,2.0,80,3.4970719214430375,41.19729795736609,37.70022603592305,1078.0512063465474,False
JPM_w08_s0009,JPM,finance,linear_trend,8,2.0,80,2.292718738245598,27.00294320086097,24.710224462615372,1077.7695515117473,False
JPM_w12_s0014,JPM,finance,naive,12,2.0,120,1.4554337074638168,17.14141961022916,15.685985902765344,1077.7533749784552,False
COST_w08_s0030,COST,consumer,linear_trend,8,2.0,80,1.2977304464474706,15.27188954251624,13.97415909606877,1076.8152303371587,False
JPM_w08_s0009,JPM,finance,naive,8,2.0,80,2.060758155846472,24.25128894267862,22.19053078683215,1076.8139251991568,False
WMT_w08_s0039,WMT,consumer,naive,8,2.0,80,2.156045786536169,25.345730513760333,23.189684727224165,1075.5655038513787,False
MSFT_w04_s0042,MSFT,technology,naive,4,2.0,40,1.249750381093463,14.687674400751352,13.437924019657888,1075.2486434851448,False
COST_w12_s0005,COST,consumer,naive,12,2.0,120,1.598859487226583,18.76947943395324,17.170619946726656,1073.929265448535,False
GS_w08_s0001,GS,finance,moving_average,8,2.0,80,10.939426298866598,128.3092398301479,117.36981353128132,1072.9064790485554,False
XOM_w12_s0018,XOM,energy,moving_average,12,2.0,120,3.284548507631,38.50743156958059,35.22288306194959,1072.3812718891554,False
COST_w12_s0030,COST,consumer,moving_average,12,2.0,120,2.5156541047940237,29.43904520397932,26.923391099185295,1070.2342205106024,False
NVDA_w08_s0036,NVDA,technology,linear_trend,8,2.0,80,6.240625462729708,72.97167140007713,66.73104593734742,1069.3006067401236,False
NVDA_w08_s0023,NVDA,technology,naive,8,2.0,80,7.972588081418111,93.00451733539772,85.03192925397961,1066.553650904973,False
JPM_w04_s0025,JPM,finance,moving_average,4,2.0,40,2.98050423294771,34.68916003765544,31.708655804707732,1063.8688398488855,False
BAC_w12_s0027,BAC,finance,linear_trend,12,2.0,120,4.406683170116903,51.2778242300422,46.87114105992529,1063.637644243933,False
XOM_w12_s0001,XOM,energy,moving_average,12,2.0,120,7.271671502206421,84.47846121027925,77.20678970807283,1061.747490719929,False
MSFT_w08_s0020,MSFT,technology,naive,8,2.0,80,3.591106107413326,41.71606808802402,38.1249619806107,1061.6495542113655,False
BAC_w08_s0025,BAC,finance,naive,8,2.0,80,2.4236067397107393,28.119226905251864,25.69562016554113,1060.2223431928535,False
JPM_w12_s0034,JPM,finance,linear_trend,12,2.0,120,3.906391025315632,45.27168985588197,41.36529883056633,1058.913420661058,False
NVDA_w08_s0028,NVDA,technology,naive,8,2.0,80,4.116734926211961,47.65950152684148,43.54276660062952,1057.70148870614,False
GS_w04_s0035,GS,finance,moving_average,4,1.0,20,0.8453379081403016,9.779833766330771,8.93449585819047,1056.9141371934786,False
MSFT_w12_s0033,MSFT,technology,naive,12,2.0,120,2.676915018462597,30.96536029673162,28.288445278269023,1056.7554473401103,False
CVX_w08_s0002,CVX,energy,naive,8,2.0,80,4.106992885722547,47.505221232259935,43.39822834653739,1056.691101107235,False
CVX_w12_s0012,CVX,energy,linear_trend,12,2.0,120,1.2772028700151,14.77083596633006,13.49363309631496,1056.4988079110274,False
JPM_w12_s0021,JPM,finance,naive,12,2.0,120,2.18595756467764,25.276232983754216,23.090275419076576,1056.3002590803571,False
XOM_w12_s0024,XOM,energy,moving_average,12,2.0,120,4.981916188926303,57.52351035229674,52.54159416337043,1054.646288112168,False
AAPL_w12_s0007,AAPL,technology,linear_trend,12,2.0,120,2.202972936348513,25.427814956849648,23.224842020501136,1054.2499926938249,False
WMT_w12_s0004,WMT,consumer,naive,12,2.0,120,2.864305803201925,33.04965946801868,30.185353664816756,1053.8453551668058,False
XOM_w12_s0015,XOM,energy,moving_average,12,1.0,60,2.389861371141271,27.566989322854173,25.1771279517129,1053.497422726643,False
AAPL_w12_s0027,AAPL,technology,linear_trend,12,1.0,60,1.5567532093917893,17.952287176020576,16.395533966628786,1053.1877414940025,False
BAC_w04_s0032,BAC,finance,naive,4,2.0,40,1.897565680238775,21.876496980173695,19.97893129993492,1052.8716612023109,False
WMT_w12_s0040,WMT,consumer,naive,12,2.0,120,1.7658543548388317,20.34494264571242,18.579088290873585,1052.1302756347245,False
TGT_w12_s0020,TGT,consumer,naive,12,1.0,60,4.098343949442987,47.19752354758723,43.09917959814425,1051.6242689684923,False
AAPL_w08_s0020,AAPL,technology,naive,8,2.0,80,3.566647295751986,41.016779218441506,37.45013192268952,1050.009401470509,False
XOM_w08_s0007,XOM,energy,linear_trend,8,2.0,80,3.8799126039162566,44.59040225590133,40.71048965198507,1049.2630584228427,False
WMT_w12_s0020,WMT,consumer,naive,12,1.0,60,4.057389921973793,46.623300762700985,42.56591084072719,1049.095888226099,False
AAPL_w08_s0034,AAPL,technology,moving_average,8,2.0,80,2.4979351617264465,28.660802194259887,26.16286703253344,1047.3797492185902,False
AAPL_w12_s0029,AAPL,technology,linear_trend,12,1.0,60,1.0642353092359278,12.207743568812475,11.143508259576548,1047.0906352070836,False
XOM_w12_s0017,XOM,energy,linear_trend,12,2.0,120,5.541373248828608,63.52737517010192,57.98600192127331,1046.4193498160585,False
CVX_w12_s0015,CVX,energy,moving_average,12,1.0,60,2.032054306152344,23.263231930004995,21.231177623852652,1044.813495366346,False
XOM_w12_s0018,XOM,energy,naive,12,2.0,120,3.600435816719684,41.197268592341906,37.596832775622225,1044.2300512907427,False
AAPL_w12_s0022,AAPL,technology,naive,12,2.0,120,5.861721416665574,67.03053360500145,61.16881218833588,1043.5298411559722,False
COST_w12_s0005,COST,consumer,moving_average,12,2.0,120,1.600056843108276,18.286704128111484,16.686647285003207,1042.8784050313905,False
XOM_w08_s0011,XOM,energy,linear_trend,8,2.0,80,1.7996872966888229,20.564605050263648,18.764917753574824,1042.6765687627897,False
NVDA_w12_s0002,NVDA,technology,linear_trend,12,1.0,60,3.2464981400275947,37.09242490242713,33.845926762399536,1042.5364593651625,False
NVDA_w08_s0037,NVDA,technology,moving_average,8,2.0,80,4.509681450132601,51.50725230228531,46.997570852152705,1042.1483506505942,False
GS_w04_s0010,GS,finance,moving_average,4,2.0,40,1.9960383424275392,22.74349211840036,20.747453775972826,1039.4316248825266,False
TGT_w08_s0041,TGT,consumer,moving_average,8,2.0,80,2.149959612567807,24.47426773904536,22.32430812647755,1038.359418287606,False
JPM_w08_s0001,JPM,finance,moving_average,8,0.5,20,3.9170613502303815,44.55972625584514,40.64266490561476,1037.580504150755,False
BAC_w08_s0011,BAC,finance,naive,8,2.0,80,2.084823595909837,23.677453665907574,21.59263006999774,1035.7053763378242,False
XOM_w12_s0037,XOM,energy,naive,12,2.0,120,3.2559005305108726,36.89668050696417,33.640779976453295,1033.2250528296954,False
CVX_w12_s0002,CVX,energy,moving_average,12,1.0,60,3.7127948838259193,42.05375011183295,38.340955228007026,1032.670977732491,False
NVDA_w08_s0025,NVDA,technology,moving_average,8,2.0,80,6.993284054438528,79.19309871517835,72.19981466073982,1032.4164455312768,False
CVX_w08_s0034,CVX,energy,moving_average,8,2.0,80,3.104715278460759,35.15315498660579,32.04843970814503,1032.2505232761264,False
JPM_w08_s0009,JPM,finance,moving_average,8,2.0,80,2.0363112955983365,23.045228931293053,21.008917635694715,1031.714437822317,False
NVDA_w08_s0039,NVDA,technology,naive,8,2.0,80,8.867564567643365,100.27574919756051,91.40818462991714,1030.814987955703,False
XOM_w08_s0042,XOM,energy,moving_average,8,2.0,80,1.9775169448498529,22.354439790155247,20.37692284530539,1030.429746676712,False
JPM_w12_s0009,JPM,finance,moving_average,12,1.0,60,1.8588766486668784,21.006296328852645,19.147419680185767,1030.0532686726483,False
BAC_w12_s0002,BAC,finance,naive,12,2.0,120,4.41735904079021,49.910749368754274,45.493390327964065,1029.877578613711,False
MSFT_w12_s0029,MSFT,technology,moving_average,12,1.0,60,1.6383081072727586,18.50654847935945,16.86824037208669,1029.613434567368,False
CVX_w12_s0024,CVX,energy,naive,12,2.0,120,4.959573802194344,55.99250241066015,51.03292860846581,1028.978106664861,False
GS_w04_s0026,GS,finance,naive,4,2.0,40,2.052606375306908,23.135730653691787,21.08312427838488,1027.1391793388786,False
CVX_w04_s0025,CVX,energy,moving_average,4,2.0,40,3.062341961383904,34.51553142857871,31.453189467194807,1027.0959240940151,False
XOM_w08_s0013,XOM,energy,naive,8,2.0,80,2.6870784002143435,30.28373391101507,27.596655510800726,1027.0134101260085,False
MSFT_w12_s0003,MSFT,technology,linear_trend,12,2.0,120,3.0323633027750625,34.12811320228614,31.095749899511073,1025.462545040492,False
NVDA_w08_s0025,NVDA,technology,naive,8,2.0,80,6.655155437075303,74.89652275386715,68.24136731679184,1025.3910364981862,False
NVDA_w12_s0030,NVDA,technology,naive,12,1.0,60,4.521532781592289,50.84144640343497,46.31991362184268,1024.4294547728746,False
JPM_w12_s0024,JPM,finance,moving_average,12,1.0,60,1.942280909594082,21.81779333148523,19.87551242189115,1023.307819364035,False
WMT_w12_s0036,WMT,consumer,moving_average,12,0.5,30,1.019180472090575,11.448173150575998,10.428992678485423,1023.2724197602752,False
BAC_w08_s0003,BAC,finance,naive,8,2.0,80,3.9054188961687824,43.85705153762456,39.951632641455774,1022.9794473685868,False
COST_w04_s0002,COST,consumer,moving_average,4,2.0,40,2.167926559288172,24.33494179994819,22.167015240660017,1022.4984396122002,False
AAPL_w08_s0005,AAPL,technology,naive,8,2.0,80,4.744074897517218,53.24103156244343,48.496956664926216,1022.2637229084808,False
COST_w08_s0016,COST,consumer,naive,8,2.0,80,3.2797700872274036,36.80262626318749,33.52285617596009,1022.109943209436,False
NVDA_w04_s0018,NVDA,technology,moving_average,4,2.0,40,6.705916160370292,75.21973086068229,68.513814700312,1021.6920859405548,False
WMT_w04_s0037,WMT,consumer,naive,4,2.0,40,1.5744931207258903,17.635215857270108,16.060722736544218,1020.0567106409284,False
COST_w12_s0009,COST,consumer,naive,12,2.0,120,3.4335917698619585,38.44896715352799,35.01537538366603,1019.7885401232122,False
XOM_w08_s0005,XOM,energy,linear_trend,8,2.0,80,3.261316817260758,36.44583958729955,33.1845227700388,1017.5191381103264,False
JPM_w04_s0025,JPM,finance,naive,4,1.0,20,1.9000467352980852,21.232861715855964,19.33281498055788,1017.4915501499432,False
TGT_w04_s0003,TGT,consumer,naive,4,2.0,40,1.0791432035067476,12.046196783000116,10.967053579493369,1016.2741648981524,False
WMT_w04_s0021,WMT,consumer,moving_average,4,1.0,20,2.707198513861162,30.190533688728443,27.48333517486728,1015.1946757561184,False
GS_w04_s0018,GS,finance,moving_average,4,2.0,40,3.993199711999301,44.52255887062543,40.52935915862613,1014.9594831642928,False
BAC_w12_s0015,BAC,finance,moving_average,12,2.0,120,4.305418664759171,47.970147553689365,43.66472888893019,1014.1807867916752,False
XOM_w12_s0005,XOM,energy,moving_average,12,2.0,120,6.395908807990409,71.23094365565093,64.83503484766052,1013.6954230282664,False
CVX_w08_s0015,CVX,energy,naive,8,2.0,80,2.8525651209237215,31.75090432662425,28.89833920570053,1013.065012739924,False
GS_w04_s0019,GS,finance,moving_average,4,2.0,40,2.4169602410261732,26.873623671013057,24.45666342998688,1011.8769442232642,False
AAPL_w12_s0012,AAPL,technology,naive,12,2.0,120,2.6930833964572485,29.81571479136646,27.122631394909213,1007.12185261656,False
XOM_w12_s0024,XOM,energy,naive,12,2.0,120,5.354158596122109,59.13901031101123,53.78485171488912,1004.5434917419932,False
COST_w04_s0021,COST,consumer,moving_average,4,2.0,40,3.967153835093231,43.80019534087637,39.83304150578314,1004.0710081223014,False
AAPL_w08_s0013,AAPL,technology,moving_average,8,2.0,80,2.3040132610735,25.404554588000916,23.100541326927416,1002.6218909939896,False
MSFT_w12_s0012,MSFT,technology,moving_average,12,2.0,120,2.697872132175055,29.72957336358845,27.031701231413393,1001.9637665192132,False
TGT_w04_s0030,TGT,consumer,naive,4,1.0,20,1.4651239236675182,16.14454132279294,14.679417399125422,1001.9232613702536,False
CVX_w12_s0018,CVX,energy,naive,12,1.0,60,2.596338554500632,28.607176195116757,26.010837640616124,1001.8276543915104,False
CVX_w12_s0036,CVX,energy,linear_trend,12,2.0,120,1.4788646661808675,16.26810029702593,14.789235630845065,1000.0398257561936,False
BAC_w12_s0027,BAC,finance,naive,12,1.0,60,2.607315715654399,28.66783520136033,26.06051948570593,999.515299556468,False
XOM_w08_s0034,XOM,energy,naive,8,2.0,80,1.834408513431198,20.160681810737383,18.326273297306184,999.0290147000856,False
GS_w12_s0009,GS,finance,naive,12,2.0,120,4.087636228622147,44.88610434906904,40.7984681204469,998.0943958459624,False
NVDA_w08_s0027,NVDA,technology,linear_trend,8,2.0,80,7.278952917516689,79.87325287821687,72.59429996070018,997.3178942537616,False
WMT_w08_s0020,WMT,consumer,naive,8,1.0,40,1.8395725966336736,20.164539290532844,18.32496669389917,996.1534938840114,False
WMT_w04_s0041,WMT,consumer,linear_trend,4,2.0,40,1.6289784469428272,17.847447131325747,16.21846868438292,995.6220547190668,False
CVX_w12_s0009,CVX,energy,naive,12,1.0,60,3.111849274977507,34.07135798255757,30.959508707580063,994.891010838044,False
AAPL_w12_s0016,AAPL,technology,moving_average,12,2.0,120,5.017619288688637,54.858218933579096,49.84059964489046,993.3117037645234,False
AAPL_w12_s0027,AAPL,technology,naive,12,2.0,120,3.2542128214949466,35.54128285358516,32.28707003209021,992.162215661664,False
BAC_w12_s0020,BAC,finance,moving_average,12,1.0,60,2.424665571243729,26.407801466920898,23.98313589567717,989.1317045993708,False
BAC_w12_s0036,BAC,finance,linear_trend,12,2.0,120,2.6882513449507206,29.25713408925131,26.568882744300588,988.3332819382492,False
JPM_w08_s0015,JPM,finance,naive,8,2.0,80,2.188450477015861,23.814231320826604,21.625780843810745,988.1777573189293,False
MSFT_w12_s0012,MSFT,technology,naive,12,2.0,120,2.9726743778111953,32.30299107185973,29.330316694048538,986.664295052884,False
MSFT_w08_s0036,MSFT,technology,naive,8,2.0,80,1.757960826612091,19.07725745620927,17.31929662959718,985.192409717946,False
MSFT_w04_s0004,MSFT,technology,moving_average,4,2.0,40,2.2817680684470316,24.747043517982775,22.465275449535746,984.5556066890524,False
MSFT_w12_s0010,MSFT,technology,naive,12,2.0,120,2.062716308872398,22.355041220692097,20.292324911819698,983.7671241816416,False
TGT_w08_s0034,TGT,consumer,moving_average,8,2.0,80,4.2965681376270055,46.54435483059589,42.24778669296889,983.2914395790856,False
TGT_w12_s0020,TGT,consumer,linear_trend,12,2.0,120,13.033305232396856,141.18224186413883,128.14893663174198,983.2420429562446,False
WMT_w12_s0021,WMT,consumer,naive,12,2.0,120,3.16517976491564,34.285022297919824,31.119842533004185,983.1935259397062,False
WMT_w08_s0039,WMT,consumer,moving_average,8,2.0,80,2.330717674122341,25.225580231488987,22.894862557366647,982.3095611950502,False
NVDA_w08_s0023,NVDA,technology,linear_trend,8,2.0,80,9.963771102450416,107.7369200530335,97.77314895058308,981.2865826126564,False
GS_w08_s0025,GS,finance,moving_average,8,2.0,80,5.680690188572032,61.35175143065242,55.67106124208039,980.0052351750336,False
COST_w08_s0039,COST,consumer,moving_average,8,2.0,80,2.6234680265381205,28.32183785928407,25.69836983274595,979.5571957725376,False
COST_w08_s0035,COST,consumer,linear_trend,8,2.0,80,3.652273786850407,39.39922889060596,35.74695510375555,978.7589099277924,False
CVX_w12_s0024,CVX,energy,moving_average,12,2.0,120,4.90930087061686,52.94839018444646,48.0390893138296,978.5321898145024,False
GS_w12_s0007,GS,finance,naive,12,2.0,120,3.9167238745163,42.227386828190575,38.310662953674274,978.1302992263016,False
GS_w12_s0003,GS,finance,moving_average,12,1.0,60,1.936518294401805,20.841069430754327,18.904551136352524,976.2134027343224,False
AAPL_w12_s0022,AAPL,technology,moving_average,12,2.0,120,6.043624545086541,65.02765329211196,58.98402874702542,975.9710965992977,False
TGT_w12_s0021,TGT,consumer,moving_average,12,1.0,60,6.486824486890706,69.7946629743993,63.3078384875086,975.9449884215012,False
XOM_w08_s0034,XOM,energy,moving_average,8,2.0,80,1.7376993369902525,18.675135465836547,16.937436128846294,974.7046435652352,False
AAPL_w12_s0039,AAPL,technology,naive,12,1.0,60,2.139153176811857,22.963207026874908,20.824053850063052,973.4718427737243,False
BAC_w12_s0009,BAC,finance,naive,12,2.0,120,3.7916215261688353,40.67065570104103,36.87903417487219,972.6454478734814,False
WMT_w04_s0026,WMT,consumer,naive,4,2.0,40,1.024110770173461,10.98086931627794,9.956758546104478,972.23453127224,False
JPM_w08_s0008,JPM,finance,linear_trend,8,2.0,80,3.372822101611571,36.10219084356402,32.72936874195245,970.3852665788096,False
MSFT_w04_s0016,MSFT,technology,naive,4,1.0,20,1.4546945160177638,15.568201907962507,14.113507391944744,970.2042068997804,False
BAC_w12_s0010,BAC,finance,naive,12,1.0,60,1.321148110107066,14.138944540177665,12.8177964300706,970.201322017699,False
JPM_w12_s0035,JPM,finance,linear_trend,12,2.0,120,2.271769964847858,24.31165768180004,22.03988771695218,970.1637075049632,False
BAC_w12_s0007,BAC,finance,linear_trend,12,2.0,120,4.6637615855033125,49.84489325720066,45.181131671697344,968.770183538904,False
XOM_w04_s0006,XOM,energy,naive,4,2.0,40,2.49834199097111,26.697406377812676,24.199064386841567,968.6049577798332,False
JPM_w12_s0008,JPM,finance,linear_trend,12,2.0,120,3.0396477826680157,32.464494218916215,29.4248464362482,968.0347375780782,False
CVX_w12_s0033,CVX,energy,naive,12,1.0,60,2.396651140127561,25.592457173499863,23.195806033372303,967.8424049708676,False
MSFT_w12_s0030,MSFT,technology,naive,12,2.0,120,3.0058503244438484,32.08168966557577,29.075839341131925,967.3082889285788,False
CVX_w12_s0029,CVX,energy,moving_average,12,2.0,120,1.735646687817782,18.51936484745414,16.783718159636358,967.0008462804389,False
AAPL_w12_s0036,AAPL,technology,naive,12,2.0,120,2.289465296002665,24.42308655096806,22.13362125496539,966.7594129341034,False
BAC_w12_s0020,BAC,finance,naive,12,1.0,60,2.534229931914462,26.94418063076464,24.40995069885018,963.2097857991084,False
AAPL_w08_s0017,AAPL,technology,naive,8,2.0,80,2.919111612601472,31.035988258909786,28.116876646308313,963.199780540455,False
JPM_w08_s0035,JPM,finance,linear_trend,8,2.0,80,2.5272277143575153,26.854799107114214,24.3275713927567,962.6188908323752,False
BAC_w08_s0019,BAC,finance,linear_trend,8,2.0,80,2.742717805085059,29.141922203538535,26.399204398453477,962.519889924832,False
BAC_w12_s0011,BAC,finance,naive,12,2.0,120,3.065377560826545,32.508055124752694,29.44267756392615,960.4910644673494,False
GS_w12_s0001,GS,finance,naive,12,2.0,120,8.4491956269515,89.4403270998955,80.991131472944,958.56617657894,False
TGT_w12_s0013,TGT,consumer,naive,12,2.0,120,2.8049376054185187,29.65624356603957,26.85130596062105,957.287103597252,False
NVDA_w08_s0012,NVDA,technology,moving_average,8,1.0,40,2.9461401881513876,31.121253595633252,28.175113407481867,956.3398755020168,False
COST_w08_s0031,COST,consumer,moving_average,8,2.0,80,1.7869398632748723,18.87594064928005,17.08900078600518,956.3276939094452,False
JPM_w12_s0001,JPM,finance,naive,12,1.0,60,7.798433640735114,82.34720346173594,74.54876982100083,955.9454277022425,False
GS_w08_s0038,GS,finance,naive,8,2.0,80,2.8227492382394326,29.777090122684243,26.95434088444481,954.8967552376848,False
COST_w04_s0018,COST,consumer,naive,4,2.0,40,4.961936936401261,52.311751377486125,47.34981444108487,954.2607060102264,False
GS_w12_s0008,GS,finance,linear_trend,12,1.0,60,2.5381840760347534,26.73825654017315,24.2000724641384,953.44040224004,False
COST_w12_s0004,COST,consumer,naive,12,2.0,120,3.051196013152271,32.136646705357634,29.085450692205363,953.2475320114364,False
GS_w08_s0019,GS,finance,linear_trend,8,2.0,80,1.6976390002285495,17.845070402550125,16.147431402321576,951.169913046748,False
COST_w04_s0021,COST,consumer,naive,4,1.0,20,2.8988248544431596,30.46356856917335,27.56474371473019,950.8937275903533,False
MSFT_w08_s0013,MSFT,technology,linear_trend,8,2.0,80,2.253949183745111,23.67618246757406,21.422233283828948,950.4310673160008,False
CVX_w12_s0021,CVX,energy,naive,12,2.0,120,5.417298863551162,56.863854493890265,51.446555630339105,949.6717261896592,False
GS_w08_s0035,GS,finance,moving_average,8,1.0,40,1.4907756843165378,15.637192184585045,14.146416500268508,948.92991944352,False
COST_w12_s0004,COST,consumer,moving_average,12,2.0,120,3.096400555702005,32.4655800696334,29.369179513931392,948.4941946495974,False
COST_w04_s0022,COST,consumer,linear_trend,4,2.0,40,2.006627187390589,21.032670479263285,19.026043291872696,948.160346447518,False
CVX_w12_s0001,CVX,energy,naive,12,0.5,30,3.213287398082369,33.67155110503089,30.458263706948525,947.884827392827,False
GS_w04_s0026,GS,finance,moving_average,4,2.0,40,2.1625064616485608,22.631921896572596,20.46941543492403,946.5597351010651,False
XOM_w04_s0004,XOM,energy,naive,4,2.0,40,2.498756804627288,26.12360878180259,23.624851977175304,945.464237793208,False
XOM_w12_s0005,XOM,energy,naive,12,2.0,120,6.4006256003042346,66.9112389600787,60.51061335977447,945.3859222276378,False
COST_w04_s0026,COST,consumer,moving_average,4,2.0,40,3.3697421794955877,35.2259417764003,31.85619959690471,945.3601462671312,False
BAC_w12_s0034,BAC,finance,naive,12,0.5,30,1.982123734506137,20.709624896827048,18.727501162320912,944.8199845599966,False
AAPL_w08_s0028,AAPL,technology,linear_trend,8,1.0,40,0.9467073001217844,9.867290124677265,8.92058282455548,942.2746421632048,False
NVDA_w08_s0030,NVDA,technology,moving_average,8,2.0,80,7.261586518692706,75.65602212834946,68.39443560965675,941.8662909764478,False
TGT_w12_s0012,TGT,consumer,naive,12,1.0,60,2.457370831660416,25.580876216871623,23.123505385211207,940.9855886336428,False
TGT_w08_s0022,TGT,consumer,moving_average,8,2.0,80,2.541303656410122,26.437999343601813,23.89669568719169,940.3321648286797,False
COST_w12_s0015,COST,consumer,moving_average,12,2.0,120,2.6228378226194926,27.274356704892806,24.651518882273315,939.8796475206094,False
COST_w12_s0031,COST,consumer,linear_trend,12,2.0,120,0.8168148610985476,8.49092153578782,7.674106674689272,939.5160445989244,False
AAPL_w08_s0022,AAPL,technology,naive,8,2.0,80,4.471000711854291,46.470220906085714,41.99922019423143,939.3695707288934,False
BAC_w08_s0013,BAC,finance,naive,8,1.0,40,1.6498571446300472,17.13573552508755,15.485878380457503,938.6193484000064,False
GS_w08_s0008,GS,finance,moving_average,8,2.0,80,5.041246528780725,52.3503675247879,47.309120996007174,938.4409337237738,False
COST_w08_s0025,COST,consumer,naive,8,2.0,80,2.97780865163907,30.89297171565088,27.91516306401181,937.43978642303,False
CVX_w04_s0025,CVX,energy,naive,4,2.0,40,3.5403432337475547,36.71611235403501,33.175769120287455,937.07776138897,False
WMT_w04_s0011,WMT,consumer,naive,4,2.0,40,1.084942697519188,11.25024464334679,10.1653019458276,936.9436716862016,False
TGT_w12_s0004,TGT,consumer,moving_average,12,2.0,120,4.444479683666147,46.06806266354067,41.62358297987453,936.5231915187924,False
XOM_w12_s0033,XOM,energy,linear_trend,12,2.0,120,3.141930413206579,32.563913339106485,29.421982925899904,936.430125957899,False
AAPL_w08_s0013,AAPL,technology,naive,8,2.0,80,2.551998633165228,26.4157592172863,23.86376058412107,935.1008372023696,False
BAC_w12_s0000,BAC,finance,naive,12,1.0,60,5.530547360487876,57.246364342854406,51.71581698236653,935.0940080875544,False
JPM_w12_s0011,JPM,finance,moving_average,12,2.0,120,2.107245067626604,21.80502228166743,19.697777214040823,934.7644237804049,False
BAC_w04_s0032,BAC,finance,moving_average,4,2.0,40,2.144430593264491,22.180799307266728,20.036368714002236,934.3444724643964,False
COST_w08_s0041,COST,consumer,moving_average,8,1.0,40,1.4330932065960478,14.821379477219008,13.38828627062296,934.222994638532,False
MSFT_w12_s0039,MSFT,technology,moving_average,12,2.0,120,2.629270314593785,27.173083403411297,24.54381308881751,933.4838244887524,False
NVDA_w08_s0002,NVDA,technology,linear_trend,8,1.0,40,2.426692934814844,25.03577673693792,22.60908380212307,931.6829285551178,False
TGT_w04_s0028,TGT,consumer,moving_average,4,2.0,40,1.8680633532041773,19.26516556226625,17.397102209062073,931.2908033457144,False
NVDA_w08_s0037,NVDA,technology,naive,8,2.0,80,5.234854654633806,53.92655471024608,48.69170005561227,930.144259354196,False
MSFT_w08_s0027,MSFT,technology,linear_trend,8,2.0,80,2.693210080543623,27.579574151151792,24.88636407060817,924.040952111128,False
XOM_w12_s0009,XOM,energy,moving_average,12,0.5,30,2.2062889726971435,22.581018656681255,20.37472968398411,923.4841825400786,False
XOM_w08_s0009,XOM,energy,moving_average,8,2.0,80,3.752766200644832,38.38015499498934,34.627388794344505,922.7163895367244,False
JPM_w12_s0007,JPM,finance,naive,12,2.0,120,4.213894456880129,43.0741133938315,38.86021893695138,922.1925070644172,False
COST_w12_s0034,COST,consumer,linear_trend,12,0.5,30,0.9726130034515992,9.93960243407571,8.96698943062411,921.9483390415456,False
XOM_w08_s0025,XOM,energy,moving_average,8,2.0,80,2.2533208546172423,23.01774907893588,20.764428224318635,921.5033971647044,False
CVX_w12_s0031,CVX,energy,moving_average,12,2.0,120,1.1176102725458423,11.41039247534109,10.292782202795248,920.9634570867868,False
NVDA_w12_s0012,NVDA,technology,naive,12,2.0,120,6.545911178808011,66.7746637752929,60.22875259648488,920.0973088585712,False
GS_w12_s0000,GS,finance,moving_average,12,2.0,120,11.872967607724648,121.0408627493458,109.16789514162116,919.465956182645,False
NVDA_w08_s0039,NVDA,technology,moving_average,8,2.0,80,9.36542156035296,95.41829358056827,86.05287202021532,918.8360765788336,False
JPM_w12_s0025,JPM,finance,naive,12,1.0,60,1.9049391910949696,19.401466346803524,17.496527155708556,918.4821876467068,False
JPM_w08_s0007,JPM,finance,linear_trend,8,2.0,80,4.688750847535729,47.71469572097261,43.02594487343688,917.6419535290526,False
WMT_w04_s0002,WMT,consumer,moving_average,4,2.0,40,4.28901485163412,43.62305533038905,39.33404047875493,917.0879989788006,False
NVDA_w12_s0027,NVDA,technology,linear_trend,12,2.0,120,9.290979550228238,94.40367864284195,85.11269909261371,916.0788551140752,False
BAC_w12_s0021,BAC,finance,naive,12,2.0,120,3.4096970276640612,34.60417779151672,31.194480763852656,914.8754423270148,False
COST_w04_s0026,COST,consumer,naive,4,2.0,40,3.941194462521552,39.964366600883885,36.023172138362334,914.0166130070864,False
TGT_w08_s0010,TGT,consumer,naive,8,2.0,80,1.696347198313371,17.200410388227276,15.504063189913904,913.9675654446888,False
WMT_w12_s0030,WMT,consumer,moving_average,12,2.0,120,1.0091915425774522,10.22648652527633,9.217294982698878,913.3345449128632,False
XOM_w04_s0025,XOM,energy,moving_average,4,2.0,40,3.130568413999637,31.674957968060095,28.54438955406046,911.7957437509548,False
TGT_w12_s0006,TGT,consumer,moving_average,12,2.0,120,1.7732535897440374,17.925446444411712,16.152192854667675,910.878903507489,False
BAC_w12_s0037,BAC,finance,linear_trend,12,1.0,60,0.9920675841678448,10.026990482483397,9.034922898315552,910.7164715893956,False
NVDA_w12_s0038,NVDA,technology,naive,12,2.0,120,7.460995789315032,75.28209318813245,67.82109739881741,909.0086539915316,False
CVX_w08_s0007,CVX,energy,naive,8,1.0,40,3.622261558120675,36.54016797966201,32.91790642154133,908.7666888036658,False
AAPL_w08_s0034,AAPL,technology,naive,8,2.0,80,3.149487297863203,31.76408048319747,28.614593185334268,908.5476612256252,False
BAC_w08_s0025,BAC,finance,naive,8,1.0,40,2.4236067397107393,24.438328838421,22.014722098710266,908.345472802974,False
BAC_w04_s0014,BAC,finance,moving_average,4,2.0,40,2.056761675747997,20.72220972696714,18.665448051219144,907.5163287662364,False
GS_w04_s0043,GS,finance,naive,4,2.0,40,2.099469947861388,21.13030850946209,19.030838561600703,906.4592032377672,False
GS_w08_s0034,GS,finance,linear_trend,8,2.0,80,2.9300823358605532,29.431878592642967,26.501796256782413,904.4727491932044,False
COST_w12_s0035,COST,consumer,naive,12,1.0,60,1.9994418918871797,20.081291855904364,18.081849964017184,904.3448593022412,False
NVDA_w08_s0006,NVDA,technology,naive,8,2.0,80,2.323173748550932,23.31043229235212,20.98725854380119,903.3873836122624,False
WMT_w08_s0036,WMT,consumer,linear_trend,8,2.0,80,2.481828930818389,24.89813625819624,22.41630732737785,903.217262439842,False
TGT_w12_s0020,TGT,consumer,naive,12,0.5,30,4.098343949442987,41.08802719369929,36.989683244256305,902.5519502647804,False
BAC_w04_s0026,BAC,finance,naive,4,2.0,40,5.442884706029994,54.550269473899704,49.10738476786971,902.230846695416,False
NVDA_w12_s0005,NVDA,technology,moving_average,12,2.0,120,5.723839883583899,57.224819789310466,51.50097990572657,899.7627633406122,False
TGT_w12_s0032,TGT,consumer,naive,12,2.0,120,6.283126705133866,62.808362006388855,56.52523530125499,899.6354514873767,False
BAC_w08_s0010,BAC,finance,naive,8,2.0,80,3.046190604998674,30.44843046864773,27.402239863649054,899.5576251427965,False
MSFT_w04_s0016,MSFT,technology,moving_average,4,1.0,20,1.374992530992596,13.739243423918088,12.364250892925492,899.2231313431091,False
AAPL_w08_s0022,AAPL,technology,moving_average,8,2.0,80,4.5169401030486505,45.096338961632306,40.57939885858366,898.3824875427309,False
CVX_w12_s0031,CVX,energy,naive,12,2.0,120,1.159446786802642,11.569752612731826,10.410305825929184,897.868357946573,False
AAPL_w12_s0036,AAPL,technology,moving_average,12,2.0,120,2.4666602064315386,24.60234773268701,22.135687526255474,897.3950878414125,False
GS_w08_s0031,GS,finance,naive,8,2.0,80,3.3330045150111327,33.22277740640644,29.88977289139531,896.7816502131404,False
GS_w12_s0028,GS,finance,moving_average,12,2.0,120,2.0827127128978873,20.7517072307543,18.66899451785641,896.378766127584,False
BAC_w04_s0006,BAC,finance,naive,4,2.0,40,2.579305370169947,25.665840626496184,23.086535256326236,895.0679327591637,False
MSFT_w12_s0015,MSFT,technology,naive,12,1.0,60,2.198410199305486,21.87198745380912,19.67357725450363,894.9001992766792,False
NVDA_w12_s0036,NVDA,technology,moving_average,12,1.0,60,6.573847328403073,65.37781762473215,58.80397029632907,894.5137810283434,False
WMT_w12_s0025,WMT,consumer,moving_average,12,1.0,60,1.2110907834871472,12.03834438670361,10.827253603216462,894.0084220640399,False
JPM_w04_s0029,JPM,finance,naive,4,2.0,40,2.644926357294637,26.267699487114733,23.622773129820096,893.1353821882077,False
GS_w12_s0018,GS,finance,linear_trend,12,2.0,120,3.989265347561368,39.58542293327379,35.59615758571242,892.298568393609,False
GS_w08_s0008,GS,finance,naive,8,2.0,80,5.0309018364205,49.89691700729416,44.86601517087366,891.8085987302019,False
CVX_w12_s0015,CVX,energy,naive,12,0.5,30,1.6889948650236095,16.747218164157466,15.058223299133855,891.5493830659673,False
XOM_w12_s0029,XOM,energy,moving_average,12,2.0,120,1.5627206741010895,15.485331375722982,13.922610701621892,890.9212588251241,False
CVX_w12_s0001,CVX,energy,moving_average,12,1.0,60,3.879860786853521,38.39503576613902,34.5151749792855,889.5982839445259,False
XOM_w12_s0018,XOM,energy,linear_trend,12,2.0,120,4.608785502205125,45.59588632451006,40.98710082230494,889.3254156153331,False
JPM_w12_s0002,JPM,finance,moving_average,12,2.0,120,3.3221010833360007,32.84025053520234,29.518149451866336,888.5385697603361,False
MSFT_w08_s0030,MSFT,technology,moving_average,8,2.0,80,2.2798381162775936,22.49381919169785,20.213981075420257,886.6410703065462,False
GS_w12_s0007,GS,finance,linear_trend,12,2.0,120,4.794004861107016,47.26970183048351,42.4756969693765,886.0169774539643,False
AAPL_w08_s0003,AAPL,technology,linear_trend,8,2.0,80,3.427485769374119,33.75049592904738,30.323010159673263,884.7012708446764,False
JPM_w08_s0031,JPM,finance,naive,8,2.0,80,3.9275492658407622,38.65866419538723,34.73111492954647,884.2948255701041,False
TGT_w12_s0006,TGT,consumer,linear_trend,12,2.0,120,2.1647418409611774,21.298066562454135,19.13332472149296,883.8617316602277,False
TGT_w08_s0027,TGT,consumer,moving_average,8,2.0,80,2.7198458824996186,26.725362436994853,24.00551655449523,882.6057648690542,False
CVX_w08_s0007,CVX,energy,moving_average,8,1.0,40,3.4514000039183204,33.83765117523199,30.38625117131367,880.4036372723137,False
GS_w12_s0035,GS,finance,linear_trend,12,2.0,120,2.66821997806357,26.159129618494507,23.49090964043094,880.3962879207284,False
XOM_w08_s0033,XOM,energy,naive,8,2.0,80,1.9582685472108337,19.17278392544251,17.214515378231674,879.0681647187945,False
NVDA_w12_s0017,NVDA,technology,moving_average,12,2.0,120,8.556355225180056,83.7677829888188,75.21142776363874,879.0124507956718,False
XOM_w12_s0001,XOM,energy,naive,12,2.0,120,7.232988696310374,70.72273382469322,63.48974512838285,877.7802343417134,False
GS_w04_s0002,GS,finance,moving_average,4,2.0,40,3.7160177202712625,36.29959666945388,32.583578949182616,876.8413232110227,False
COST_w08_s0004,COST,consumer,naive,8,1.0,40,1.2431813933059708,12.142487360861525,10.899305967555554,876.7269222531733,False
MSFT_w04_s0018,MSFT,technology,moving_average,4,2.0,40,2.555556520152984,24.94480604371694,22.38924952356396,876.100737628126,False
TGT_w08_s0021,TGT,consumer,naive,8,1.0,40,7.898202856629445,77.0668320546624,69.16862919803296,875.7514899731335,False
JPM_w12_s0011,JPM,finance,naive,12,1.0,60,1.644094245697023,16.041875761187235,14.397781515490212,875.7272615710782,False
COST_w04_s0021,COST,consumer,naive,4,0.5,10,2.8988248544431596,28.271551142791413,25.372726288348257,875.2762778840652,False
COST_w12_s0006,COST,consumer,naive,12,1.0,60,1.221366058721348,11.906676387661564,10.685310328940217,874.8655042966154,False
GS_w04_s0025,GS,finance,naive,4,2.0,40,3.631895969526268,35.391941066921035,31.76004509739477,874.4756282635882,False
AAPL_w08_s0020,AAPL,technology,linear_trend,8,2.0,80,5.242602180569611,51.05313461036198,45.81053242979237,873.8128671974695,False
XOM_w12_s0033,XOM,energy,naive,12,2.0,120,2.757649799493748,26.841181666279525,24.083531866785776,873.335398541434,False
COST_w08_s0016,COST,consumer,moving_average,8,2.0,80,3.942363351618161,38.36540893737105,34.42304558575289,873.1576091692256,False
BAC_w04_s0026,BAC,finance,moving_average,4,2.0,40,5.2895261911650575,51.46436185757053,46.17483566640547,872.948426714097,False
COST_w04_s0013,COST,consumer,linear_trend,4,1.0,20,0.7136106701368541,6.942068571434616,6.228457901297762,872.8089646001631,False
BAC_w08_s0010,BAC,finance,moving_average,8,2.0,80,3.1245639391408373,30.376999396475057,27.25243545733422,872.1996409146241,False
AAPL_w12_s0039,AAPL,technology,moving_average,12,1.0,60,2.5825562575214076,25.08154830444277,22.49899204692136,871.1907816681844,False
BAC_w12_s0000,BAC,finance,moving_average,12,1.0,60,7.630874503072474,74.09075118591451,66.45987668284204,870.9339493931243,False
COST_w04_s0024,COST,consumer,moving_average,4,2.0,40,2.5345696110000984,24.60792926167632,22.07335965067622,870.8918293219197,False
XOM_w12_s0002,XOM,energy,moving_average,12,2.0,120,6.737714236480143,65.27248159390068,58.534767357420534,868.7629855314219,False
WMT_w04_s0011,WMT,consumer,moving_average,4,2.0,40,1.0736810583169674,10.395027772158768,9.3213467138418,868.1671937524294,False
CVX_w08_s0001,CVX,energy,naive,8,0.5,20,4.7074362256641615,45.51930892713064,40.81187270146648,866.9660244990025,False
AAPL_w04_s0013,AAPL,technology,moving_average,4,2.0,40,2.1839282042245447,21.105211825500906,18.92128362127636,866.3876213822151,False
GS_w08_s0025,GS,finance,naive,8,0.5,20,3.0704344129473005,29.658745568195773,26.588311155248473,865.9462336382048,False
AAPL_w12_s0016,AAPL,technology,naive,12,1.0,60,3.061170447709569,29.538703690279984,26.477533242570416,864.9480221652293,False
WMT_w12_s0022,WMT,consumer,moving_average,12,1.0,60,1.468850206779828,14.170670359286683,12.701820152506857,864.7457782882542,False
JPM_w12_s0009,JPM,finance,naive,12,0.5,30,1.6862279541531384,16.26193965782821,14.575711703675072,864.397465821596,False
CVX_w12_s0007,CVX,energy,moving_average,12,2.0,120,5.482901354805602,52.83242719908083,47.349525844275234,863.5852221338027,False
TGT_w12_s0010,TGT,consumer,linear_trend,12,2.0,120,3.043207915141882,29.31657075264168,26.2733628374998,863.3443251370772,False
MSFT_w08_s0016,MSFT,technology,naive,8,2.0,80,3.4230473114807527,32.917032795539406,29.493985484058655,861.6295014426795,False
MSFT_w08_s0002,MSFT,technology,naive,8,2.0,80,3.641889517420884,34.97754252540983,31.335653007988945,860.4229441364342,False
TGT_w04_s0033,TGT,consumer,moving_average,4,1.0,20,1.6795568487979144,16.12737372252727,14.447816873729357,860.2160078159835,False
GS_w08_s0028,GS,finance,moving_average,8,1.0,40,2.6999746026515132,25.88306645228682,23.183091849635307,858.6411082114745,False
GS_w04_s0014,GS,finance,moving_average,4,2.0,40,2.384341043735957,22.846850605109093,20.462509561373135,858.2039727551308,False
TGT_w08_s0022,TGT,consumer,naive,8,2.0,80,2.6985261791179793,25.85652974458667,23.15800356546869,858.1722773220583,False
TGT_w12_s0032,TGT,consumer,moving_average,12,2.0,120,6.304337006950475,60.3666728991853,54.06233589223483,857.5419720207151,False
TGT_w12_s0014,TGT,consumer,naive,12,2.0,120,4.01012915371529,38.38527207941981,34.37514292570452,857.2078755582414,False
COST_w04_s0014,COST,consumer,moving_average,4,2.0,40,1.4909389868024672,14.26717927951418,12.776240292711712,856.9257632810444,False
NVDA_w12_s0004,NVDA,technology,linear_trend,12,2.0,120,8.034216428429623,76.7416399493929,68.70742352096329,855.1851214492726,False
BAC_w08_s0021,BAC,finance,moving_average,8,2.0,80,3.4064869507787408,32.51243523985978,29.10594828908103,854.4271183081227,False
COST_w04_s0004,COST,consumer,linear_trend,4,2.0,40,1.7084076595535462,16.276349453389084,14.567941793835535,852.7204682307816,False
NVDA_w12_s0012,NVDA,technology,moving_average,12,2.0,120,6.844860296538599,65.1875158331258,58.3426555365872,852.3571411105454,False
JPM_w12_s0031,JPM,finance,moving_average,12,2.0,120,1.4461667032559298,13.769409586783832,12.323242883527902,852.1315596454473,False
GS_w08_s0035,GS,finance,naive,8,0.5,20,1.0162405322382302,9.67354915045667,8.65730861821844,851.8956234850283,False
TGT_w12_s0004,TGT,consumer,naive,12,2.0,120,5.119061063776024,48.70806614698448,43.589005083208455,851.5039094113768,False
NVDA_w04_s0011,NVDA,technology,moving_average,4,2.0,40,5.669925943445238,53.94933985514962,48.27941391170438,851.4999030546101,False
COST_w08_s0001,COST,consumer,moving_average,8,2.0,80,2.5610439902521027,24.345859935640647,21.784815945388544,850.6224816249292,False
BAC_w12_s0009,BAC,finance,linear_trend,12,1.0,60,2.2888486805584254,21.75307179610106,19.464223115542637,850.3936184542276,False
JPM_w08_s0021,JPM,finance,naive,8,1.0,40,1.1857468927012849,11.266570320708928,10.080823428007642,850.1665481949711,False
NVDA_w12_s0027,NVDA,technology,naive,12,0.5,30,2.3648564082417667,22.437832079689223,20.072975671447455,848.8031493790102,False
COST_w12_s0038,COST,consumer,moving_average,12,1.0,60,2.325440758831922,22.048680221687615,19.723239462855695,848.1505877089191,False
WMT_w08_s0036,WMT,consumer,moving_average,8,2.0,80,2.138770425057485,20.2527723504004,18.114001925342915,846.9353097986689,False
BAC_w04_s0001,BAC,finance,moving_average,4,2.0,40,12.026846776920426,113.87047957582604,101.84363279890562,846.8024469584498,False
BAC_w08_s0011,BAC,finance,moving_average,8,2.0,80,2.191401311247929,20.734205429588233,18.542804118340303,846.1619523162922,False
GS_w12_s0003,GS,finance,naive,12,0.5,30,2.290980098429894,21.654342262055113,19.36336216362522,845.1999289254305,False
MSFT_w12_s0004,MSFT,technology,naive,12,2.0,120,3.5744601803298983,33.77262798714767,30.198167806817775,844.8315629027567,False
WMT_w04_s0029,WMT,consumer,naive,4,2.0,40,1.2475237971210542,11.786882805157632,10.539359008036577,844.8222817359117,False
AAPL_w08_s0005,AAPL,technology,moving_average,8,1.0,40,3.2264516872881464,30.47165440663777,27.245202719349624,844.432378352127,False
COST_w12_s0020,COST,consumer,moving_average,12,2.0,120,8.230653460899008,77.70993997943823,69.47928651853923,844.1527376727901,False
WMT_w12_s0028,WMT,consumer,moving_average,12,2.0,120,1.884031901838684,17.781345419724676,15.897313517885992,843.7921620314031,False
NVDA_w04_s0030,NVDA,technology,naive,4,2.0,40,5.385336287823353,50.7593224163608,45.37398612853745,842.5469404971315,False
WMT_w12_s0021,WMT,consumer,moving_average,12,2.0,120,3.804097643896561,35.848757369425186,32.044659725528625,842.372166154628,False
WMT_w04_s0029,WMT,consumer,moving_average,4,2.0,40,1.210578540041788,11.407924037178152,10.197345497136364,842.3530700275226,False
MSFT_w08_s0030,MSFT,technology,naive,8,2.0,80,2.3760862661584254,22.3525033306268,19.976417064468375,840.7277693989436,False
JPM_w12_s0019,JPM,finance,naive,12,2.0,120,4.467736126104447,41.94208161083506,37.47434548473061,838.7770545751907,False
TGT_w12_s0002,TGT,consumer,naive,12,0.5,30,1.7973440406810093,16.85676519543108,15.059421154750073,837.8708145961913,False
AAPL_w08_s0030,AAPL,technology,naive,8,2.0,80,2.371567389479538,22.212499513549545,19.840932124070008,836.6168388082061,False
BAC_w04_s0005,BAC,finance,naive,4,2.0,40,2.63208472697107,24.62693472770457,21.9948500007335,835.6436924446791,False
NVDA_w04_s0010,NVDA,technology,naive,4,2.0,40,7.157750075678517,66.91069842260558,59.75294834692706,834.8007085349764,False
NVDA_w04_s0013,NVDA,technology,moving_average,4,2.0,40,3.704575582843539,34.60657716946821,30.90200158662467,834.1576759760715,False
XOM_w08_s0003,XOM,energy,naive,8,1.0,40,2.2205682024658246,20.71869277060436,18.498124568138536,833.0356414001308,False
MSFT_w08_s0040,MSFT,technology,naive,8,2.0,80,3.1859371593274335,29.71085218707932,26.524915027751884,832.5624047572683,False
JPM_w04_s0029,JPM,finance,moving_average,4,2.0,40,2.7847516436457416,25.963355278144167,23.178603634498423,832.340064773369,False
JPM_w12_s0034,JPM,finance,moving_average,12,1.0,60,1.9056582802846789,17.764122717524348,15.858464437239668,832.1777624722222,False
CVX_w12_s0027,CVX,energy,naive,12,2.0,120,3.9906425545500066,37.15035585952217,33.159713304972165,830.93669382051,False
COST_w08_s0039,COST,consumer,naive,8,2.0,80,3.0739800744208208,28.59117161737305,25.51719154295223,830.1026982993704,False
XOM_w08_s0015,XOM,energy,moving_average,8,1.0,40,2.1395154545551613,19.88640764086295,17.746892186307786,829.4818412516511,False
COST_w12_s0006,COST,consumer,moving_average,12,1.0,60,1.2284734219940332,11.407812829747153,10.17933940775312,828.6169831196039,False
BAC_w08_s0001,BAC,finance,moving_average,8,0.5,20,5.46167570653721,50.66934960876398,45.20767390222677,827.7253416587263,False
AAPL_w04_s0002,AAPL,technology,linear_trend,4,2.0,40,3.313901814198835,30.71121116188707,27.397309347688235,826.7387171913473,False
XOM_w04_s0034,XOM,energy,naive,4,2.0,40,1.7300430594216831,16.031605322691846,14.301562263270162,826.6593241934032,False
NVDA_w04_s0004,NVDA,technology,linear_trend,4,2.0,40,2.9257767149771383,27.044833766022855,24.119057051045715,824.3642424105552,False
NVDA_w12_s0039,NVDA,technology,moving_average,12,2.0,120,7.89441291043541,72.95495115320561,65.0605382427702,824.1339664000657,False
XOM_w12_s0036,XOM,energy,linear_trend,12,2.0,120,3.183202231507703,29.395238743017956,26.212036511510252,823.4486722854266,False
COST_w08_s0022,COST,consumer,naive,8,1.0,40,2.557325932248278,23.60576556718593,21.04843963493765,823.0644115211734,False
XOM_w12_s0037,XOM,energy,moving_average,12,1.0,60,2.6102217615123955,24.084234311645687,21.474012550133292,822.6892008474781,False
MSFT_w08_s0034,MSFT,technology,moving_average,8,1.0,40,1.9298954302054,17.798997580366827,15.869102150161426,822.2778240618179,False
WMT_w12_s0009,WMT,consumer,moving_average,12,2.0,120,3.5210549265865274,32.46205800584137,28.941003079254845,821.9412557506333,False
JPM_w08_s0029,JPM,finance,moving_average,8,2.0,80,2.073858667034571,19.11895803625191,17.04509936921734,821.9026513311188,False
COST_w12_s0039,COST,consumer,linear_trend,12,2.0,120,1.9956967724299912,18.39540710372363,16.39971033129364,821.7536129662174,False
TGT_w12_s0012,TGT,consumer,moving_average,12,1.0,60,2.5559742042611484,23.558940484005667,21.00296627974452,821.7205887574995,False
COST_w12_s0035,COST,consumer,linear_trend,12,2.0,120,5.218214498381809,48.053467365901966,42.835252867520154,820.8794958659432,False
TGT_w08_s0034,TGT,consumer,linear_trend,8,2.0,80,6.032484328055198,55.48325942526743,49.45077509721223,819.7414598697278,False
WMT_w12_s0001,WMT,consumer,moving_average,12,1.0,60,1.52308177683556,14.00762760243184,12.48454582559628,819.6897904940383,False
CVX_w08_s0010,CVX,energy,moving_average,8,2.0,80,2.554320066476114,23.48968861145073,20.935368544974615,819.606314014383,False
BAC_w08_s0021,BAC,finance,naive,8,2.0,80,3.650535487034686,33.558861931835935,29.908326444801247,819.2860075192872,False
COST_w08_s0036,COST,consumer,moving_average,8,2.0,80,2.8661702711779,26.34319187298321,23.47702160180531,819.1077075179152,False
NVDA_w12_s0015,NVDA,technology,moving_average,12,2.0,120,7.632805015784423,70.10787569970411,62.47507068391969,818.5073581039085,False
JPM_w08_s0037,JPM,finance,naive,8,2.0,80,3.0614382199007464,28.10559920362885,25.0441609837281,818.0521436274499,False
CVX_w12_s0002,CVX,energy,naive,12,0.5,30,3.535574749125318,32.43675997661333,28.901185227488018,817.4395191231074,False
AAPL_w12_s0034,AAPL,technology,naive,12,1.0,60,1.9029138302141289,17.448487508866588,15.54557367865246,816.9352406726249,False
WMT_w08_s0021,WMT,consumer,moving_average,8,1.0,40,3.741785440431843,34.303004312944346,30.5612188725125,816.7549785801027,False
JPM_w12_s0000,JPM,finance,linear_trend,12,2.0,120,14.924881476471988,136.55346775801345,121.62858628154146,814.9383730335163,False
XOM_w08_s0015,XOM,energy,naive,8,1.0,40,2.1197872502610617,19.394510397461747,17.274723147200685,814.927212392339,False
AAPL_w04_s0005,AAPL,technology,naive,4,2.0,40,5.253620708067618,48.05007750626918,42.79645679820157,814.6088036481592,False
COST_w08_s0025,COST,consumer,naive,8,1.0,40,2.97780865163907,27.223757227700833,24.245948576061764,814.2211744437008,False
TGT_w08_s0035,TGT,consumer,linear_trend,8,2.0,80,1.6214689251636851,14.81916505646753,13.197696131303845,813.9345704680437,False
MSFT_w12_s0029,MSFT,technology,linear_trend,12,2.0,120,4.968524504406746,45.40497601578294,40.4364515113762,813.8523111944359,False
TGT_w04_s0021,TGT,consumer,naive,4,1.0,20,9.305599533252895,84.99737041450308,75.69177088125019,813.400260894218,False
COST_w04_s0024,COST,consumer,naive,4,2.0,40,2.5295032556984,23.09246509297875,20.562961837280348,812.9249010040464,False
AAPL_w12_s0012,AAPL,technology,moving_average,12,1.0,60,1.694887410039789,15.47136042875742,13.776473018717631,812.8252612599333,False
BAC_w08_s0034,BAC,finance,linear_trend,8,2.0,80,3.788775743742983,34.57008094274656,30.781305199003576,812.434075831427,False
BAC_w08_s0020,BAC,finance,naive,8,2.0,80,5.558090416705471,50.70759811295299,45.14950769624752,812.3204969920165,False
GS_w04_s0010,GS,finance,naive,4,2.0,40,2.7591678984613894,25.146369225606968,22.38720132714558,811.3751011538473,False
MSFT_w12_s0017,MSFT,technology,naive,12,2.0,120,3.0261136744165693,27.5668370551312,24.54072338071463,810.9650205207856,False
XOM_w12_s0034,XOM,energy,moving_average,12,2.0,120,2.1003242347896816,19.130177864289635,17.029853629499954,810.8202222979758,False
COST_w12_s0020,COST,consumer,naive,12,2.0,120,9.050971104400672,82.36149489969738,73.3105237952967,809.9741226624003,False
CVX_w12_s0029,CVX,energy,naive,12,2.0,120,2.036838455729495,18.527879574005222,16.491041118275728,809.639128321026,False
AAPL_w08_s0029,AAPL,technology,linear_trend,8,2.0,80,1.703468113120996,15.4800444569714,13.776576343850405,808.736966529403,False
MSFT_w12_s0020,MSFT,technology,moving_average,12,2.0,120,4.869434994216439,44.22993163320372,39.36049663898728,808.3175293588848,False
GS_w12_s0039,GS,finance,linear_trend,12,2.0,120,2.407384988883345,21.846003043248555,19.43861805436521,807.4578077095067,False
MSFT_w12_s0017,MSFT,technology,moving_average,12,2.0,120,3.0964204921200302,28.0972853138568,25.00086482173677,807.4118126191379,False
WMT_w12_s0028,WMT,consumer,naive,12,2.0,120,2.1413271117035664,19.410847623673963,17.269520511970395,806.4868005258363,False
MSFT_w04_s0004,MSFT,technology,naive,4,2.0,40,2.8979146154827697,26.2611121716741,23.36319755619133,806.2072440425995,False
TGT_w12_s0017,TGT,consumer,moving_average,12,2.0,120,4.187574490767691,37.9327762295042,33.74520173873651,805.8412289294021,False
JPM_w12_s0002,JPM,finance,naive,12,2.0,120,2.9629521117913606,26.824071874316452,23.861119762525092,805.3157412692365,False
BAC_w12_s0014,BAC,finance,naive,12,2.0,120,1.834937059317952,16.59639569287035,14.761458633552396,804.4667558809481,False
JPM_w12_s0018,JPM,finance,linear_trend,12,1.0,60,2.8436080023573345,25.692027283851637,22.8484192814943,803.5010192175959,False
AAPL_w04_s0018,AAPL,technology,naive,4,2.0,40,3.079749131291527,27.818291610478912,24.738542479187384,803.2648577714835,False
AAPL_w08_s0001,AAPL,technology,naive,8,2.0,80,8.743778290972985,78.97752402688444,70.23374573591146,803.2425274142674,False
MSFT_w12_s0027,MSFT,technology,linear_trend,12,2.0,120,2.9613298823932235,26.74086921296176,23.779539330568536,803.0020387782972,False
WMT_w12_s0004,WMT,consumer,moving_average,12,2.0,120,3.635415340173507,32.82400302737588,29.18858768720237,802.8955416634539,False
COST_w12_s0015,COST,consumer,linear_trend,12,1.0,60,1.7015727604950108,15.363297842754385,13.661725082259371,802.8880926775644,False
AAPL_w08_s0024,AAPL,technology,moving_average,8,2.0,80,2.792956346394293,25.206673493841837,22.413717147447542,802.5086813971745,False
JPM_w12_s0019,JPM,finance,moving_average,12,2.0,120,4.460604131996323,40.24088579376611,35.78028166176979,802.1398134193201,False
AAPL_w08_s0030,AAPL,technology,moving_average,8,2.0,80,2.4381612750989565,21.955854378955912,19.517693103856956,800.5086990426751,False
NVDA_w12_s0038,NVDA,technology,moving_average,12,2.0,120,8.184458757533653,73.65481948829951,65.47036073076586,799.9351291311906,False
COST_w08_s0041,COST,consumer,naive,8,1.0,40,1.9506962248235595,17.551119342361694,15.600423117538137,799.7361618387913,False
TGT_w12_s0036,TGT,consumer,moving_average,12,2.0,120,5.736203006752163,51.56089614442515,45.82469313767299,798.8680505855897,False
MSFT_w12_s0033,MSFT,technology,moving_average,12,1.0,60,1.4334163797511892,12.85716313429203,11.42374675454084,796.959412206784,False
CVX_w12_s0000,CVX,energy,naive,12,2.0,120,17.910078746450278,160.61154859915965,142.70146985270938,796.7662893776632,False
AAPL_w08_s0032,AAPL,technology,naive,8,2.0,80,1.7929774959314435,16.07158442381401,14.278606927882564,796.3628634649926,False
XOM_w12_s0009,XOM,energy,naive,12,1.0,60,2.607475326045817,23.368231036394967,20.76075571034915,796.2014253010176,False
NVDA_w12_s0038,NVDA,technology,linear_trend,12,2.0,120,9.619967604121664,86.15207279091682,76.53210518679515,795.5547080429362,False
CVX_w08_s0013,CVX,energy,naive,8,2.0,80,1.9657695129310135,17.603271347889667,15.637501834958654,795.4900985132653,False
CVX_w12_s0033,CVX,energy,moving_average,12,1.0,60,2.532920598836434,22.676887443770017,20.143966844933583,795.2861552070469,False
CVX_w04_s0019,CVX,energy,naive,4,1.0,20,3.125233667074966,27.968616935519577,24.84338326844461,794.9288250083569,False
AAPL_w08_s0020,AAPL,technology,moving_average,8,2.0,80,4.512117332532276,40.32121679211745,35.80909945958517,793.6207509809701,False
NVDA_w12_s0012,NVDA,technology,linear_trend,12,2.0,120,8.509329690239698,76.02047938009608,67.51114968985638,793.377999765275,False
TGT_w08_s0038,TGT,consumer,linear_trend,8,2.0,80,2.699240504573205,24.11143594154034,21.412195436967135,793.2674172860621,False
COST_w08_s0031,COST,consumer,naive,8,2.0,80,2.071111917810921,18.49942295031281,16.428311032501888,793.2121335995173,False
NVDA_w08_s0042,NVDA,technology,moving_average,8,1.0,40,3.012720779712965,26.829173532686784,23.81645275297382,790.5297070126398,False
XOM_w04_s0025,XOM,energy,naive,4,2.0,40,3.851632983201235,34.29615499612197,30.444522012920736,790.4315428210183,False
TGT_w12_s0029,TGT,consumer,linear_trend,12,2.0,120,7.040657345005406,62.65709615120249,55.61643880619708,789.9324747802278,False
GS_w08_s0026,GS,finance,moving_average,8,2.0,80,2.565270779186417,22.812420898963268,20.24715011977685,789.2792559777371,False
COST_w12_s0038,COST,consumer,naive,12,1.0,60,2.4720448667075376,21.97322242373425,19.50117755702671,788.8682693287806,False
XOM_w12_s0033,XOM,energy,moving_average,12,2.0,120,3.034554593839118,26.957496997073463,23.922942403234345,788.3510302238003,False
NVDA_w12_s0002,NVDA,technology,naive,12,2.0,120,6.649839109512905,59.05735216107087,52.40751305155796,788.1019704158944,False
XOM_w08_s0003,XOM,energy,moving_average,8,2.0,80,3.2909141465475447,29.133780536369574,25.842866389822028,785.2792640286117,False
CVX_w12_s0031,CVX,energy,linear_trend,12,2.0,120,1.558598079946122,13.793301913503864,12.234703833557742,784.981323342877,False
TGT_w12_s0021,TGT,consumer,naive,12,0.5,30,4.566431353985622,40.39606885400352,35.8296375000179,784.6310329125057,False
CVX_w12_s0010,CVX,energy,linear_trend,12,2.0,120,1.3742093085564744,12.143618507338031,10.769409198781556,783.6804140188938,False
WMT_w04_s0026,WMT,consumer,moving_average,4,2.0,40,1.3548679805549415,11.961548434934176,10.606680454379235,782.8571201479599,False
COST_w04_s0041,COST,consumer,naive,4,2.0,40,1.951703924720588,17.22465018309291,15.27294625837232,782.5442202028078,False
JPM_w12_s0024,JPM,finance,linear_trend,12,2.0,120,5.125172632744718,45.23084599944697,40.10567336670225,782.5233653685572,False
TGT_w08_s0037,TGT,consumer,naive,8,2.0,80,5.660426064460262,49.93957003317587,44.27914396871561,782.2581456673041,False
CVX_w08_s0010,CVX,energy,naive,8,2.0,80,2.707487382879706,23.88337929334962,21.175891910469915,782.1233828963243,False
TGT_w08_s0005,TGT,consumer,linear_trend,8,2.0,80,5.448927553516414,47.96111427495516,42.512186721438745,780.1936491888923,False
WMT_w12_s0039,WMT,consumer,linear_trend,12,2.0,120,3.360365789963969,29.568694018850977,26.20832822888701,779.924861369572,False
WMT_w04_s0010,WMT,consumer,naive,4,2.0,40,3.7035370972567874,32.585938056197776,28.882400958940988,779.8599069072159,False
XOM_w08_s0013,XOM,energy,moving_average,8,2.0,80,3.0146986488610565,26.50422655667733,23.48952790781627,779.1666976959884,False
COST_w04_s0036,COST,consumer,linear_trend,4,2.0,40,1.40698733194243,12.367961654019872,10.960974322077442,779.0385935419307,False
COST_w08_s0013,COST,consumer,linear_trend,8,1.0,40,1.6551044442635228,14.548725443291612,12.893620999028087,779.0215924871983,False
NVDA_w08_s0030,NVDA,technology,naive,8,1.0,40,5.1804350576683715,45.53103987086315,40.35060481319478,778.9037863425301,False
TGT_w08_s0001,TGT,consumer,naive,8,2.0,80,6.749145925888154,59.30824365845769,52.55909773256954,778.7518348205373,False
CVX_w08_s0036,CVX,energy,linear_trend,8,2.0,80,1.9865983951490969,17.455457142992227,15.46885874784313,778.6605881498346,False
WMT_w08_s0022,WMT,consumer,linear_trend,8,2.0,80,2.0089172087411353,17.64947718764911,15.640559978907977,778.5567225395492,False
JPM_w04_s0040,JPM,finance,naive,4,2.0,40,1.994977233542839,17.505609932845797,15.510632699302958,777.4841957348027,False
NVDA_w08_s0016,NVDA,technology,naive,8,2.0,80,12.809013285708348,112.16833303791012,99.35931975220176,775.6984674460592,False
NVDA_w12_s0006,NVDA,technology,moving_average,12,2.0,120,1.4455745303599987,12.657882838600438,11.21230830824044,775.6299016591128,False
COST_w12_s0011,COST,consumer,linear_trend,12,2.0,120,1.8477885707671025,16.173892318667473,14.32610374790037,775.3107673976434,False
WMT_w12_s0020,WMT,consumer,moving_average,12,1.0,60,4.429909285942926,38.72706025384301,34.29715096790008,774.2179072770737,False
WMT_w12_s0040,WMT,consumer,linear_trend,12,2.0,120,2.4938752805110576,21.79550408933513,19.30162880882407,773.961270624114,False
TGT_w08_s0008,TGT,consumer,naive,8,1.0,40,1.7015458314169434,14.86569113613232,13.164145304715376,773.6579915542493,False
XOM_w04_s0006,XOM,energy,moving_average,4,2.0,40,3.1165190152112032,27.208481238060607,24.091962222849403,773.0407581426779,False
GS_w08_s0022,GS,finance,naive,8,1.0,40,2.2662892508883417,19.76910433105184,17.502815080163497,772.3116135022364,False
CVX_w04_s0034,CVX,energy,moving_average,4,0.5,10,1.4629397447702557,12.74493772559451,11.281997980824254,771.186784770552,False
COST_w12_s0035,COST,consumer,moving_average,12,1.0,60,2.3827074213030026,20.751304697575097,18.368597276272094,770.9128326895914,False
CVX_w12_s0036,CVX,energy,naive,12,2.0,120,1.7738545120915603,15.446322068378215,13.672467556286657,770.7772798212962,False
AAPL_w04_s0005,AAPL,technology,moving_average,4,2.0,40,5.230856519261915,45.51717132397343,40.28631480471152,770.1666955758136,False
WMT_w12_s0038,WMT,consumer,moving_average,12,2.0,120,2.872120112986903,24.987319785666234,22.11519967267933,769.9956409441494,False
COST_w08_s0027,COST,consumer,naive,8,2.0,80,2.1279388898131764,18.509067678482474,16.381128788669297,769.8119935252223,False
CVX_w08_s0015,CVX,energy,linear_trend,8,2.0,80,4.69191710812373,40.77946691892716,36.08754981080343,769.1429532785295,False
TGT_w08_s0037,TGT,consumer,moving_average,8,2.0,80,5.586418400039112,48.44481649113233,42.858398091093214,767.1891903190271,False
AAPL_w12_s0002,AAPL,technology,naive,12,2.0,120,5.742118340555095,49.74646220031841,44.00434385976332,766.343381482963,False
MSFT_w12_s0013,MSFT,technology,naive,12,1.0,60,2.1344162673158,18.47661115429782,16.34219488698202,765.6517211393653,False
COST_w04_s0002,COST,consumer,naive,4,1.0,20,1.581308257346954,13.68188830861508,12.100580051268128,765.2258814843553,False
NVDA_w12_s0039,NVDA,technology,naive,12,2.0,120,8.336685753147668,72.06828907111199,63.73160331796432,764.4717002065394,False
JPM_w12_s0014,JPM,finance,linear_trend,12,2.0,120,2.1674735791809683,18.701739571471503,16.534265992290536,762.8358726540234,False
COST_w08_s0035,COST,consumer,naive,8,2.0,80,3.834664082879344,33.05242891370321,29.217764830823867,761.938052443046,False
MSFT_w12_s0035,MSFT,technology,moving_average,12,2.0,120,2.4141411134353983,20.799620297185587,18.38547918375019,761.5743372013195,False
GS_w08_s0018,GS,finance,moving_average,8,2.0,80,3.112120717315751,26.812186075800504,23.700065358484753,761.540682744672,False
MSFT_w08_s0016,MSFT,technology,moving_average,8,2.0,80,3.145377524501224,27.08852314759456,23.943145623093336,761.2169107391998,False
XOM_w08_s0042,XOM,energy,naive,8,2.0,80,2.6725894704840716,22.998944599809143,20.326355129325073,760.5490986853088,False
MSFT_w12_s0017,MSFT,technology,linear_trend,12,2.0,120,3.8087096596551726,32.75607655506235,28.94736689540718,760.0308104878745,False
MSFT_w12_s0020,MSFT,technology,naive,12,2.0,120,5.763444342602232,49.56021041006124,43.79676606745901,759.9061162735977,False
AAPL_w04_s0011,AAPL,technology,naive,4,2.0,40,4.139552823154203,35.528208676746296,31.38865585359209,758.2619957890759,False
JPM_w08_s0025,JPM,finance,moving_average,8,1.0,40,2.384098728441741,20.434526435825077,18.050427707383335,757.1174587715662,False
NVDA_w12_s0023,NVDA,technology,naive,12,2.0,120,16.092329760666583,137.7844843064878,121.6921545458212,756.2121604248086,False
WMT_w04_s0037,WMT,consumer,moving_average,4,1.0,20,1.0455879806142403,8.93874414100176,7.89315616038752,754.9011949956247,False
MSFT_w08_s0023,MSFT,technology,naive,8,2.0,80,3.537313288902527,30.229179897756204,26.691866608853676,754.5802259752625,False
JPM_w08_s0020,JPM,finance,naive,8,2.0,80,5.176084955027243,44.137640139791486,38.96155518476424,752.7224827892953,False
NVDA_w04_s0036,NVDA,technology,linear_trend,4,2.0,40,4.155404330448685,35.419422804899554,31.264018474450868,752.3700701124094,False
COST_w08_s0026,COST,consumer,moving_average,8,2.0,80,4.142488819676325,35.30087327198084,31.158384452304517,752.165806804497,False
GS_w12_s0027,GS,finance,naive,12,2.0,120,3.297669840260379,28.05228454846368,24.7546147082033,750.6698944200161,False
BAC_w12_s0032,BAC,finance,naive,12,2.0,120,5.306798717639767,45.105116336243434,39.79831761860367,749.9496351032553,False
MSFT_w12_s0039,MSFT,technology,naive,12,1.0,60,1.9356637214813792,16.43996586804449,14.50430214656311,749.3193154161534,False
WMT_w08_s0025,WMT,consumer,moving_average,8,2.0,80,4.587872025751604,38.90706195202171,34.3191899262701,748.0415698964007,False
BAC_w04_s0035,BAC,finance,moving_average,4,1.0,20,1.7016805656627314,14.427642956759712,12.72596239109698,747.8467256362399,False
WMT_w08_s0010,WMT,consumer,naive,8,0.5,20,0.7492354714295496,6.3522555602154345,5.603020088785885,747.8316634015287,False
XOM_w12_s0000,XOM,energy,naive,12,1.0,60,12.349588669364667,104.54582608758132,92.19623741821664,746.5531029946421,False
WMT_w12_s0030,WMT,consumer,naive,12,2.0,120,0.991509383714738,8.391504625918241,7.399995242203503,746.3363800430271,False
TGT_w04_s0012,TGT,consumer,linear_trend,4,2.0,40,2.5795620326155437,21.820338701548778,19.240776668933233,745.8931564992864,False
COST_w08_s0024,COST,consumer,naive,8,2.0,80,3.625893078880378,30.669823354492554,27.043930275612176,745.8557019547566,False
XOM_w12_s0041,XOM,energy,linear_trend,12,2.0,120,1.2421916588710007,10.502482113132668,9.260290454261668,745.4800060948833,False
MSFT_w08_s0002,MSFT,technology,moving_average,8,2.0,80,4.126415668162061,34.869116533946176,30.742700865784116,745.0219109767281,False
BAC_w12_s0028,BAC,finance,moving_average,12,1.0,60,3.675178776505158,31.051417845330903,27.376239068825747,744.8954386610457,False
WMT_w12_s0004,WMT,consumer,linear_trend,12,2.0,120,4.320680081731547,36.48306711734474,32.16238703561319,744.3825144935021,False
NVDA_w08_s0006,NVDA,technology,moving_average,8,2.0,80,2.3232035620009475,19.60931913515133,17.286115573150383,744.0637512737825,False
MSFT_w12_s0040,MSFT,technology,moving_average,12,2.0,120,3.771120065797504,31.829523182719793,28.05840311692229,744.0336724200423,False
COST_w12_s0004,COST,consumer,linear_trend,12,2.0,120,4.470815187134382,37.697721367222954,33.22690618008857,743.1956989791323,False
XOM_w08_s0037,XOM,energy,moving_average,8,1.0,40,2.3174497533240914,19.53794721650784,17.220497463183747,743.0796477241028,False
CVX_w08_s0025,CVX,energy,moving_average,8,1.0,40,1.821020775206608,15.350398765329489,13.529377990122882,742.955718810395,False
WMT_w04_s0008,WMT,consumer,naive,4,2.0,40,1.0111548011971565,8.51478591769894,7.503631116501785,742.0852976831898,False
COST_w08_s0014,COST,consumer,naive,8,2.0,80,2.5942097270222666,21.838663884512677,19.24445415749041,741.8233752280288,False
AAPL_w12_s0020,AAPL,technology,moving_average,12,2.0,120,8.048410981689134,67.75148707171824,59.703076090029114,741.7995455979949,False
AAPL_w08_s0039,AAPL,technology,moving_average,8,2.0,80,3.747578075539124,31.53918869475717,27.791610619218044,741.588568911135,False
WMT_w04_s0021,WMT,consumer,naive,4,1.0,20,4.670285044257202,39.27209298791347,34.60180794365627,740.8928494890102,False
TGT_w04_s0024,TGT,consumer,naive,4,2.0,40,4.244722419915938,35.66761701851293,31.42289459859699,740.2814952318905,False
MSFT_w12_s0002,MSFT,technology,linear_trend,12,1.0,60,2.151937917022198,18.074769100857036,15.922831183834838,739.9298584723338,False
AAPL_w12_s0023,AAPL,technology,naive,12,2.0,120,4.081024649943261,34.27379293746991,30.192768287526658,739.8330291375826,False
CVX_w08_s0002,CVX,energy,naive,8,1.0,40,4.106992885722547,34.47157573963294,30.36458285391039,739.338579316003,False
WMT_w04_s0008,WMT,consumer,moving_average,4,2.0,40,0.989303919004034,8.29718857589364,7.307884656889606,738.6895489352456,False
NVDA_w08_s0014,NVDA,technology,naive,8,2.0,80,4.430099740509376,37.143996371756586,32.71389663124721,738.4460519501924,False
JPM_w08_s0012,JPM,finance,moving_average,8,2.0,80,1.4155721601824744,11.858762027973611,10.443189867791135,737.73631338193,False
CVX_w08_s0037,CVX,energy,linear_trend,8,2.0,80,1.6177345335040318,13.54993178533598,11.932197251831948,737.5868540054387,False
JPM_w08_s0020,JPM,finance,moving_average,8,2.0,80,5.119920256803376,42.88364473903739,37.76372448223402,737.5842315523056,False
JPM_w04_s0004,JPM,finance,naive,4,2.0,40,2.65010288990939,22.187335549527965,19.537232659618574,737.2254388314174,False
AAPL_w12_s0004,AAPL,technology,naive,12,1.0,60,6.05943149131102,50.70160328498879,44.642171793677775,736.7386174378379,False
BAC_w08_s0020,BAC,finance,moving_average,8,2.0,80,5.731044779650154,47.93733237388659,42.20628759423643,736.4501450783094,False
JPM_w08_s0003,JPM,finance,moving_average,8,2.0,80,3.17617892949353,26.559216231967493,23.38303730247396,736.2002526162024,False
GS_w12_s0022,GS,finance,moving_average,12,2.0,120,6.972463803980937,58.20803253421679,51.235568730235855,734.8273174395375,False
AAPL_w08_s0005,AAPL,technology,naive,8,1.0,40,4.744074897517218,39.5926413178482,34.84856642033098,734.5703255774642,False
CVX_w04_s0041,CVX,energy,naive,4,2.0,40,2.1979449052591304,18.342061015726248,16.144116110467117,734.5095899282234,False
CVX_w08_s0019,CVX,energy,naive,8,1.0,40,3.0789489513016224,25.666567094365707,22.587618143064084,733.6145710865129,False
BAC_w08_s0015,BAC,finance,naive,8,1.0,40,2.2756698018884136,18.96369232507416,16.688022523185747,733.3235476138747,False
JPM_w04_s0032,JPM,finance,moving_average,4,2.0,40,1.51897446606235,12.647681789119314,11.128707323056965,732.6461090492194,False
GS_w08_s0018,GS,finance,linear_trend,8,2.0,80,3.8869698397470303,32.36219501562715,28.47522517588012,732.5815828232238,False
BAC_w12_s0039,BAC,finance,naive,12,2.0,120,3.386080580709181,28.171792733348205,24.785712152639025,731.9882549117572,False
JPM_w12_s0001,JPM,finance,moving_average,12,1.0,60,7.660538858793433,63.688482527287874,56.02794366849445,731.3838452001414,False
CVX_w04_s0010,CVX,energy,moving_average,4,2.0,40,5.414660560422167,45.0067563428023,39.59209578238013,731.2018055531303,False
XOM_w08_s0001,XOM,energy,moving_average,8,0.5,20,6.341961456077533,52.67851714770887,46.33655569163133,730.6344576917412,False
TGT_w04_s0023,TGT,consumer,naive,4,2.0,40,4.284621989421787,35.55914483650961,31.274522847087823,729.9249017603148,False
AAPL_w12_s0038,AAPL,technology,moving_average,12,2.0,120,4.179568695765846,34.677605309831236,30.49803661406539,729.6933926450768,False
XOM_w12_s0006,XOM,energy,naive,12,2.0,120,2.9171174152246593,24.194270729488647,21.277153314263987,729.3896777420372,False
XOM_w04_s0001,XOM,energy,naive,4,2.0,40,10.745830677953986,88.96571018266584,78.21987950471186,727.9091012031931,False
BAC_w08_s0037,BAC,finance,moving_average,8,2.0,80,2.993711734304114,24.773965866453164,21.78025413214905,727.5334456078434,False
TGT_w12_s0016,TGT,consumer,linear_trend,12,1.0,60,1.5406973470715906,12.74620320320166,11.205505856130069,727.3009119817345,False
TGT_w12_s0017,TGT,consumer,naive,12,2.0,120,4.617049378745261,38.16359565909753,33.546546280352274,726.5797596790909,False
WMT_w12_s0001,WMT,consumer,naive,12,1.0,60,1.729886676363512,14.28520676913411,12.555320092770598,725.7885886007177,False
GS_w12_s0039,GS,finance,moving_average,12,2.0,120,2.3897293403400184,19.71915147352712,17.3294221331871,725.1625462623067,False
CVX_w12_s0019,CVX,energy,linear_trend,12,2.0,120,4.956273184950621,40.89552641542928,35.939253230478656,725.1265596013895,False
WMT_w12_s0010,WMT,consumer,linear_trend,12,2.0,120,1.1510817956958774,9.47919130566792,8.328109509972043,723.5028423794462,False
COST_w08_s0036,COST,consumer,naive,8,2.0,80,3.181768962594831,26.201071232031563,23.019302269436732,723.4749769720482,False
BAC_w04_s0001,BAC,finance,naive,4,1.0,20,7.207725776436627,59.31418626020246,52.10646048376584,722.9251236792524,False
GS_w12_s0022,GS,finance,naive,12,2.0,120,6.882434615991746,56.50118962677667,49.61875501078492,720.9477136984751,False
XOM_w12_s0009,XOM,energy,naive,12,0.5,30,2.607475326045817,21.403089719495863,18.795614393450045,720.8357527184431,False
NVDA_w04_s0025,NVDA,technology,linear_trend,4,2.0,40,4.778216544065313,39.21045300626496,34.43223646219965,720.6085397064205,False
BAC_w12_s0019,BAC,finance,moving_average,12,2.0,120,6.4331819024793235,52.751734782359975,46.31855287988065,719.9944534761197,False
NVDA_w08_s0020,NVDA,technology,naive,8,0.5,20,5.646621643913191,46.29066416923685,40.644042525323655,719.7939775039849,False
WMT_w08_s0010,WMT,consumer,moving_average,8,0.5,20,0.7516044899603916,6.14811758312197,5.396513093161579,717.9990493997669,False
BAC_w08_s0025,BAC,finance,moving_average,8,2.0,80,4.3952848351175815,35.94430865962943,31.54902382451185,717.7924755283318,False
WMT_w12_s0025,WMT,consumer,naive,12,2.0,120,2.5211590367204235,20.608241107119476,18.087082070399052,717.4113892444924,False
COST_w08_s0020,COST,consumer,linear_trend,8,2.0,80,5.703296165668213,46.51036848284859,40.80707231718038,715.4997940107729,False
CVX_w08_s0019,CVX,energy,moving_average,8,1.0,40,3.0344674966060436,24.741962087359955,21.70749459075391,715.3642151393303,False
JPM_w04_s0038,JPM,finance,naive,4,2.0,40,2.561356132075637,20.87774510904836,18.31638897697272,715.1051252732175,False
NVDA_w04_s0013,NVDA,technology,naive,4,2.0,40,4.6601808736309,37.95227676207343,33.29209588844253,714.3949299655309,False
GS_w04_s0028,GS,finance,naive,4,2.0,40,3.058567834569699,24.876802901032992,21.81823506646329,713.348084677443,False
CVX_w04_s0006,CVX,energy,naive,4,1.0,20,1.900590267480476,15.454542051958017,13.55395178447754,713.1443329153412,False
TGT_w12_s0002,TGT,consumer,moving_average,12,0.5,30,1.8829378890933248,15.29537919084947,13.412441301756145,712.3145898463238,False
BAC_w12_s0019,BAC,finance,linear_trend,12,1.0,60,3.972385735119154,32.22622302140832,28.25383728628917,711.2561359915788,False
COST_w08_s0006,COST,consumer,moving_average,8,2.0,80,2.5718593151544016,20.837248009045485,18.265388693891083,710.2017045125394,False
BAC_w12_s0021,BAC,finance,naive,12,1.0,60,3.4096970276640612,27.60017324498884,24.19047621732478,709.4611638822748,False
BAC_w12_s0000,BAC,finance,linear_trend,12,2.0,120,20.53820208224004,166.0380272609404,145.49982517870035,708.4350645498719,False
XOM_w12_s0036,XOM,energy,moving_average,12,2.0,120,3.2002135420103044,25.854266741632504,22.6540531996222,707.8919235305597,False
GS_w08_s0011,GS,finance,moving_average,8,2.0,80,2.8641353982604993,23.129258398251434,20.265122999990936,707.5476603619624,False
COST_w12_s0036,COST,consumer,naive,12,1.0,60,1.8140174743701083,14.648038845954163,12.834021371584054,707.4916064984702,False
MSFT_w12_s0035,MSFT,technology,naive,12,2.0,120,2.9386962567880115,23.72919607765496,20.79049982086695,707.473587065814,False
JPM_w08_s0037,JPM,finance,moving_average,8,2.0,80,3.3687894639408222,27.16691789892155,23.79812843498073,706.4296742112697,False
TGT_w08_s0012,TGT,consumer,linear_trend,8,0.5,20,0.7560486219969245,6.0868297832096285,5.330781161212704,705.084435857141,False
COST_w08_s0027,COST,consumer,moving_average,8,1.0,40,1.1657117475364602,9.378086532036018,8.21237478449956,704.4944688817849,False
AAPL_w04_s0017,AAPL,technology,naive,4,2.0,40,3.2695106977735415,26.286139200643525,23.016628502869985,703.9777700847945,False
BAC_w12_s0019,BAC,finance,naive,12,2.0,120,6.643896818919877,53.412171446690394,46.76827462777051,703.9283706903475,False
CVX_w12_s0002,CVX,energy,moving_average,12,0.5,30,3.7127948838259193,29.81162621382562,26.0988313299997,702.9429889513765,False
TGT_w04_s0005,TGT,consumer,naive,4,2.0,40,2.782903200793916,22.339567291812426,19.55666409101851,702.7432389829197,False
MSFT_w12_s0036,MSFT,technology,moving_average,12,2.0,120,3.0346356409973954,24.35890302115431,21.32426738015691,702.696135643759,False
CVX_w12_s0001,CVX,energy,moving_average,12,0.5,30,3.879860786853521,31.139027245530716,27.259166458677196,702.5810449447533,False
GS_w12_s0003,GS,finance,naive,12,1.0,60,2.290980098429894,18.37149155199275,16.080511453562856,701.90533145982,False
TGT_w08_s0028,TGT,consumer,linear_trend,8,2.0,80,1.4573566053740048,11.680236014618044,10.22287940924404,701.4672573306461,False
XOM_w12_s0029,XOM,energy,linear_trend,12,2.0,120,2.420271671525463,19.395472665768978,16.975200994243515,701.3758494121566,False
TGT_w12_s0030,TGT,consumer,moving_average,12,2.0,120,4.9511832026263765,39.66825591202094,34.717072709394564,701.187398821735,False
TGT_w04_s0037,TGT,consumer,moving_average,4,1.0,20,2.041000572618693,16.34114860252509,14.3001480299064,700.6439989166042,False
NVDA_w12_s0015,NVDA,technology,naive,12,2.0,120,8.935752806405572,71.5353381352713,62.59958532886573,700.5518917666496,False
MSFT_w12_s0040,MSFT,technology,naive,12,1.0,60,2.337866577990646,18.695120753051683,16.357254175061037,699.6658547178428,False
JPM_w12_s0025,JPM,finance,linear_trend,12,1.0,60,1.787297105376524,14.280829021655746,12.493531916279222,699.0181922578143,False
XOM_w08_s0037,XOM,energy,naive,8,1.0,40,2.630930098248494,20.983039049698306,18.35210895144981,697.5521304677566,False
JPM_w12_s0034,JPM,finance,naive,12,1.0,60,2.024662764232126,16.144504072490843,14.119841308258716,697.3922550313613,False
WMT_w12_s0005,WMT,consumer,moving_average,12,2.0,120,2.2486879453173736,17.905013996555716,15.656326051238343,696.2427171738431,False
COST_w12_s0038,COST,consumer,linear_trend,12,2.0,120,5.862565511062439,46.674216913774416,40.81165140271197,696.1397928211111,False
XOM_w12_s0011,XOM,energy,naive,12,2.0,120,4.348466878496969,34.61518764644666,30.26672076794969,696.0319950375538,False
NVDA_w04_s0002,NVDA,technology,linear_trend,4,2.0,40,3.1183797867825045,24.821235416990728,21.702855630208223,695.9657615213345,False
COST_w04_s0041,COST,consumer,moving_average,4,2.0,40,2.1593909417821635,17.184070860266868,15.024679918484704,695.7832242310283,False
JPM_w12_s0003,JPM,finance,linear_trend,12,2.0,120,2.1424554477481905,17.037779108117416,14.895323660369224,695.2454332725952,False
CVX_w08_s0001,CVX,energy,moving_average,8,1.0,40,9.90168880539914,78.69517550483297,68.79348669943383,694.7651865399213,False
WMT_w08_s0002,WMT,consumer,moving_average,8,2.0,80,3.1001510170165383,24.635098598956382,21.534947581939843,694.6418888543119,False
TGT_w08_s0027,TGT,consumer,naive,8,1.0,40,2.070299031726878,16.44486968091612,14.374570649189245,694.3234010595621,False
AAPL_w12_s0028,AAPL,technology,naive,12,2.0,120,3.3584808760789016,26.673144544747736,23.314663668668835,694.2026627196163,False
AAPL_w04_s0017,AAPL,technology,moving_average,4,2.0,40,3.291693855983682,26.133100260957026,22.841406404973345,693.9104122168576,False
AAPL_w12_s0004,AAPL,technology,moving_average,12,2.0,120,11.380601268293251,90.344916605276,78.96431533698275,693.8501180687181,False
WMT_w08_s0019,WMT,consumer,moving_average,8,2.0,80,3.2770650970676782,26.014324263534615,22.737259166466934,693.8299512820867,False
AAPL_w04_s0006,AAPL,technology,moving_average,4,2.0,40,4.357357863765272,34.544170175388174,30.1868123116229,692.7779001731551,False
BAC_w12_s0032,BAC,finance,moving_average,12,2.0,120,5.47205970357305,43.35171120816931,37.87965150459626,692.2375404614512,False
NVDA_w08_s0040,NVDA,technology,naive,8,2.0,80,8.456800211752693,66.99501519686788,58.53821498511519,692.2028842985164,False
TGT_w08_s0021,TGT,consumer,moving_average,8,0.5,20,5.597772549473961,44.33829481723049,38.74052226775653,692.0703177087302,False
WMT_w12_s0041,WMT,consumer,moving_average,12,2.0,120,4.233110928623612,33.47048376414087,29.237372835517263,690.6828885068633,False
BAC_w08_s0026,BAC,finance,moving_average,8,2.0,80,2.841166026367292,22.46319232696723,19.622026300599934,690.6328640599934,False
JPM_w12_s0024,JPM,finance,naive,12,1.0,60,2.753688678417862,21.75544708423306,19.0017584058152,690.0474463486811,False
GS_w12_s0013,GS,finance,naive,12,2.0,120,4.916778649971059,38.81673919951961,33.89996054954855,689.4750193757064,False
GS_w04_s0035,GS,finance,naive,4,1.0,20,1.3098536585949505,10.338044752840483,9.028191094245532,689.2518897057448,False
BAC_w08_s0038,BAC,finance,naive,8,2.0,80,0.9379313911034652,7.394742472668849,6.456811081565384,688.4097432722688,False
JPM_w08_s0025,JPM,finance,naive,8,1.0,40,2.833513206268323,22.33508994337953,19.501576737111208,688.2472505852328,False
AAPL_w12_s0012,AAPL,technology,linear_trend,12,1.0,60,2.665505740362708,21.01033554909532,18.344829808732612,688.2307372647543,False
MSFT_w12_s0035,MSFT,technology,linear_trend,12,1.0,60,1.587855208249544,12.51112516371314,10.923269955463596,687.9260715153896,False
NVDA_w12_s0023,NVDA,technology,moving_average,12,2.0,120,17.897816286398946,140.9563888640574,123.05857257765844,687.561938330846,False
CVX_w08_s0027,CVX,energy,naive,8,2.0,80,2.795157753677075,21.963657585004768,19.168499831327697,685.7752413476921,False
CVX_w12_s0018,CVX,energy,linear_trend,12,2.0,120,9.307765867320535,73.12650065774676,63.81873479042623,685.6504095627622,False
BAC_w12_s0038,BAC,finance,linear_trend,12,2.0,120,2.183720692842619,17.150081642413802,14.966360949571182,685.3605865724976,False
XOM_w12_s0041,XOM,energy,naive,12,2.0,120,1.1773330523397236,9.24555263758699,8.068219585247267,685.2962778215755,False
MSFT_w12_s0029,MSFT,technology,naive,12,0.5,30,1.5483007970072893,12.15681424535301,10.60851344834572,685.1713484131066,False
XOM_w12_s0015,XOM,energy,naive,12,1.0,60,3.609545618736327,28.330055098874933,24.72050948013861,684.8648581090121,False
NVDA_w12_s0029,NVDA,technology,linear_trend,12,0.5,30,2.487070722352237,19.49743796102979,17.010367238677553,683.9518911062322,False
WMT_w08_s0023,WMT,consumer,naive,8,2.0,80,2.100424806159338,16.464412647670787,14.363987841511449,683.8610836907912,False
BAC_w04_s0038,BAC,finance,naive,4,2.0,40,2.0232579843220555,15.85863404872579,13.835376064403734,683.8167041282989,False
WMT_w12_s0041,WMT,consumer,naive,12,2.0,120,3.9729314683378263,31.11277645304747,27.139844984709644,683.1188808817855,False
GS_w08_s0019,GS,finance,naive,8,2.0,80,2.586616617804745,20.24139697236015,17.654780354555406,682.543374732471,False
BAC_w04_s0006,BAC,finance,moving_average,4,2.0,40,3.1010097259836495,24.24434818147068,21.143338455487033,681.821094539789,False
COST_w08_s0014,COST,consumer,moving_average,8,2.0,80,2.649418149757076,20.681538458341286,18.03212030858421,680.6068083378069,False
AAPL_w12_s0005,AAPL,technology,naive,12,2.0,120,3.9253215248258586,30.638188676643356,26.7128671518175,680.5268557714537,False
MSFT_w04_s0011,MSFT,technology,moving_average,4,2.0,40,4.016149519933255,31.344384622098037,27.328235102164783,680.4586075923527,False
COST_w04_s0021,COST,consumer,moving_average,4,1.0,20,3.967153835093231,30.9508419705267,26.983688135433468,680.1775090428105,False
COST_w08_s0020,COST,consumer,moving_average,8,2.0,80,4.600050887281193,35.8235402831021,31.223489395820906,678.763999810341,False
COST_w12_s0034,COST,consumer,naive,12,2.0,120,4.872734250624029,37.944228630646734,33.071494380022706,678.7050694543292,False
NVDA_w12_s0030,NVDA,technology,naive,12,0.5,30,4.521532781592289,35.19622023457195,30.674687452979665,678.4134702696408,False
AAPL_w12_s0027,AAPL,technology,moving_average,12,2.0,120,4.183840045105938,32.55304717904234,28.3692071339364,678.0662460344626,False
CVX_w08_s0029,CVX,energy,moving_average,8,2.0,80,1.474414884237502,11.468498336945949,9.994083452708448,677.8338688487207,False
NVDA_w12_s0029,NVDA,technology,moving_average,12,1.0,60,4.263543862556258,33.15824409274059,28.89470023018433,677.7155615530638,False
NVDA_w12_s0029,NVDA,technology,naive,12,1.0,60,4.244267990821263,32.998079444469646,28.75381145364838,677.4739841082593,False
TGT_w04_s0021,TGT,consumer,moving_average,4,1.0,20,7.957327506824459,61.814166228162485,53.85683872133802,676.8206872866383,False
WMT_w08_s0004,WMT,consumer,linear_trend,8,2.0,80,3.4594770068982794,26.86819157620087,23.408714569302592,676.6547233187288,False
MSFT_w12_s0013,MSFT,technology,moving_average,12,1.0,60,2.392479030196539,18.57996363752586,16.18748460732932,676.598808308031,False
WMT_w12_s0020,WMT,consumer,naive,12,0.5,30,4.057389921973793,31.486933164140137,27.429543242166343,676.0391229251817,False
WMT_w08_s0028,WMT,consumer,naive,8,2.0,80,0.9862230011268642,7.651996986160207,6.6657739850333435,675.8891221779446,False
TGT_w12_s0022,TGT,consumer,moving_average,12,2.0,120,6.095226714532588,47.28361887939677,41.18839216486418,675.748320676251,False
NVDA_w04_s0016,NVDA,technology,moving_average,4,2.0,40,7.0863601556958296,54.95258901340526,47.86622885770943,675.4698858939003,False
NVDA_w08_s0042,NVDA,technology,naive,8,1.0,40,3.1673171788970373,24.561363676797654,21.394046497900614,675.4627114847626,False
COST_w08_s0022,COST,consumer,moving_average,8,1.0,40,2.8479336740251293,22.082996866108623,19.235063192083494,675.4041840060693,False
COST_w08_s0004,COST,consumer,linear_trend,8,2.0,80,3.984295680086309,30.88040636551931,26.896110685433,675.0530795156842,False
JPM_w12_s0011,JPM,finance,moving_average,12,1.0,60,2.107245067626604,16.329039314642284,14.22179424701568,674.8998711874422,False
JPM_w08_s0007,JPM,finance,naive,8,2.0,80,5.2829026745445,40.93114234282263,35.64823966827813,674.7850919163824,False
AAPL_w08_s0024,AAPL,technology,naive,8,2.0,80,3.22869802490472,25.011541528958254,21.782843504053535,674.6633886486288,False
WMT_w08_s0021,WMT,consumer,naive,8,1.0,40,4.534049400690318,35.109390638540624,30.575341237850303,674.3495391381301,False
BAC_w12_s0028,BAC,finance,naive,12,1.0,60,3.4861608206058943,26.98776734587709,23.501606525271193,674.1400564873143,False
JPM_w12_s0019,JPM,finance,linear_trend,12,2.0,120,6.293085838312259,48.69856456164387,42.40547872333161,673.8423694329318,False
GS_w12_s0011,GS,finance,naive,12,1.0,60,2.6262992621831933,20.315638633862452,17.68933937167926,673.5462186808994,False
BAC_w04_s0014,BAC,finance,naive,4,2.0,40,3.013907912602782,23.30591187573539,20.292003963132608,673.2788310578683,False
MSFT_w04_s0006,MSFT,technology,naive,4,2.0,40,3.3455498286851175,25.861802598854155,22.516252770169036,673.0209957452187,False
JPM_w08_s0019,JPM,finance,linear_trend,8,1.0,40,1.7825062980314683,13.770289909391906,11.987783611360438,672.5240536091956,False
AAPL_w08_s0016,AAPL,technology,naive,8,2.0,80,2.4659387736352447,19.04974768096739,16.583808907332145,672.5150309747787,False
WMT_w08_s0005,WMT,consumer,linear_trend,8,2.0,80,2.6495402989008467,20.468014985734527,17.81847468683368,672.5119332672773,False
XOM_w12_s0041,XOM,energy,moving_average,12,2.0,120,1.3326263166282175,10.28995972963672,8.957333413008502,672.1564253415132,False
GS_w08_s0008,GS,finance,linear_trend,8,2.0,80,8.131005834167123,62.75106360575495,54.620057771587824,671.7503207545377,False
GS_w04_s0001,GS,finance,naive,4,2.0,40,9.918770270153814,76.38104415502413,66.46227388487031,670.0656641364036,False
BAC_w04_s0005,BAC,finance,moving_average,4,2.0,40,3.165273770100188,24.369279666658738,21.20400589655855,669.8948475438633,False
MSFT_w12_s0030,MSFT,technology,moving_average,12,2.0,120,3.865256255857694,29.75713629452021,25.891880038662514,669.8619269918793,False
AAPL_w12_s0002,AAPL,technology,linear_trend,12,0.5,30,1.836962480977288,14.140250572554145,12.303288091576857,669.7626227527165,False
AAPL_w08_s0017,AAPL,technology,moving_average,8,2.0,80,3.511159289480909,26.990965462392307,23.4798061729114,668.719480863617,False
CVX_w08_s0037,CVX,energy,moving_average,8,2.0,80,1.416129584794785,10.869648303018629,9.453518718223844,667.5602868358815,False
NVDA_w12_s0036,NVDA,technology,naive,12,0.5,30,5.156170557845927,39.55767424669427,34.401503688848344,667.1909569884383,False
MSFT_w08_s0009,MSFT,technology,naive,8,1.0,40,2.3060543024300317,17.675590833010162,15.369536530580133,666.4863231704605,False
WMT_w12_s0010,WMT,consumer,naive,12,2.0,120,1.0318915210949369,7.906659639355522,6.874768118260585,666.229732265441,False
COST_w08_s0027,COST,consumer,moving_average,8,0.5,20,1.1657117475364602,8.919895450183416,7.754183702646956,665.1887757873374,False
XOM_w12_s0037,XOM,energy,naive,12,1.0,60,3.2559005305108726,24.904697949474212,21.64879741896334,664.909668341941,False
XOM_w04_s0034,XOM,energy,moving_average,4,2.0,40,1.943369320985975,14.864275549827148,12.920906228841174,664.8713700124539,False
CVX_w04_s0006,CVX,energy,moving_average,4,1.0,20,1.927841138237751,14.728614838539182,12.80077370030143,663.9952559577954,False
BAC_w08_s0010,BAC,finance,linear_trend,8,2.0,80,4.822575939529054,36.8356382026191,32.01306226309005,663.8166545121582,False
BAC_w04_s0035,BAC,finance,naive,4,1.0,20,2.1488362524478544,16.40733933938686,14.258503086939005,663.54535254589,False
AAPL_w04_s0029,AAPL,technology,linear_trend,4,2.0,40,1.087224066101532,8.299217183020422,7.21199311691889,663.340091686803,False
JPM_w12_s0000,JPM,finance,naive,12,0.5,30,3.628446666367374,27.697161996440578,24.068715330073204,663.3338600004735,False
BAC_w08_s0032,BAC,finance,linear_trend,8,1.0,40,1.957700695043512,14.918629976452332,12.96092928140882,662.048561060594,False
WMT_w04_s0002,WMT,consumer,naive,4,1.0,20,3.3753167928612675,25.718428852135123,22.343112059273857,661.9560008864687,False
MSFT_w12_s0010,MSFT,technology,moving_average,12,1.0,60,1.9071079108543851,14.530071987982904,12.622964077128518,661.8903946276132,False
JPM_w08_s0021,JPM,finance,moving_average,8,2.0,80,1.2889905954263166,9.818750608820435,8.52976001339412,661.7395071507883,False
MSFT_w12_s0008,MSFT,technology,moving_average,12,2.0,120,4.079826266118706,31.07015616751818,26.990329901399477,661.5558639234999,False
NVDA_w04_s0018,NVDA,technology,naive,4,1.0,20,6.1604986362833065,46.8827385250088,40.72223988872549,661.0218148395475,False
NVDA_w08_s0014,NVDA,technology,moving_average,8,2.0,80,4.885528294276544,37.17572873200767,32.29020043773112,660.9356960548051,False
AAPL_w04_s0037,AAPL,technology,naive,4,1.0,20,1.5833541972784626,12.042311467481904,10.458957270203442,660.5570180178729,False
XOM_w04_s0004,XOM,energy,moving_average,4,1.0,20,2.0818676134643725,15.832196783314616,13.750329169850245,660.4804782456238,False
GS_w12_s0037,GS,finance,linear_trend,12,2.0,120,2.996254403490305,22.76500088072387,19.768746477233567,659.781974928603,False
TGT_w12_s0036,TGT,consumer,naive,12,2.0,120,7.368745786804057,55.98062732037046,48.6118815335664,659.7036041142919,False
NVDA_w08_s0003,NVDA,technology,linear_trend,8,1.0,40,1.996573276009049,15.16254407059145,13.1659707945824,659.4283792528698,False
COST_w08_s0035,COST,consumer,moving_average,8,2.0,80,4.265701448808191,32.38506267547307,28.11936122666488,659.1966541521853,False
JPM_w12_s0000,JPM,finance,moving_average,12,0.5,30,4.337367741357724,32.917188444850396,28.579820703492672,658.9208572512309,False
XOM_w12_s0029,XOM,energy,naive,12,2.0,120,2.090254000784928,15.85473176351988,13.764477762734952,658.5074233832895,False
AAPL_w12_s0005,AAPL,technology,moving_average,12,2.0,120,4.066527101357025,30.80863962824725,26.742112526890224,657.6154999180067,False
GS_w04_s0032,GS,finance,naive,4,2.0,40,3.550562111659518,26.87515537442095,23.324593262761432,656.926777485935,False
BAC_w12_s0010,BAC,finance,linear_trend,12,1.0,60,2.5763401690219707,19.495159073770814,16.918818904748843,656.6997288704915,False
NVDA_w12_s0015,NVDA,technology,linear_trend,12,2.0,120,10.93042958480797,82.66206516878988,71.73163558398191,656.2563257685734,False
WMT_w08_s0026,WMT,consumer,moving_average,8,1.0,40,1.1150292721022506,8.429773091930473,7.314743819828222,656.0136135293715,False
BAC_w08_s0007,BAC,finance,linear_trend,8,1.0,40,3.10122926989156,23.44328850135044,20.342059231458883,655.9353553428244,False
CVX_w04_s0041,CVX,energy,moving_average,4,2.0,40,2.185540187177765,16.515335464695934,14.32979527751817,655.6637741821871,False
COST_w08_s0011,COST,consumer,moving_average,8,1.0,40,1.1781921244336082,8.901426138086348,7.72323401365274,655.5156712972876,False
BAC_w12_s0021,BAC,finance,moving_average,12,1.0,60,3.157932779233747,23.854646999887073,20.696714220653327,655.3880550198177,False
WMT_w08_s0007,WMT,consumer,moving_average,8,2.0,80,2.3794817819840475,17.959504831849586,15.580023049865538,654.7653849601942,False
GS_w04_s0002,GS,finance,naive,4,2.0,40,5.122829398433971,38.63688657092775,33.51405717249378,654.2099017144491,False
AAPL_w12_s0023,AAPL,technology,moving_average,12,2.0,120,5.006856175449927,37.75659965177361,32.74974347632369,654.0979474686173,False
TGT_w12_s0004,TGT,consumer,linear_trend,12,0.5,30,1.930875421858785,14.552952259710269,12.622076837851484,653.6971103863686,False
COST_w08_s0004,COST,consumer,moving_average,8,1.0,40,1.5117030771820024,11.393253895284762,9.88155081810276,653.670086887907,False
CVX_w04_s0010,CVX,energy,naive,4,2.0,40,6.325958174654782,47.61165827517152,41.28570010051674,652.639473114597,False
COST_w04_s0039,COST,consumer,linear_trend,4,2.0,40,1.819053444407292,13.664825634854456,11.845772190447164,651.2052862914596,False
AAPL_w12_s0036,AAPL,technology,linear_trend,12,2.0,120,3.6138052043978233,27.122847404812305,23.50904220041448,650.5342947595828,False
COST_w08_s0025,COST,consumer,moving_average,8,2.0,80,4.308162763106035,32.33028529138869,28.022122528282654,650.4425220016452,False
WMT_w12_s0009,WMT,consumer,naive,12,1.0,60,2.165331961264666,16.247918059896644,14.082586098631978,650.3661494197414,False
XOM_w08_s0039,XOM,energy,naive,8,2.0,80,1.953695415217439,14.653677927795975,12.699982512578536,650.0492560742932,False
CVX_w12_s0000,CVX,energy,moving_average,12,2.0,120,19.964447946916223,149.6218866638987,129.65743871698248,649.4416427728462,False
CVX_w08_s0042,CVX,energy,linear_trend,8,2.0,80,1.935125462136574,14.487551454209472,12.552425992072898,648.6621274784815,False
XOM_w12_s0017,XOM,energy,moving_average,12,1.0,60,3.7399148339275095,27.98893836569357,24.24902353176606,648.3843779485401,False
AAPL_w04_s0033,AAPL,technology,naive,4,2.0,40,2.1808749143874966,16.318678670011668,14.137803755624171,648.2629362351487,False
MSFT_w08_s0009,MSFT,technology,moving_average,8,1.0,40,2.3712490162662165,17.733495765751268,15.362246749485053,647.8546388044282,False
MSFT_w08_s0001,MSFT,technology,naive,8,2.0,80,6.696095478096654,49.996233934844994,43.30013845674834,646.6475664569866,False
XOM_w08_s0008,XOM,energy,linear_trend,8,2.0,80,4.417320410270798,32.97201925071645,28.554698840445653,646.425800900758,False
WMT_w12_s0028,WMT,consumer,linear_trend,12,2.0,120,2.8187995701214033,21.03598175295088,18.21718218282948,646.274477118814,False
TGT_w04_s0033,TGT,consumer,naive,4,1.0,20,2.590263236974178,19.303232479948846,16.71296924297467,645.2228099603484,False
JPM_w04_s0019,JPM,finance,naive,4,1.0,20,3.4425011723728147,25.629265812022854,22.18676463965004,644.4954853670349,False
BAC_w08_s0035,BAC,finance,naive,8,2.0,80,3.2009399166940433,23.818914225693604,20.61797430899956,644.1225029395107,False
NVDA_w08_s0036,NVDA,technology,naive,8,2.0,80,7.753413787129408,57.68929053274846,49.93587674561905,644.0501966825518,False
CVX_w12_s0021,CVX,energy,moving_average,12,2.0,120,6.965692223626639,51.82792587532127,44.86223365169463,644.0455910401598,False
CVX_w12_s0015,CVX,energy,linear_trend,12,2.0,120,6.58416673260545,48.969404126258524,42.38523739365307,643.7448976460021,False
COST_w08_s0002,COST,consumer,naive,8,2.0,80,1.2728077463883158,9.465342673434073,8.192534927045756,643.6584747612251,False
BAC_w08_s0028,BAC,finance,moving_average,8,0.5,20,3.186385496830651,23.693598770256106,20.507213273425457,643.5885831712147,False
MSFT_w04_s0030,MSFT,technology,moving_average,4,2.0,40,1.9250723022626364,14.312646942171142,12.387574639908506,643.4862018090828,False
MSFT_w12_s0036,MSFT,technology,naive,12,2.0,120,3.427272247487338,25.478464134507195,22.051191887019858,643.4035668799412,False
JPM_w08_s0021,JPM,finance,naive,8,2.0,80,1.1857468927012849,8.813869468690687,7.628122575989401,643.3179477798631,False
GS_w12_s0011,GS,finance,moving_average,12,0.5,30,1.6557472058648142,12.30195269431374,10.646205488448926,642.9849587388131,False
BAC_w12_s0034,BAC,finance,moving_average,12,0.5,30,2.5338609073579157,18.81734818882128,16.283487281463366,642.6354041052055,False
JPM_w12_s0031,JPM,finance,moving_average,12,1.0,60,1.4461667032559298,10.727305414519464,9.281138711263534,641.7751625983218,False
JPM_w12_s0008,JPM,finance,naive,12,2.0,120,4.565306127026403,33.85906603292547,29.293759905899066,641.6603638577783,False
TGT_w04_s0037,TGT,consumer,naive,4,1.0,20,2.378431257029009,17.625210218035203,15.246778961006196,641.0434994052146,False
GS_w08_s0038,GS,finance,moving_average,8,1.0,40,1.9661203919990895,14.56743053737746,12.60131014537837,640.9226106731822,False
TGT_w08_s0013,TGT,consumer,moving_average,8,2.0,80,4.467637195153369,33.053994100976105,28.586356905822736,639.8540359730665,False
JPM_w12_s0039,JPM,finance,linear_trend,12,2.0,120,2.4698923498129366,18.26795718441504,15.7980648346021,639.6256434333507,False
COST_w04_s0018,COST,consumer,moving_average,4,2.0,40,6.409811247999402,47.39667238327806,40.98686113527866,639.4394397818074,False
TGT_w12_s0030,TGT,consumer,naive,12,2.0,120,6.245102510467519,46.14538052069193,39.90027801022441,638.9050931245228,False
TGT_w04_s0024,TGT,consumer,moving_average,4,2.0,40,4.391625621484978,32.428974389102464,28.037348767617488,638.4275706574683,False
COST_w08_s0024,COST,consumer,moving_average,8,2.0,80,3.804575260717891,28.091191281856453,24.286616021138563,638.3528871644896,False
WMT_w12_s0010,WMT,consumer,moving_average,12,2.0,120,0.975093235632436,7.193775887153973,6.2186826515215365,637.7526193675377,False
MSFT_w08_s0040,MSFT,technology,moving_average,8,2.0,80,4.0830000687852825,30.113022616494163,26.03002254770888,637.5219718145381,False
JPM_w12_s0014,JPM,finance,moving_average,12,2.0,120,2.2348568375777993,16.479704124753436,14.244847287175636,637.3941743227992,False
NVDA_w12_s0017,NVDA,technology,naive,12,2.0,120,10.920425807444326,80.40398784310781,69.48356203566348,636.2715452752525,False
MSFT_w12_s0023,MSFT,technology,naive,12,1.0,60,3.4464543535445964,25.372732780208143,21.926278426663547,636.1981380694305,False
JPM_w12_s0037,JPM,finance,linear_trend,12,2.0,120,1.7063850608930615,12.559956800076566,10.853571739183504,636.0564205539357,False
JPM_w12_s0025,JPM,finance,moving_average,12,2.0,120,3.44647594147471,25.36780058321862,21.92132464174391,636.0504182821602,False
WMT_w04_s0037,WMT,consumer,naive,4,1.0,20,1.5744931207258903,11.584540593760783,10.010047473034891,635.7631761782452,False
GS_w08_s0001,GS,finance,moving_average,8,1.0,40,10.939426298866598,80.43294847441777,69.49352217555118,635.2574648521669,False
MSFT_w12_s0016,MSFT,technology,naive,12,2.0,120,3.910774028123525,28.70315065624556,24.792376628122035,633.9506309961346,False
XOM_w04_s0015,XOM,energy,linear_trend,4,2.0,40,1.9570110178501456,14.362732145926367,12.40572112807622,633.9116650300926,False
COST_w08_s0028,COST,consumer,naive,8,2.0,80,0.8830276800732966,6.474398735900248,5.591371055826952,633.2045055895455,False
GS_w12_s0035,GS,finance,naive,12,2.0,120,3.149872063086557,23.074393303666945,19.924521240580383,632.5501747857138,False
AAPL_w04_s0011,AAPL,technology,moving_average,4,2.0,40,4.458681008194327,32.65546854656441,28.19678753837008,632.4019925746873,False
XOM_w12_s0017,XOM,energy,naive,12,1.0,60,4.0960241654882985,29.98637305001366,25.890348884525363,632.0848666535858,False
AAPL_w04_s0010,AAPL,technology,naive,4,2.0,40,4.047710135332737,29.622683527655845,25.57497339232311,631.838064911749,False
NVDA_w08_s0025,NVDA,technology,naive,8,1.0,40,6.655155437075303,48.689209564251286,42.034054127175985,631.6013881961022,False
JPM_w08_s0015,JPM,finance,moving_average,8,2.0,80,3.0988270150397765,22.657534444923503,19.558707429883725,631.1648677050362,False
NVDA_w04_s0037,NVDA,technology,moving_average,4,1.0,20,3.7498258653069114,27.389203093602184,23.63937722829527,630.4126665455294,False
COST_w08_s0007,COST,consumer,naive,8,2.0,80,1.542646468242385,11.265126937532576,9.722480469290192,630.2468303296674,False
GS_w12_s0038,GS,finance,linear_trend,12,1.0,60,2.2243591532449964,16.24084691677354,14.01648776352854,630.135998634962,False
NVDA_w04_s0041,NVDA,technology,naive,4,2.0,40,6.720803461055759,49.03177207463855,42.310968613582794,629.5522381923104,False
MSFT_w12_s0015,MSFT,technology,moving_average,12,1.0,60,2.583675172217786,18.84298360810691,16.259308435889125,629.3093114306777,False
CVX_w12_s0005,CVX,energy,moving_average,12,2.0,120,8.250602322090057,60.15274675279395,51.9021444307039,629.07097451227,False
WMT_w12_s0020,WMT,consumer,linear_trend,12,2.0,120,10.05906635178977,73.2763079572218,63.21724160543204,628.4603301596081,False
MSFT_w08_s0036,MSFT,technology,moving_average,8,2.0,80,2.5086641631904985,18.268243468171857,15.759579304981358,628.2060204080268,False
MSFT_w04_s0002,MSFT,technology,moving_average,4,2.0,40,3.805488174969509,27.68739168174753,23.881903506778023,627.5647803574997,False
TGT_w08_s0017,TGT,consumer,linear_trend,8,1.0,40,1.7442096927943005,12.686456183030966,10.942246490236666,627.3469603707285,False
GS_w12_s0000,GS,finance,naive,12,1.0,60,9.977701517923196,72.5456629898346,62.5679614719114,627.0779032577693,False
AAPL_w12_s0020,AAPL,technology,naive,12,2.0,120,10.285450320167325,74.78076201903502,64.4953116988677,627.0538449095195,False
GS_w08_s0009,GS,finance,moving_average,8,2.0,80,2.867523624896776,20.832805977767585,17.96528235287081,626.5086082252423,False
BAC_w12_s0010,BAC,finance,moving_average,12,1.0,60,2.1476550582505785,15.597527802923366,13.449872744672788,626.2585182384312,False
MSFT_w12_s0039,MSFT,technology,naive,12,0.5,30,1.9356637214813792,14.050775798317042,12.115112076835665,625.8892979387902,False
CVX_w04_s0034,CVX,energy,naive,4,1.0,20,3.0205647944110976,21.899305058158447,18.87874026374735,625.0069622303213,False
COST_w12_s0013,COST,consumer,naive,12,0.5,30,1.7071825676463406,12.377113809328542,10.6699312416822,625.0023543991917,False
BAC_w12_s0007,BAC,finance,moving_average,12,2.0,120,5.841762276990622,42.3198530654908,36.478090788500175,624.4364124877028,False
TGT_w08_s0002,TGT,consumer,naive,8,1.0,40,3.243982028539901,23.499100032443916,20.255118003904016,624.3905738596443,False
TGT_w04_s0027,TGT,consumer,moving_average,4,2.0,40,2.732793761915429,19.79590877592768,17.06311501401225,624.3835613139217,False
WMT_w04_s0039,WMT,consumer,naive,4,2.0,40,3.177125001859222,22.99592133874705,19.81879633688783,623.7965558575778,False
MSFT_w04_s0011,MSFT,technology,naive,4,2.0,40,4.339421568639841,31.35646795134094,27.017046382701096,622.5955684496768,False
CVX_w12_s0005,CVX,energy,naive,12,2.0,120,8.200441991080046,59.24841870173054,51.047976710650495,622.5027476101587,False
MSFT_w08_s0002,MSFT,technology,linear_trend,8,2.0,80,5.908228410144555,42.618251037230905,36.71002262708635,621.3372279929878,False
JPM_w08_s0031,JPM,finance,moving_average,8,2.0,80,4.940806807637664,35.63442857773227,30.69362177009461,621.226916273014,False
CVX_w08_s0027,CVX,energy,moving_average,8,2.0,80,2.791847052725753,20.122148703557727,17.330301650831974,620.7468146907241,False
WMT_w08_s0025,WMT,consumer,naive,8,1.0,40,2.984322356602274,21.464139380862807,18.479817024260537,619.2299227788606,False
TGT_w04_s0028,TGT,consumer,naive,4,2.0,40,2.7019523558942304,19.421316109496924,16.719363753602693,618.7882520256098,False
BAC_w08_s0008,BAC,finance,naive,8,2.0,80,4.952426872645456,35.57785934314075,30.625432470495294,618.3924216963953,False
NVDA_w08_s0018,NVDA,technology,naive,8,2.0,80,7.8556285570872175,56.381376553370075,48.52574799628286,617.7194815620926,False
CVX_w08_s0041,CVX,energy,naive,8,2.0,80,2.641218197439982,18.9530992381541,16.311881040714116,617.5893024107025,False
COST_w04_s0011,COST,consumer,naive,4,2.0,40,1.7123803482275188,12.279955123199668,10.56757477497215,617.1277768931782,False
COST_w12_s0006,COST,consumer,linear_trend,12,2.0,120,3.9017380026487047,27.980397919267304,24.0786599166186,617.1265190095476,False
MSFT_w12_s0034,MSFT,technology,linear_trend,12,1.0,60,1.5083186141363198,10.80565105846492,9.2973324443286,616.4037463432325,False
JPM_w12_s0021,JPM,finance,moving_average,12,1.0,60,2.1986053681904467,15.748334477650712,13.549729109460266,616.2874568350717,False
GS_w12_s0009,GS,finance,linear_trend,12,2.0,120,6.974824083259724,49.953155330237145,42.97833124697742,616.1923330816287,False
BAC_w12_s0001,BAC,finance,naive,12,1.0,60,8.129037892924348,58.1988054944116,50.06976760148726,615.937190366265,False
TGT_w04_s0017,TGT,consumer,naive,4,2.0,40,2.312163970354544,16.543265665837183,14.23110169548264,615.4884289326792,False
CVX_w12_s0007,CVX,energy,linear_trend,12,2.0,120,8.30074871104872,59.37931264717628,51.07856393612756,615.3488765192877,False
BAC_w12_s0015,BAC,finance,naive,12,2.0,120,6.2774052164685665,44.89063427686024,38.613229060391674,615.1144896475878,False
MSFT_w04_s0036,MSFT,technology,naive,4,1.0,20,1.51754329642485,10.850120085999285,9.332576789574434,614.9792768061949,False
AAPL_w12_s0034,AAPL,technology,moving_average,12,1.0,60,2.381422422969511,17.012123317225985,14.630700894256474,614.3681504439999,False
JPM_w12_s0007,JPM,finance,linear_trend,12,1.0,60,3.259853836171437,23.28708780203705,20.027233965865612,614.3598753920442,False
NVDA_w04_s0030,NVDA,technology,moving_average,4,2.0,40,6.547309285361655,46.76217378924322,40.21486450388157,614.21971608693,False
COST_w12_s0041,COST,consumer,linear_trend,12,2.0,120,2.488509070640192,17.772571391942037,15.284062321301846,614.1855178116703,False
TGT_w12_s0030,TGT,consumer,linear_trend,12,2.0,120,6.297404537082958,44.95363555546934,38.65623101838638,613.8438588589144,False
NVDA_w12_s0002,NVDA,technology,moving_average,12,2.0,120,8.513436323858615,60.65163703055243,52.138200706693816,612.4225133460891,False
AAPL_w08_s0032,AAPL,technology,naive,8,1.0,40,1.7929774959314435,12.7706717113034,10.977694215371956,612.2605688181877,False
GS_w08_s0040,GS,finance,naive,8,2.0,80,2.5400854160148167,18.081819851805236,15.54173443579042,611.858732694671,False
TGT_w12_s0005,TGT,consumer,naive,12,1.0,60,4.045638356603563,28.798395287807693,24.752756931204132,611.8381019104443,False
AAPL_w04_s0015,AAPL,technology,moving_average,4,2.0,40,2.665828786561971,18.960896775312932,16.29506798875096,611.2571096422947,False
XOM_w04_s0004,XOM,energy,naive,4,1.0,20,2.498756804627288,17.77205268140871,15.273295876781422,611.235789273201,False
NVDA_w12_s0020,NVDA,technology,moving_average,12,0.5,30,5.099991070284514,36.25304974131582,31.153058671031307,610.8453572114463,False
TGT_w12_s0038,TGT,consumer,moving_average,12,1.0,60,3.5985558826622315,25.566560941691357,21.968005059029124,610.4672478443513,False
JPM_w04_s0040,JPM,finance,moving_average,4,2.0,40,2.3107536295105207,16.415864452967547,14.105110823457029,610.4117134480003,False
CVX_w12_s0009,CVX,energy,moving_average,12,0.5,30,2.093356464384676,14.86346827491972,12.770111810535044,610.0304476470856,False
WMT_w12_s0026,WMT,consumer,linear_trend,12,2.0,120,2.0876011448139975,14.820839080978768,12.73323793616477,609.9459165270425,False
NVDA_w08_s0027,NVDA,technology,moving_average,8,2.0,80,9.157652092472086,64.97589298131167,55.81824088883959,609.5256767258517,False
GS_w08_s0028,GS,finance,naive,8,0.5,20,2.2070317733230427,15.654679843075115,13.447648069752072,609.3092193912763,False
JPM_w12_s0002,JPM,finance,naive,12,1.0,60,2.9629521117913606,21.007990771648856,18.045038659857497,609.022285174488,False
MSFT_w04_s0042,MSFT,technology,moving_average,4,2.0,40,1.885607218970213,13.369103394795602,11.483496175825389,609.007860189296,False
JPM_w12_s0040,JPM,finance,moving_average,12,2.0,120,2.7412729355575127,19.40948624964029,16.668213314082777,608.046469867213,False
GS_w08_s0026,GS,finance,naive,8,2.0,80,3.6004329138973787,25.46677962167563,21.866346707778252,607.3254864262552,False
AAPL_w08_s0016,AAPL,technology,linear_trend,8,2.0,80,3.430825512286683,24.24815287412043,20.817327361833748,606.7731304690798,False
NVDA_w12_s0017,NVDA,technology,linear_trend,12,2.0,120,13.174981028323147,93.05820898154924,79.8832279532261,606.3251839338191,False
COST_w08_s0006,COST,consumer,linear_trend,8,2.0,80,3.787807578790777,26.7180115257148,22.930203946924024,605.3687646468114,False
GS_w12_s0018,GS,finance,naive,12,2.0,120,4.266291600320125,30.082723927571507,25.816432327251384,605.125826966779,False
COST_w12_s0013,COST,consumer,moving_average,12,0.5,30,1.6590470974875402,11.697094748890333,10.038047651402792,605.0489866504938,False
XOM_w12_s0034,XOM,energy,naive,12,2.0,120,2.648054676314341,18.66870999050557,16.020655314191227,604.9971496996942,False
COST_w12_s0025,COST,consumer,naive,12,2.0,120,3.3641332060496083,23.7156450240018,20.351511817952193,604.9555880056934,False
JPM_w12_s0030,JPM,finance,moving_average,12,2.0,120,4.676443611984623,32.95235396203101,28.275910350046388,604.6455960162098,False
WMT_w04_s0018,WMT,consumer,naive,4,2.0,40,1.651816322914926,11.63743149060339,9.985615167688463,604.5233376836388,False
WMT_w08_s0019,WMT,consumer,naive,8,2.0,80,3.730319995680705,26.24903833191134,22.51871833623063,603.6672018031911,False
AAPL_w08_s0027,AAPL,technology,linear_trend,8,2.0,80,5.591101652971164,39.341936889588816,33.750835236617654,603.6526847742455,False
MSFT_w04_s0020,MSFT,technology,linear_trend,4,2.0,40,4.339623481042737,30.51655386025406,26.176930379211324,603.2074094345498,False
GS_w08_s0011,GS,finance,linear_trend,8,2.0,80,3.98029057670627,27.9823017277881,24.00201115108183,603.0215806742365,False
AAPL_w04_s0007,AAPL,technology,naive,4,2.0,40,2.754840669923568,19.362962935264232,16.608122265340665,602.8705197604569,False
MSFT_w12_s0008,MSFT,technology,naive,12,2.0,120,4.334014643911655,30.458069413461388,26.124054769549733,602.7680318581371,False
TGT_w12_s0005,TGT,consumer,moving_average,12,1.0,60,3.760925930870606,26.425439959348452,22.664514028477846,602.6312255299138,False
CVX_w04_s0026,CVX,energy,moving_average,4,2.0,40,3.4540917632379835,24.258639690602784,20.8045479273648,602.3160168698561,False
AAPL_w12_s0029,AAPL,technology,naive,12,2.0,120,3.2230805375662968,22.63483945336645,19.411758915800153,602.2734675583906,False
COST_w12_s0010,COST,consumer,linear_trend,12,1.0,60,1.6950965533167213,11.90198922826832,10.206892674951598,602.1422587981917,False
GS_w12_s0003,GS,finance,moving_average,12,0.5,30,1.936518294401805,13.590632748518944,11.654114454117138,601.8076094508119,False
GS_w12_s0008,GS,finance,naive,12,2.0,120,6.067190979770165,42.57310345182649,36.50591247205632,601.6938084490498,False
COST_w08_s0013,COST,consumer,naive,8,2.0,80,3.2664980333772813,22.877621306597593,19.61112327322031,600.3715010029894,False
TGT_w12_s0034,TGT,consumer,moving_average,12,0.5,30,2.2714348865211047,15.905428109929748,13.633993223408645,600.2370265735533,False
MSFT_w04_s0032,MSFT,technology,naive,4,2.0,40,2.175634321727777,15.23120184944303,13.055567527715253,600.0809693674621,False
COST_w12_s0040,COST,consumer,naive,12,2.0,120,1.1440834554544883,8.007569140215196,6.8634856847607075,599.9112785032086,False
CVX_w04_s0004,CVX,energy,moving_average,4,2.0,40,3.274501733591316,22.913410132504364,19.63890839891305,599.7525729624225,False
GS_w04_s0019,GS,finance,naive,4,1.0,20,2.2611764826166514,15.821730072481156,13.560553589864504,599.7123043740542,False
AAPL_w04_s0022,AAPL,technology,linear_trend,4,2.0,40,2.4876657656893824,17.405070954032897,14.917405188343515,599.6547202638213,False
NVDA_w04_s0011,NVDA,technology,naive,4,1.0,20,4.768970448049675,33.34539712447081,28.576426676421132,599.2158472717689,False
XOM_w08_s0033,XOM,energy,linear_trend,8,1.0,40,1.3907819759943745,9.713572281135518,8.322790305141144,598.4252347813579,False
MSFT_w08_s0036,MSFT,technology,linear_trend,8,2.0,80,3.0848676249033495,21.54084663911295,18.4559790142096,598.2745860865856,False
BAC_w12_s0037,BAC,finance,naive,12,2.0,120,2.8561411449622676,19.923394218487175,17.067253073524906,597.5633628481054,False
JPM_w12_s0020,JPM,finance,moving_average,12,1.0,60,1.2360590827664717,8.619141587288956,7.383082504522484,597.3082199273292,False
GS_w04_s0040,GS,finance,naive,4,2.0,40,1.872647524334687,13.05475474626073,11.182107221926044,597.1282409859173,False
XOM_w12_s0000,XOM,energy,moving_average,12,1.0,60,14.626836741741874,101.87758860199378,87.25075186025191,596.5114221262678,False
JPM_w08_s0001,JPM,finance,naive,8,0.5,20,4.48401305597929,31.21836531214574,26.73435225616645,596.2148620534688,False
WMT_w04_s0023,WMT,consumer,naive,4,2.0,40,2.48150845281109,17.262855695750233,14.781347242939145,595.6597579264585,False
NVDA_w12_s0006,NVDA,technology,naive,12,1.0,60,2.169867029634591,15.093514770829527,12.923647741194936,595.5962998972936,False
TGT_w12_s0034,TGT,consumer,naive,12,0.5,30,2.175235347513203,15.123758462940136,12.948523115426934,595.2699844745576,False
MSFT_w12_s0015,MSFT,technology,linear_trend,12,2.0,120,5.64695079992354,39.20162084646571,33.55467004654217,594.2086487985074,False
GS_w04_s0025,GS,finance,moving_average,4,2.0,40,4.937355859818834,34.2746224145754,29.337266554756564,594.1898333378999,False
WMT_w12_s0013,WMT,consumer,naive,12,2.0,120,4.084103897804303,28.34878156433055,24.264677666526246,594.1248869689978,False
GS_w12_s0034,GS,finance,linear_trend,12,2.0,120,9.275653257852817,64.33426770604879,55.058614448195975,593.582068212641,False
WMT_w08_s0036,WMT,consumer,naive,8,2.0,80,2.925151678687961,20.28027670968696,17.355125030998998,593.30684140056,False
JPM_w08_s0007,JPM,finance,moving_average,8,2.0,80,5.403796804979545,37.44542591774983,32.04162911277029,592.9465942028805,False
AAPL_w12_s0038,AAPL,technology,naive,12,2.0,120,5.3992804811188355,37.413695530957064,32.01441504983823,592.9385436039473,False
NVDA_w08_s0005,NVDA,technology,moving_average,8,2.0,80,6.345028708625092,43.9210528719933,37.5760241633682,592.2120433007556,False
COST_w08_s0001,COST,consumer,naive,8,0.5,20,1.312860469614772,9.086122655462614,7.773262185847841,592.0859349302156,False
MSFT_w04_s0001,MSFT,technology,naive,4,2.0,40,7.121953018426533,49.28709162427194,42.16513860584541,592.0446048542038,False
XOM_w12_s0002,XOM,energy,naive,12,1.0,60,5.808288636866649,40.18299435396993,34.37470571710328,591.8215823318162,False
COST_w08_s0006,COST,consumer,naive,8,2.0,80,2.761585596945318,19.09255589920669,16.330970302261374,591.3620899647509,False
CVX_w08_s0015,CVX,energy,moving_average,8,1.0,40,2.1226833268013374,14.67522743439688,12.552544107595544,591.3526501624207,False
JPM_w08_s0012,JPM,finance,linear_trend,8,2.0,80,1.8295687514045704,12.642098517639283,10.812529766234713,590.9878903393968,False
TGT_w08_s0020,TGT,consumer,naive,8,0.5,20,6.990962661181835,48.25370339152645,41.26274073034462,590.2297398820476,False
CVX_w12_s0037,CVX,energy,moving_average,12,2.0,120,2.445965250448936,16.88128982669751,14.435324576248576,590.1688330853881,False
AAPL_w08_s0014,AAPL,technology,naive,8,2.0,80,2.062858753932992,14.237023611764608,12.174164857831617,590.1598853833631,False
JPM_w08_s0008,JPM,finance,naive,8,2.0,80,4.546571230052613,31.377702831207337,26.831131601154723,590.1399151915241,False
WMT_w12_s0028,WMT,consumer,naive,12,1.0,60,2.1413271117035664,14.777454483845062,12.636127372141496,590.1072892169486,False
WMT_w08_s0010,WMT,consumer,moving_average,8,1.0,40,0.7516044899603916,5.18640746735783,4.434802977397438,590.044769108703,False
CVX_w12_s0024,CVX,energy,naive,12,1.0,60,4.959573802194344,34.20870487649297,29.24913107429863,589.750898784034,False
XOM_w04_s0010,XOM,energy,moving_average,4,2.0,40,7.272010246143659,50.15670498444745,42.88469473830379,589.7226940933631,False
COST_w04_s0000,COST,consumer,moving_average,4,2.0,40,2.44190152312349,16.835042225596432,14.39314070247294,589.4234704461938,False
JPM_w04_s0001,JPM,finance,naive,4,1.0,20,7.282451131926845,50.200237721519024,42.91778658959218,589.3316111856514,False
GS_w08_s0009,GS,finance,linear_trend,8,2.0,80,3.882597022405412,26.742557202433147,22.859960180027738,588.7801398937133,False
TGT_w04_s0038,TGT,consumer,linear_trend,4,2.0,40,2.526090670819273,17.398693207901285,14.872602537082011,588.759647818123,False
TGT_w12_s0034,TGT,consumer,linear_trend,12,2.0,120,10.59254569428794,72.94746024810321,62.35491455381527,588.6678835611757,False
GS_w04_s0014,GS,finance,naive,4,2.0,40,3.0922861082812885,21.29280970597305,18.20052359769176,588.5782544166885,False
XOM_w08_s0039,XOM,energy,moving_average,8,2.0,80,1.7623976234187777,12.127567561717846,10.365169938299069,588.1289103302494,False
TGT_w04_s0035,TGT,consumer,moving_average,4,2.0,40,1.7221541355484933,11.842002880598574,10.11984874505008,587.6273520562074,False
AAPL_w04_s0041,AAPL,technology,moving_average,4,2.0,40,1.486670000117165,10.218108303851132,8.731438303733967,587.3151609332157,False
MSFT_w12_s0023,MSFT,technology,linear_trend,12,2.0,120,8.480241969233202,58.26540600106432,49.785164031831115,587.0724469001534,False
GS_w08_s0025,GS,finance,moving_average,8,1.0,40,5.680690188572032,38.993424525951035,33.312734337379005,586.4205445386717,False
COST_w04_s0027,COST,consumer,moving_average,4,2.0,40,2.618909714044928,17.968580641488376,15.349670927443448,586.1092058700929,False
COST_w12_s0016,COST,consumer,naive,12,2.0,120,8.286248177024767,56.84501182353229,48.55876364650752,586.0162839576315,False
WMT_w04_s0029,WMT,consumer,naive,4,1.0,20,1.2475237971210542,8.54804022426004,7.3005164271389855,585.2005744488877,False
GS_w04_s0006,GS,finance,naive,4,2.0,40,3.5643703680926166,24.41977671590188,20.85540634780926,585.1077243403723,False
AAPL_w08_s0041,AAPL,technology,linear_trend,8,2.0,80,1.0028558901232445,6.867220287821267,5.864364397698022,584.7664111517887,False
XOM_w12_s0029,XOM,energy,moving_average,12,1.0,60,1.5627206741010895,10.69554817784165,9.13282750374056,584.4184219930384,False
WMT_w08_s0041,WMT,consumer,naive,8,1.0,40,2.365890885809657,16.19105683336813,13.825165947558473,584.3534894394428,False
MSFT_w12_s0002,MSFT,technology,naive,12,2.0,120,5.069916825267042,34.673675427929986,29.603758602662943,583.9101433602642,False
COST_w12_s0022,COST,consumer,moving_average,12,2.0,120,7.958246183792317,54.42129224973008,46.46304606593776,583.8352445110825,False
WMT_w12_s0010,WMT,consumer,naive,12,1.0,60,1.0318915210949369,7.053745032510676,6.021853511415739,583.574279690366,False
BAC_w04_s0025,BAC,finance,naive,4,2.0,40,6.037227259982277,41.252900435810254,35.21567317582797,583.3087220230194,False
BAC_w04_s0019,BAC,finance,naive,4,1.0,20,3.9571831044481103,26.997255281312256,23.040072176864147,582.2341693252893,False
CVX_w08_s0037,CVX,energy,naive,8,2.0,80,1.4156331706515988,9.654943166059107,8.239309995407508,582.0229538429827,False
TGT_w12_s0038,TGT,consumer,naive,12,1.0,60,3.5756979779599622,24.382570557151137,20.806872579191175,581.8968130821298,False
WMT_w12_s0005,WMT,consumer,linear_trend,12,1.0,60,1.6585959294849166,11.309084138190569,9.650488208705651,581.8468523374859,False
CVX_w08_s0029,CVX,energy,linear_trend,8,2.0,80,2.086948240737297,14.20434300292853,12.117394762191234,580.6274696065432,False
MSFT_w04_s0024,MSFT,technology,naive,4,2.0,40,3.510298062678351,23.886668683636344,20.376370620957992,580.4740867335595,False
NVDA_w08_s0028,NVDA,technology,linear_trend,8,2.0,80,8.469739956510244,57.63086390656659,49.16112395005634,580.432506812311,False
GS_w12_s0037,GS,finance,moving_average,12,2.0,120,2.7690026654637627,18.83740895568285,16.068406290219087,580.2958043569774,False
COST_w12_s0017,COST,consumer,moving_average,12,2.0,120,3.731463443203547,25.38357214615255,21.652108702949,580.2578273247176,False
BAC_w12_s0016,BAC,finance,naive,12,2.0,120,2.811412382562589,19.122310522145945,16.310898139583355,580.1674005830496,False
XOM_w08_s0009,XOM,energy,linear_trend,8,2.0,80,6.8638884897319095,46.67116686596978,39.807278376237875,579.9522884992654,False
MSFT_w08_s0024,MSFT,technology,moving_average,8,2.0,80,3.760057320316674,25.562611781373096,21.802554461056424,579.846332215494,False
BAC_w12_s0009,BAC,finance,moving_average,12,2.0,120,5.306209103531735,36.073780474937735,30.767571371406,579.8409141269528,False
BAC_w08_s0008,BAC,finance,linear_trend,8,2.0,80,6.294525405273197,42.776045618780245,36.481520213507046,579.575390750586,False
WMT_w08_s0041,WMT,consumer,moving_average,8,1.0,40,2.3683429448396773,16.09124545188601,13.722902507046332,579.4305481369081,False
AAPL_w08_s0032,AAPL,technology,linear_trend,8,2.0,80,2.4094113590906177,16.36043816689759,13.951026807806974,579.0222061986335,False
XOM_w12_s0024,XOM,energy,naive,12,1.0,60,5.354158596122109,36.342496703149166,30.988338107027054,578.7713895787693,False
BAC_w08_s0015,BAC,finance,moving_average,8,1.0,40,2.4775400602505404,16.815770599976048,14.338230539725508,578.7285045262017,False
JPM_w12_s0009,JPM,finance,linear_trend,12,2.0,120,6.39225018478781,43.379594207277776,36.98734402248997,578.6279158865206,False
TGT_w12_s0005,TGT,consumer,linear_trend,12,2.0,120,8.840152996364788,59.95837591360844,51.118222917243656,578.2504322975437,False
TGT_w08_s0002,TGT,consumer,moving_average,8,0.5,20,1.8505003917557543,12.54942408226499,10.698923690509236,578.1638165641294,False
AAPL_w04_s0041,AAPL,technology,naive,4,2.0,40,1.5629403819912366,10.5957426519371,9.032802269945863,577.936457079558,False
BAC_w12_s0015,BAC,finance,moving_average,12,1.0,60,4.305418664759171,29.18186033623323,24.87644167147406,577.79378983729,False
XOM_w08_s0040,XOM,energy,moving_average,8,2.0,80,1.9966800745189304,13.528846789287382,11.53216671476845,577.5670755640185,False
BAC_w08_s0008,BAC,finance,moving_average,8,2.0,80,5.26283356105769,35.64473023750458,30.381896676446893,577.2916115238297,False
BAC_w08_s0020,BAC,finance,linear_trend,8,2.0,80,8.624818499256474,58.39236520073996,49.76754670148348,577.0271769286952,False
GS_w12_s0019,GS,finance,linear_trend,12,2.0,120,3.713255726863235,25.12356284394449,21.410307117081256,576.5912366926467,False
AAPL_w04_s0015,AAPL,technology,naive,4,2.0,40,2.9901531998916986,20.22878008928056,17.23862688938886,576.5131662823575,False
TGT_w08_s0013,TGT,consumer,naive,8,2.0,80,4.79105784929487,32.409270498836435,27.618212649541565,576.4533328188952,False
NVDA_w12_s0031,NVDA,technology,naive,12,2.0,120,3.929210357972613,26.575737544605833,22.646527186633215,576.3633179038633,False
BAC_w12_s0018,BAC,finance,linear_trend,12,2.0,120,4.415541414019737,29.863998318245766,25.448456904226028,576.3383132003905,False
XOM_w08_s0029,XOM,energy,naive,8,2.0,80,1.4499774060316917,9.803256939956697,8.353279533925004,576.097220492995,False
AAPL_w12_s0016,AAPL,technology,naive,12,0.5,30,3.061170447709569,20.69621403766233,17.635043589952762,576.0882607222236,False
JPM_w12_s0030,JPM,finance,naive,12,2.0,120,5.249569726822382,35.48050635219699,30.230936625374607,575.874561126626,False
AAPL_w04_s0032,AAPL,technology,naive,4,1.0,20,2.328852587482354,15.72944055546568,13.400587967983329,575.4158953646037,False
XOM_w08_s0018,XOM,energy,naive,8,2.0,80,5.1608548370353615,34.849645071708544,29.68879023467318,575.2688492925685,False
AAPL_w04_s0018,AAPL,technology,moving_average,4,2.0,40,3.947495493452289,26.648359249591852,22.70086375613956,575.0700360214087,False
GS_w12_s0028,GS,finance,naive,12,2.0,120,2.1378148909155383,14.43107081168916,12.29325592077362,575.0383708623586,False
CVX_w08_s0005,CVX,energy,linear_trend,8,2.0,80,3.808362412820705,25.70255915828875,21.894196745468044,574.8979317662121,False
TGT_w12_s0007,TGT,consumer,naive,12,2.0,120,2.206022430089203,14.879358076356391,12.673335646267187,574.4880683626924,False
WMT_w08_s0031,WMT,consumer,linear_trend,8,2.0,80,1.0442737139638143,7.04261536975614,5.998341655792325,574.4032024921943,False
NVDA_w12_s0006,NVDA,technology,moving_average,12,1.0,60,1.4455745303599987,9.739791218869762,8.294216688509763,573.766105746496,False
XOM_w04_s0010,XOM,energy,naive,4,2.0,40,7.843609095010646,52.84675181005408,45.00314271504343,573.7555527043045,False
CVX_w04_s0016,CVX,energy,naive,4,2.0,40,1.6247754378029269,10.945528369120598,9.32075293131767,573.6640716283532,False
TGT_w12_s0012,TGT,consumer,linear_trend,12,2.0,120,7.205293065910825,48.52541015245204,41.32011708654122,573.468930528753,False
WMT_w08_s0002,WMT,consumer,naive,8,1.0,40,2.959808806983095,19.929485097330087,16.969676290346992,573.3369077864196,False
XOM_w08_s0021,XOM,energy,naive,8,2.0,80,3.1305468051101424,21.077046152813104,17.94649934770296,573.2704369220107,False
MSFT_w12_s0028,MSFT,technology,linear_trend,12,1.0,60,2.257323312980417,15.195331152452724,12.938007839472306,573.1570557515678,False
WMT_w08_s0002,WMT,consumer,naive,8,2.0,80,2.959808806983095,19.92110444894602,16.961295641962927,573.0537594842626,False
AAPL_w12_s0022,AAPL,technology,moving_average,12,1.0,60,6.043624545086541,40.668332478570065,34.62470793348352,572.9129543898184,False
COST_w04_s0028,COST,consumer,moving_average,4,2.0,40,2.841450219111183,19.11263930365716,16.271189084545977,572.6367815669729,False
CVX_w12_s0018,CVX,energy,naive,12,0.5,30,2.596338554500632,17.46059751482992,14.86425896032929,572.5085018116297,False
JPM_w12_s0037,JPM,finance,naive,12,2.0,120,1.3231369878756052,8.894637126794137,7.571500138918532,572.2385670039456,False
BAC_w12_s0002,BAC,finance,moving_average,12,1.0,60,4.172190598900005,28.044373476947825,23.87218287804782,572.1738331978818,False
XOM_w08_s0013,XOM,energy,linear_trend,8,2.0,80,4.960501563842615,33.33589804520578,28.375396481363165,572.0267621361735,False
NVDA_w08_s0039,NVDA,technology,naive,8,1.0,40,8.867564567643365,59.592355940473794,50.72479137283043,572.0261858359494,False
TGT_w04_s0003,TGT,consumer,naive,4,1.0,20,1.0791432035067476,7.249946665471054,6.170803461964306,571.8243363727696,False
BAC_w08_s0025,BAC,finance,naive,8,0.5,20,2.4236067397107393,16.276728664566207,13.853121924855468,571.5911619600818,False
COST_w08_s0002,COST,consumer,moving_average,8,1.0,40,1.215571871032336,8.162365564213946,6.94679369318161,571.483583877437,False
WMT_w08_s0030,WMT,consumer,linear_trend,8,2.0,80,1.071787335474682,7.195373735312207,6.123586399837524,571.3434183401187,False
WMT_w08_s0009,WMT,consumer,moving_average,8,2.0,80,2.511578842292433,16.854400242545527,14.342821400253094,571.0679337926636,False
WMT_w08_s0037,WMT,consumer,naive,8,2.0,80,1.5748913554375117,10.566571624487128,8.991680269049617,570.9397183497581,False
COST_w12_s0036,COST,consumer,moving_average,12,1.0,60,2.0642068446957422,13.848410659924388,11.784203815228649,570.8828960387253,False
GS_w12_s0002,GS,finance,linear_trend,12,2.0,120,9.59777397947167,64.38970138734523,54.79192740787356,570.8816182279977,False
JPM_w12_s0020,JPM,finance,linear_trend,12,1.0,60,2.1220674362497376,14.2291410866303,12.107073650380562,570.5319936381007,False
XOM_w12_s0007,XOM,energy,linear_trend,12,1.0,60,3.943421678327428,26.43625508061008,22.492833402282653,570.3887445235838,False
WMT_w04_s0018,WMT,consumer,moving_average,4,2.0,40,1.672762333775399,11.20525470100233,9.532492367226933,569.8653164739932,False
GS_w12_s0001,GS,finance,moving_average,12,2.0,120,9.50172522397716,63.637434462913575,54.135709238936414,569.7461036057691,False
WMT_w12_s0005,WMT,consumer,naive,12,2.0,120,2.2579854855679775,15.114553434962188,12.856567949394211,569.382222851634,False
BAC_w12_s0020,BAC,finance,linear_trend,12,1.0,60,4.8816446453648865,32.66410611417175,27.782461468806865,569.1209313071623,False
CVX_w12_s0012,CVX,energy,moving_average,12,2.0,120,1.718585272597659,11.49651510145682,9.77792982885916,568.9522646775462,False
WMT_w04_s0010,WMT,consumer,moving_average,4,2.0,40,5.141813217189937,34.3884967540642,29.24668353687426,568.8009715930118,False
NVDA_w08_s0016,NVDA,technology,moving_average,8,1.0,40,9.148291501950414,61.179000066367465,52.030708564417054,568.747820872609,False
NVDA_w08_s0020,NVDA,technology,moving_average,8,0.5,20,6.087725992066883,40.7080739000135,34.62034790794662,568.6909685662847,False
AAPL_w12_s0041,AAPL,technology,moving_average,12,2.0,120,2.127706735666413,14.201073139911644,12.073366404245233,567.435643355416,False
TGT_w08_s0024,TGT,consumer,moving_average,8,2.0,80,2.7899810091372386,18.620845671612464,15.830864662475223,567.4183663124894,False
BAC_w08_s0037,BAC,finance,naive,8,2.0,80,4.093303129353272,27.308818401233648,23.215515271880378,567.1584668479793,False
TGT_w12_s0013,TGT,consumer,moving_average,12,2.0,120,3.393974914153572,22.63529418411401,19.24131926996044,566.9257951707359,False
BAC_w04_s0004,BAC,finance,naive,4,2.0,40,4.41538820127103,29.429147562464436,25.013759361193408,566.5132536702629,False
MSFT_w08_s0029,MSFT,technology,linear_trend,8,1.0,40,1.8521189746826336,12.34009275037474,10.487973775692106,566.2689016772939,False
AAPL_w12_s0022,AAPL,technology,naive,12,1.0,60,5.861721416665574,39.03810807240143,33.176386655735854,565.9836812000555,False
AAPL_w08_s0030,AAPL,technology,linear_trend,8,2.0,80,3.9211686673051536,26.07567414307689,22.154505475771735,564.9975136366055,False
BAC_w08_s0004,BAC,finance,naive,8,0.5,20,1.7941822957514737,11.928077377055226,10.133895081303752,564.8197011697343,False
COST_w04_s0000,COST,consumer,naive,4,2.0,40,2.468504395844186,16.40966498085469,13.941160585010504,564.7614243053785,False
NVDA_w08_s0017,NVDA,technology,linear_trend,8,2.0,80,6.540720390579945,43.46387527696445,36.92315488638451,564.5120519073382,False
WMT_w12_s0035,WMT,consumer,naive,12,2.0,120,2.75501395871346,18.296341235567805,15.541327276854345,564.1106546012512,False
GS_w12_s0001,GS,finance,naive,12,1.0,60,8.4491956269515,56.1067372825543,47.6575416556028,564.0482687320357,False
TGT_w04_s0027,TGT,consumer,naive,4,2.0,40,3.042777955095785,20.203730709206507,17.16095275411072,563.9896504893175,False
TGT_w08_s0039,TGT,consumer,moving_average,8,2.0,80,3.691657093457182,24.51081876681291,20.81916167335573,563.9516657777901,False
XOM_w08_s0018,XOM,energy,linear_trend,8,2.0,80,6.470414242376153,42.93989760154591,36.46948335916976,563.6344443037844,False
COST_w12_s0030,COST,consumer,naive,12,1.0,60,2.062039219687337,13.661424887800342,11.599385668113005,562.5201284906597,False
TGT_w08_s0027,TGT,consumer,moving_average,8,1.0,40,2.7198458824996186,18.018415769681276,15.298569887181657,562.479292875294,False
NVDA_w12_s0020,NVDA,technology,linear_trend,12,2.0,120,24.733527174971705,163.81473546323753,139.08120828826583,562.3185375234494,False
NVDA_w04_s0033,NVDA,technology,naive,4,2.0,40,4.3820313704503855,29.010915133141317,24.628883762690933,562.0426163256693,False
JPM_w04_s0001,JPM,finance,moving_average,4,2.0,40,13.076377527994174,86.51123301885526,73.4348554908611,561.5840880522933,False
NVDA_w08_s0012,NVDA,technology,linear_trend,8,2.0,80,11.704528219676412,77.38088582503127,65.67635760535487,561.1192213193757,False
BAC_w08_s0007,BAC,finance,moving_average,8,2.0,80,5.509593776239404,36.42426692212547,30.914673145886063,561.1062158376947,False
BAC_w12_s0036,BAC,finance,naive,12,1.0,60,1.9985924309987997,13.20908898396578,11.21049655296698,560.9195941648051,False
XOM_w04_s0032,XOM,energy,linear_trend,4,2.0,40,1.575853645694308,10.41479876340536,8.838945117711052,560.8988589683838,False
BAC_w12_s0002,BAC,finance,naive,12,1.0,60,4.41735904079021,29.19267653791785,24.77531749712764,560.8626617929533,False
JPM_w04_s0019,JPM,finance,moving_average,4,1.0,20,3.635377297864496,24.02315449944688,20.38777720158238,560.8159905041666,False
GS_w12_s0002,GS,finance,naive,12,0.5,30,2.8294043292652216,18.658435599869957,15.829031270604736,559.4474818208621,False
MSFT_w04_s0022,MSFT,technology,linear_trend,4,2.0,40,2.9935931811282916,19.74116936654088,16.74757618541259,559.4472986840648,False
XOM_w12_s0011,XOM,energy,moving_average,12,2.0,120,4.923337131848453,32.45826342992176,27.534926298073305,559.2736300740672,False
GS_w12_s0018,GS,finance,moving_average,12,2.0,120,4.844068271618008,31.883887950803945,27.03981967918594,558.2047601933187,False
COST_w08_s0001,COST,consumer,moving_average,8,1.0,40,2.5610439902521027,16.833350269901565,14.272306279649465,557.2846985047115,False
BAC_w12_s0011,BAC,finance,moving_average,12,2.0,120,4.709298322127017,30.94854051817369,26.239242196046675,557.1794437561852,False
BAC_w12_s0001,BAC,finance,moving_average,12,1.0,60,8.253697778532052,54.19331596387183,45.93961818533978,556.5943825182111,False
NVDA_w08_s0005,NVDA,technology,naive,8,2.0,80,7.086643018032166,46.523862696463944,39.43721967843178,556.5007236583338,False
COST_w12_s0009,COST,consumer,moving_average,12,2.0,120,5.805673467857235,38.11378136437935,32.30810789652212,556.4919914182916,False
NVDA_w12_s0030,NVDA,technology,moving_average,12,0.5,30,4.161758485040569,27.317866303125744,23.156107818085175,556.4020089421274,False
JPM_w08_s0008,JPM,finance,moving_average,8,2.0,80,4.5324515519287445,29.733976022311023,25.20152447038228,556.0241335543453,False
NVDA_w12_s0041,NVDA,technology,naive,12,2.0,120,3.511368189566635,23.02797335245604,19.516605162889405,555.8119829438365,False
TGT_w12_s0006,TGT,consumer,naive,12,2.0,120,2.323532700456238,15.224186668399714,12.900653967943477,555.2172330266909,False
XOM_w08_s0007,XOM,energy,naive,8,2.0,80,6.629632678716824,43.41455566976226,36.784922991045434,554.8561251234391,False
NVDA_w12_s0003,NVDA,technology,linear_trend,12,2.0,120,6.407451460748508,41.94904757079632,35.541596110047806,554.6916169052945,False
CVX_w08_s0034,CVX,energy,naive,8,1.0,40,2.7464252958213287,17.97935631297822,15.23293101715689,554.6457440635182,False
AAPL_w08_s0005,AAPL,technology,moving_average,8,0.5,20,3.2264516872881464,21.10922602179386,17.88277433450571,554.2551405608153,False
COST_w04_s0014,COST,consumer,naive,4,1.0,20,1.145002519099355,7.490375002909559,6.345372483810204,554.1797837092444,False
WMT_w12_s0025,WMT,consumer,moving_average,12,0.5,30,1.2110907834871472,7.92159965319938,6.710508869712234,554.0880139794615,False
MSFT_w12_s0010,MSFT,technology,naive,12,1.0,60,2.062716308872398,13.464725598184938,11.40200928931254,552.7667202837772,False
GS_w12_s0013,GS,finance,moving_average,12,2.0,120,5.515106148680111,35.99910868814051,30.4840025394604,552.7364608704023,False
NVDA_w12_s0027,NVDA,technology,moving_average,12,0.5,30,2.855013636974683,18.63019507671979,15.775181439745108,552.5431204756447,False
COST_w08_s0016,COST,consumer,naive,8,1.0,40,3.2797700872274036,21.401524576481915,18.12175448925451,552.531244791429,False
MSFT_w08_s0028,MSFT,technology,linear_trend,8,1.0,40,1.8012808459602732,11.74467043515926,9.943389589198988,552.0177273576742,False
WMT_w08_s0023,WMT,consumer,moving_average,8,2.0,80,2.0558374201719216,13.403658623326924,11.347821203155004,551.9804772405607,False
GS_w12_s0040,GS,finance,linear_trend,12,2.0,120,3.3985444635013677,22.14497612243175,18.746431658930383,551.6017771801278,False
CVX_w12_s0022,CVX,energy,moving_average,12,2.0,120,3.3474032017002595,21.811559943308996,18.464156741608736,551.5964354766155,False
AAPL_w12_s0027,AAPL,technology,linear_trend,12,0.5,30,1.5567532093917893,10.141457545933068,8.584704336541279,551.4492781996738,False
XOM_w12_s0015,XOM,energy,moving_average,12,0.5,30,2.389861371141271,15.56597115540502,13.17610978426375,551.3336440084614,False
TGT_w04_s0003,TGT,consumer,moving_average,4,1.0,20,1.1340634515809178,7.3850700522950605,6.251006600714143,551.2043080129296,False
WMT_w08_s0041,WMT,consumer,linear_trend,8,2.0,80,6.400860922602926,41.679901937469566,35.27904101486664,551.1608741612891,False
BAC_w04_s0025,BAC,finance,moving_average,4,2.0,40,5.918073610397485,38.53173441009198,32.61366079969449,551.085757743794,False
BAC_w08_s0017,BAC,finance,naive,8,2.0,80,2.693230518267018,17.533978557394565,14.840748039127549,551.0389080499857,False
BAC_w08_s0038,BAC,finance,linear_trend,8,2.0,80,1.409824872839043,9.167157113857636,7.757332241018592,550.2337482099617,False
WMT_w12_s0022,WMT,consumer,naive,12,1.0,60,2.4479929411667203,15.904352186183909,13.456359245017188,549.6894626911729,False
MSFT_w12_s0012,MSFT,technology,linear_trend,12,0.5,30,1.4074999244898916,9.142637134776397,7.7351372102865055,549.5657282603327,False
GS_w08_s0031,GS,finance,naive,8,1.0,40,3.3330045150111327,21.648208729694435,18.315204214683305,549.5103331602335,False
WMT_w12_s0041,WMT,consumer,linear_trend,12,1.0,60,3.2479372233321326,21.056799227384545,17.80886200405241,548.3129992821073,False
JPM_w08_s0015,JPM,finance,naive,8,1.0,40,2.188450477015861,14.188007143608214,11.999556666592351,548.3129178666529,False
CVX_w04_s0004,CVX,energy,naive,4,2.0,40,3.7764052075351495,24.478859605672945,20.702454398137796,548.2053238574532,False
MSFT_w04_s0024,MSFT,technology,moving_average,4,2.0,40,3.620671986441671,23.465964450805693,19.84529246436402,548.1107523321273,False
XOM_w04_s0019,XOM,energy,moving_average,4,2.0,40,3.4953731980665195,22.631282409950064,19.135909211883543,547.4639795964749,False
GS_w12_s0027,GS,finance,linear_trend,12,2.0,120,4.360266871912898,28.229089684548235,23.868822812635337,547.4165576054252,False
NVDA_w12_s0016,NVDA,technology,naive,12,2.0,120,10.687377914596455,69.18707206754776,58.49969415295131,547.3718120611645,False
WMT_w12_s0021,WMT,consumer,naive,12,1.0,60,3.16517976491564,20.481958207232104,17.316778442316465,547.1025258743243,False
MSFT_w08_s0020,MSFT,technology,naive,8,1.0,40,3.591106107413326,23.22551328147871,19.634407174065387,546.7509615918325,False
XOM_w12_s0024,XOM,energy,moving_average,12,1.0,60,4.981916188926303,32.21545819259262,27.23354200366632,546.6479356718296,False
JPM_w04_s0018,JPM,finance,moving_average,4,2.0,40,5.330931303879245,34.461784059843204,29.130852755963957,546.449599430513,False
NVDA_w04_s0003,NVDA,technology,naive,4,2.0,40,5.686064340783652,36.751748479922995,31.065684139139343,546.3477420809114,False
COST_w12_s0022,COST,consumer,naive,12,2.0,120,8.932683717781122,57.718308484102806,48.78562476632168,546.1474547588708,False
NVDA_w08_s0012,NVDA,technology,naive,8,0.5,20,2.721368074431477,17.56873075648618,14.8473626820547,545.5845102892403,False
NVDA_w12_s0026,NVDA,technology,linear_trend,12,2.0,120,7.4063882189924355,47.801990742636306,40.39560252364387,545.415678050148,False
NVDA_w12_s0011,NVDA,technology,naive,12,2.0,120,4.632092525783007,29.873279929631437,25.24118740384843,544.9197584752837,False
WMT_w12_s0024,WMT,consumer,moving_average,12,2.0,120,3.5644711160303717,22.954252123953932,19.38978100792356,543.9735763525358,False
GS_w12_s0000,GS,finance,linear_trend,12,2.0,120,21.929799348866503,141.13935976152695,119.20956041266044,543.5962204497876,False
NVDA_w04_s0037,NVDA,technology,naive,4,1.0,20,4.444527266353018,28.60466220528564,24.16013493893262,543.5929063105368,False
CVX_w12_s0024,CVX,energy,moving_average,12,1.0,60,4.90930087061686,31.567984272764686,26.658683402147823,543.0240293827851,False
WMT_w08_s0009,WMT,consumer,naive,8,2.0,80,2.840155299143192,18.256744765366324,15.416589466223131,542.8079750031259,False
NVDA_w04_s0033,NVDA,technology,moving_average,4,2.0,40,4.422881323391216,28.4131146175559,23.990233294164685,542.4118700017555,False
MSFT_w12_s0039,MSFT,technology,moving_average,12,1.0,60,2.629270314593785,16.88841451196917,14.259144197375385,542.3232490866343,False
TGT_w12_s0000,TGT,consumer,moving_average,12,2.0,120,9.44381737197374,60.63376861995211,51.18995124797837,542.0472382269265,False
TGT_w08_s0007,TGT,consumer,linear_trend,8,2.0,80,3.440113491475484,22.077902149349267,18.637788657873784,541.7783077232122,False
AAPL_w12_s0008,AAPL,technology,naive,12,2.0,120,6.563556694647492,42.11331067924034,35.549753984592854,541.6233246462742,False
CVX_w12_s0033,CVX,energy,naive,12,0.5,30,2.396651140127561,15.369046236349002,12.97239509622144,541.2717303333095,False
BAC_w12_s0027,BAC,finance,moving_average,12,1.0,60,3.181488380247858,20.38591263943623,17.20442425918837,540.7665282074058,False
WMT_w12_s0004,WMT,consumer,naive,12,1.0,60,2.864305803201925,18.348193208773097,15.483887405571172,540.5808062903822,False
WMT_w12_s0030,WMT,consumer,linear_trend,12,1.0,60,0.9518487201461164,6.095847439285267,5.143998719139151,540.4218769501003,False
CVX_w12_s0027,CVX,energy,moving_average,12,2.0,120,5.390864699493524,34.5215943359304,29.13072963643688,540.372115797559,False
CVX_w08_s0027,CVX,energy,linear_trend,8,2.0,80,3.5420472882895506,22.668780793812076,19.126733505522523,539.9909134120791,False
GS_w12_s0010,GS,finance,naive,12,2.0,120,2.2606959543950778,14.45191805264781,12.191222098252734,539.2685413777763,False
AAPL_w04_s0010,AAPL,technology,moving_average,4,2.0,40,4.852256724956734,30.997857942242963,26.145601217286227,538.833839578415,False
BAC_w12_s0027,BAC,finance,linear_trend,12,1.0,60,4.406683170116903,28.13380011248508,23.727116942368177,538.4348278830023,False
XOM_w12_s0005,XOM,energy,naive,12,1.0,60,6.4006256003042346,40.85800968523002,34.45738408492579,538.344003175064,False
AAPL_w12_s0002,AAPL,technology,moving_average,12,2.0,120,7.666599714734508,48.929398090104826,41.26279837537032,538.2151137494105,False
WMT_w12_s0024,WMT,consumer,linear_trend,12,2.0,120,3.9727503640941983,25.333058782317934,21.360308418223735,537.6705420828515,False
XOM_w04_s0042,XOM,energy,naive,4,2.0,40,1.7492392356053492,11.14545512881412,9.39621589320877,537.1601380732279,False
WMT_w08_s0037,WMT,consumer,moving_average,8,2.0,80,1.579433406942677,10.061655777016036,8.482222370073359,537.0421021100516,False
AAPL_w12_s0029,AAPL,technology,moving_average,12,2.0,120,3.402339891591535,21.65614208884347,18.253802197251936,536.5073090541002,False
MSFT_w04_s0007,MSFT,technology,moving_average,4,1.0,20,0.8860575683987829,5.637390235990839,4.751332667592056,536.2329533709993,False
XOM_w08_s0025,XOM,energy,naive,8,2.0,80,4.314412594023658,27.44932127929208,23.13490868526842,536.2238353678782,False
TGT_w08_s0020,TGT,consumer,naive,8,2.0,80,6.990962661181835,44.46503547697362,37.474072815791786,536.0359457199093,False
AAPL_w08_s0002,AAPL,technology,linear_trend,8,0.5,20,1.8615460053075343,11.828413253770815,9.96686724846328,535.4080543830942,False
CVX_w12_s0019,CVX,energy,moving_average,12,2.0,120,4.783311473632548,30.392461676184357,25.60915020255181,535.3853777601415,False
COST_w04_s0002,COST,consumer,moving_average,4,1.0,20,2.167926559288172,13.774012204034342,11.60608564474617,535.3541887764395,False
NVDA_w08_s0006,NVDA,technology,naive,8,1.0,40,2.323173748550932,14.760229886812771,12.43705613826184,535.3476530121516,False
JPM_w04_s0010,JPM,finance,naive,4,1.0,20,1.1523320908322845,7.32107911778329,6.168747026951006,535.3271922242103,False
BAC_w08_s0013,BAC,finance,naive,8,0.5,20,1.6498571446300472,10.478930664439297,8.82907351980925,535.1416968763692,False
BAC_w04_s0037,BAC,finance,naive,4,2.0,40,2.618766499888182,16.630587220515505,14.011820720627323,535.054221948601,False
TGT_w12_s0020,TGT,consumer,moving_average,12,0.5,30,3.1699710028419363,20.097152922994766,16.92718192015283,533.9853867741158,False
GS_w12_s0035,GS,finance,moving_average,12,2.0,120,3.725651239450357,23.61893660359508,19.893285364144724,533.9545782895011,False
XOM_w04_s0027,XOM,energy,moving_average,4,2.0,40,2.8260125275580115,17.914687277119576,15.088674749561564,533.9210142355545,False
XOM_w08_s0029,XOM,energy,linear_trend,8,2.0,80,1.523469520537576,9.64934944134351,8.125879920805934,533.3798813341939,False
WMT_w12_s0006,WMT,consumer,moving_average,12,2.0,120,2.5213971362290777,15.969487956645017,13.448090820415938,533.3586933682521,False
XOM_w12_s0032,XOM,energy,moving_average,12,2.0,120,4.019631244015969,25.45615323565948,21.436521991643513,533.2957351139137,False
WMT_w12_s0022,WMT,consumer,moving_average,12,0.5,30,1.468850206779828,9.30202428859946,7.833174081819632,533.2861067564106,False
MSFT_w08_s0020,MSFT,technology,moving_average,8,1.0,40,3.169063784994098,20.069008278651555,16.899944493657458,533.2787738031891,False
CVX_w08_s0025,CVX,energy,naive,8,0.5,20,1.9389203900658896,12.278627275683936,10.339706885618046,533.2713472195047,False
WMT_w08_s0039,WMT,consumer,linear_trend,8,2.0,80,4.7559465762973385,30.11187997083255,25.355933394535217,533.1416782708195,False
WMT_w12_s0001,WMT,consumer,naive,12,0.5,30,1.729886676363512,10.95089507158148,9.221008395217968,533.0411824780307,False
XOM_w12_s0007,XOM,energy,naive,12,2.0,120,7.573671481608043,47.921725250611864,40.34805376900382,532.7410076735612,False
TGT_w04_s0013,TGT,consumer,naive,4,2.0,40,2.455987846252581,15.536041135177625,13.080053288925043,532.5780951596718,False
BAC_w08_s0031,BAC,finance,naive,8,2.0,80,6.451297080627478,40.80695074089544,34.35565366026796,532.5387008363657,False
GS_w12_s0017,GS,finance,linear_trend,12,2.0,120,3.2263532591091213,20.39719934153385,17.170846082424728,532.2060141413664,False
WMT_w12_s0031,WMT,consumer,moving_average,12,2.0,120,1.316775899947584,8.323927551834775,7.007151651887191,532.1445852833516,False
GS_w04_s0003,GS,finance,naive,4,2.0,40,3.3699624512474315,21.296522620730467,17.926560169483036,531.9513326579442,False
MSFT_w12_s0018,MSFT,technology,linear_trend,12,2.0,120,3.3294901274852067,21.0220123984788,17.692522270993592,531.3883385609229,False
NVDA_w08_s0005,NVDA,technology,linear_trend,8,2.0,80,8.584561864254246,54.18623691289809,45.60167504864384,531.2056196895418,False
MSFT_w04_s0018,MSFT,technology,naive,4,2.0,40,4.278241771832757,26.984447675528333,22.706205903695576,530.7368567431022,False
WMT_w04_s0021,WMT,consumer,moving_average,4,0.5,10,2.707198513861162,17.061595506073882,14.35439699221272,530.230676424968,False
XOM_w08_s0002,XOM,energy,linear_trend,8,2.0,80,6.082854187913771,38.322867378917024,32.24001319100326,530.0145654495883,False
BAC_w08_s0007,BAC,finance,naive,8,2.0,80,5.311424152067124,33.42845175660751,28.117027604540382,529.3688999323782,False
CVX_w08_s0002,CVX,energy,moving_average,8,1.0,40,4.371982140477042,27.510486621332696,23.138504480855655,529.2451738682294,False
AAPL_w08_s0032,AAPL,technology,moving_average,8,2.0,80,2.051237716889316,12.900024438815926,10.84878672192661,528.8897835975199,False
COST_w04_s0004,COST,consumer,naive,4,2.0,40,1.8924267125014904,11.897535694295456,10.005108981793963,528.6920183328413,False
MSFT_w08_s0034,MSFT,technology,naive,8,0.5,20,1.6495736334130655,10.370605369611372,8.721031736198306,528.6839920054963,False
TGT_w04_s0039,TGT,consumer,moving_average,4,2.0,40,2.8710518802211085,18.03923371493732,15.168181834716211,528.3144459774815,False
NVDA_w08_s0037,NVDA,technology,moving_average,8,1.0,40,4.509681450132601,28.319203503034444,23.809522052901844,527.9646093894671,False
JPM_w08_s0032,JPM,finance,naive,8,2.0,80,2.5065063340832814,15.735220941788125,13.228714607704845,527.7750320364961,False
XOM_w12_s0020,XOM,energy,naive,12,1.0,60,4.897143796254721,30.71852489739495,25.82138110114023,527.2743087692896,False
COST_w12_s0041,COST,consumer,naive,12,2.0,120,3.1585569327019827,19.80779797748066,16.649241044778677,527.115432759862,False
COST_w08_s0011,COST,consumer,linear_trend,8,2.0,80,3.6799225336935906,23.07653380065147,19.39661126695788,527.0929235428558,False
AAPL_w12_s0023,AAPL,technology,linear_trend,12,2.0,120,7.089046647271104,44.45179807015035,37.36275142287925,527.0490276328181,False
XOM_w08_s0003,XOM,energy,moving_average,8,1.0,40,3.2909141465475447,20.633250295507533,17.342336148959987,526.9762557359209,False
XOM_w08_s0011,XOM,energy,linear_trend,8,1.0,40,1.7996872966888229,11.281773882771924,9.4820865860831,526.8741188276895,False
GS_w08_s0003,GS,finance,naive,8,2.0,80,5.3345059312322425,33.43885953716149,28.104353605929248,526.840797783822,False
MSFT_w12_s0040,MSFT,technology,naive,12,0.5,30,2.337866577990646,14.654320259443583,12.316453681452938,526.824490217004,False
JPM_w12_s0015,JPM,finance,moving_average,12,2.0,120,3.438090804929556,21.535369935197892,18.097279130268337,526.375833480615,False
NVDA_w08_s0028,NVDA,technology,naive,8,1.0,40,4.116734926211961,25.784243914801223,21.66750898858926,526.3275235582572,False
MSFT_w12_s0023,MSFT,technology,moving_average,12,1.0,60,4.179395254222502,26.169151275245284,21.98975602102278,526.1468390386436,False
XOM_w12_s0002,XOM,energy,moving_average,12,1.0,60,6.737714236480143,42.17681448343434,35.4391002469542,525.9810523734527,False
JPM_w12_s0003,JPM,finance,moving_average,12,2.0,120,2.4232681997077297,15.15192106420868,12.728652864500951,525.2680188695643,False
BAC_w12_s0011,BAC,finance,naive,12,1.0,60,3.065377560826545,19.15560814912652,16.090230588299978,524.9020803806441,False
COST_w12_s0013,COST,consumer,linear_trend,12,2.0,120,7.429258433127095,46.40100473922172,38.97174630609462,524.5711487477598,False
NVDA_w12_s0013,NVDA,technology,moving_average,12,2.0,120,5.386241734857186,33.619941514920384,28.2336997800632,524.1818167452116,False
TGT_w12_s0014,TGT,consumer,naive,12,1.0,60,4.01012915371529,25.00568605367602,20.99555689996073,523.5631096945802,False
AAPL_w08_s0001,AAPL,technology,moving_average,8,2.0,80,12.587878144548151,78.48031945274003,65.89244130819188,523.4594786471627,False
JPM_w08_s0034,JPM,finance,linear_trend,8,2.0,80,3.0453417396185127,18.98221514768475,15.93687340806624,523.3197050017328,False
NVDA_w08_s0002,NVDA,technology,naive,8,1.0,40,2.9267021819106844,18.236335435968375,15.30963325405769,523.1018498801565,False
NVDA_w12_s0002,NVDA,technology,linear_trend,12,0.5,30,3.2464981400275947,20.226206703918596,16.979708563891002,523.0161186461262,False
JPM_w12_s0036,JPM,finance,linear_trend,12,2.0,120,6.435869350939312,40.09215169527094,33.65628234433163,522.9485017345717,False
COST_w12_s0030,COST,consumer,linear_trend,12,2.0,120,5.23853935119682,32.61901154124379,27.380472190046973,522.6737904296072,False
MSFT_w12_s0003,MSFT,technology,linear_trend,12,1.0,60,3.0323633027750625,18.86968776157864,15.837324458803575,522.2766165356926,False
WMT_w04_s0041,WMT,consumer,linear_trend,4,1.0,20,1.6289784469428272,10.136074550991085,8.507096104048257,522.2350314096471,False
COST_w08_s0026,COST,consumer,naive,8,2.0,80,6.348932506580995,39.504861882528225,33.15592937594723,522.2284114940488,False
MSFT_w12_s0023,MSFT,technology,naive,12,0.5,30,3.4464543535445964,21.442491386632437,17.99603703308784,522.1608989128013,False
CVX_w04_s0025,CVX,energy,moving_average,4,1.0,20,3.062341961383904,19.04901795616955,15.986675994785646,522.0408496626909,False
CVX_w08_s0034,CVX,energy,naive,8,0.5,20,2.7464252958213287,17.077735538559626,14.331310242738295,521.8168600669135,False
NVDA_w04_s0017,NVDA,technology,linear_trend,4,2.0,40,6.537991619434047,40.650742291309136,34.11275067187509,521.7619210534873,False
GS_w08_s0022,GS,finance,moving_average,8,1.0,40,2.4074699489449736,14.96614754532839,12.558677596383417,521.6545943548334,False
COST_w04_s0026,COST,consumer,naive,4,1.0,20,3.941194462521552,24.499076526517044,20.557882063995493,521.6155218802039,False
NVDA_w08_s0025,NVDA,technology,moving_average,8,1.0,40,6.993284054438528,43.45325720980077,36.45997315536224,521.3569600711652,False
WMT_w12_s0021,WMT,consumer,naive,12,0.5,30,3.16517976491564,19.66480176000284,16.499621995087203,521.2854630873378,False
BAC_w04_s0019,BAC,finance,moving_average,4,1.0,20,4.2606352931492735,26.45372665906884,22.193091365919564,520.8869062696848,False
TGT_w08_s0001,TGT,consumer,naive,8,1.0,40,6.749145925888154,41.878745785437744,35.129599859549586,520.5043755951491,False
AAPL_w04_s0032,AAPL,technology,moving_average,4,1.0,20,2.388668683956168,14.819664086382629,12.43099540242646,520.4152206591481,False
COST_w12_s0019,COST,consumer,naive,12,2.0,120,8.51647672414865,52.831213725581435,44.31473700143279,520.3411978544768,False
XOM_w12_s0013,XOM,energy,moving_average,12,2.0,120,6.490611408769867,40.26238098836035,33.77176957959048,520.3172313467935,False
WMT_w08_s0020,WMT,consumer,naive,8,2.0,80,1.8395725966336736,11.411103211008676,9.571530614375003,520.3127417689537,False
XOM_w12_s0017,XOM,energy,linear_trend,12,1.0,60,5.541373248828608,34.373743829724916,28.83237058089631,520.3109281077789,False
NVDA_w12_s0004,NVDA,technology,naive,12,1.0,60,5.100876845886167,31.63295567897192,26.532078833085755,520.1474106257584,False
MSFT_w08_s0025,MSFT,technology,naive,8,2.0,80,3.4130839453779545,21.13151466862168,17.718430723243724,519.1325794151143,False
XOM_w12_s0000,XOM,energy,linear_trend,12,2.0,120,36.84752583119532,227.97576892398075,191.12824309278545,518.7003435953227,False
COST_w08_s0041,COST,consumer,moving_average,8,0.5,20,1.4330932065960478,8.865260368677937,7.432167162081889,518.6101732862952,False
NVDA_w08_s0036,NVDA,technology,linear_trend,8,1.0,40,6.240625462729708,38.592567827826045,32.351942365096335,518.4086524389062,False
JPM_w12_s0002,JPM,finance,moving_average,12,1.0,60,3.3221010833360007,20.54233650225543,17.22023541891943,518.3537462269854,False
BAC_w08_s0026,BAC,finance,moving_average,8,1.0,40,2.841166026367292,17.56783809074525,14.72667206437796,518.3319780578767,False
BAC_w08_s0003,BAC,finance,moving_average,8,1.0,40,2.872979415408506,17.750771625119604,14.877792209711098,517.8523775672663,False
MSFT_w04_s0016,MSFT,technology,naive,4,0.5,10,1.4546945160177638,8.986084066930406,7.531389550912643,517.7299747805383,False
BAC_w08_s0028,BAC,finance,naive,8,0.5,20,3.11332215796758,19.20393050409793,16.09060834613035,516.8308170406149,False
GS_w04_s0035,GS,finance,moving_average,4,0.5,10,0.8453379081403016,5.2125310451721685,4.367193137031867,516.6209979438233,False
MSFT_w12_s0033,MSFT,technology,linear_trend,12,1.0,60,2.767860223731537,17.066557825770442,14.298697602038905,516.597531892773,False
MSFT_w08_s0000,MSFT,technology,naive,8,2.0,80,7.151752387889124,44.080608510115205,36.92885612222608,516.3609437144652,False
JPM_w08_s0035,JPM,finance,naive,8,2.0,80,4.077570719955579,25.128069544403942,21.05049882444836,516.2509805514221,False
NVDA_w04_s0039,NVDA,technology,linear_trend,4,2.0,40,8.140484775522214,50.15748314221643,42.01699836669421,516.1486020222771,False
XOM_w12_s0028,XOM,energy,moving_average,12,2.0,120,1.884392991252096,11.605488454630438,9.721095463378342,515.8741042079074,False
TGT_w08_s0022,TGT,consumer,linear_trend,8,2.0,80,5.457631272853948,33.591000174129185,28.133368901275237,515.4868017780819,False
XOM_w12_s0020,XOM,energy,moving_average,12,2.0,120,9.755735848127738,60.044023370291875,50.28828752216414,515.4740585951306,False
JPM_w04_s0018,JPM,finance,naive,4,2.0,40,5.2759529047543605,32.45935603671219,27.183403131957824,515.2321035212773,False
XOM_w08_s0034,XOM,energy,linear_trend,8,2.0,80,3.6553184609424902,22.48388497794532,18.82856651700283,515.1005779164877,False
COST_w12_s0006,COST,consumer,moving_average,12,0.5,30,1.2284734219940332,7.555398926112263,6.326925504118229,515.0233933306015,False
BAC_w12_s0034,BAC,finance,linear_trend,12,2.0,120,11.488723147808727,70.61197937110025,59.12325622329152,514.6199056469408,False
COST_w08_s0013,COST,consumer,moving_average,8,2.0,80,3.659608638223564,22.48799125380983,18.828382615586268,514.4916977987538,False
COST_w08_s0039,COST,consumer,moving_average,8,1.0,40,2.6234680265381205,16.1196663941503,13.49619836761218,514.4411226319198,False
JPM_w12_s0039,JPM,finance,naive,12,2.0,120,3.118702880354526,19.15568540274587,16.036982522391344,514.219633534577,False
COST_w08_s0011,COST,consumer,naive,8,1.0,40,1.47249616912097,9.03131220988207,7.5588160407611005,513.333494461548,False
WMT_w04_s0023,WMT,consumer,moving_average,4,2.0,40,2.8266299156599284,17.325874404593574,14.499244488933645,512.9516392862676,False
WMT_w12_s0009,WMT,consumer,naive,12,0.5,30,2.165331961264666,13.270951319716836,11.10561935845217,512.8829924057424,False
JPM_w12_s0001,JPM,finance,moving_average,12,0.5,30,7.660538858793433,46.91896559452425,39.25842673573082,512.4760471734515,False
GS_w08_s0014,GS,finance,naive,8,2.0,80,2.7251574474408726,16.690666132101747,13.965508684660874,512.4661218299711,False
TGT_w12_s0007,TGT,consumer,linear_trend,12,2.0,120,3.4886415600146417,21.36197841291699,17.873336852902348,512.329413768359,False
TGT_w08_s0008,TGT,consumer,linear_trend,8,2.0,80,4.045550479090649,24.763613793199305,20.718063314108655,512.119757773128,False
COST_w12_s0030,COST,consumer,moving_average,12,1.0,60,2.5156541047940237,15.39696940350574,12.881315298711716,512.0463609907297,False
NVDA_w04_s0005,NVDA,technology,naive,4,2.0,40,4.784997046793227,29.244744715383177,24.45974766858995,511.17581535357897,False
AAPL_w12_s0012,AAPL,technology,naive,12,1.0,60,2.6930833964572485,16.449127126668778,13.756043730211529,510.7915985189172,False
MSFT_w12_s0003,MSFT,technology,moving_average,12,2.0,120,4.781157402899767,29.2018573437877,24.420699940887935,510.76962925497503,False
TGT_w08_s0010,TGT,consumer,moving_average,8,2.0,80,1.859473715917228,11.35256288292504,9.493089167007811,510.5255904262745,False
COST_w12_s0015,COST,consumer,naive,12,1.0,60,2.0360113177714987,12.43015708342231,10.394145765650812,510.5151270488834,False
WMT_w04_s0014,WMT,consumer,moving_average,4,2.0,40,3.010137236427501,18.37504559665688,15.36490836022938,510.43879907830376,False
MSFT_w08_s0003,MSFT,technology,linear_trend,8,2.0,80,2.759372421327191,16.83569218222079,14.0763197608936,510.1275801735828,False
AAPL_w08_s0039,AAPL,technology,linear_trend,8,2.0,80,6.3348769903965305,38.64587229600035,32.31099530560382,510.04929305788016,False
TGT_w08_s0027,TGT,consumer,naive,8,0.5,20,2.070299031726878,12.619533126878329,10.549234095151451,509.5512258609387,False
GS_w08_s0022,GS,finance,linear_trend,8,2.0,80,6.433284863356841,39.19790616781809,32.76462130446125,509.2984688286431,False
TGT_w08_s0039,TGT,consumer,naive,8,2.0,80,3.923553681995645,23.89790333002186,19.974349648026216,509.08822121344406,False
BAC_w12_s0007,BAC,finance,naive,12,1.0,60,3.512027687665974,21.381911825523172,17.8698841378572,508.81956883811415,False
WMT_w12_s0038,WMT,consumer,linear_trend,12,0.5,30,1.1055036186149982,6.73032237538249,5.624818756767492,508.8014785346791,False
MSFT_w04_s0001,MSFT,technology,moving_average,4,2.0,40,7.188695370726306,43.75886440610899,36.57016903538268,508.71774570255354,False
TGT_w04_s0000,TGT,consumer,moving_average,4,2.0,40,4.048249080603033,24.634332486460995,20.586083405857963,508.5182012266753,False
MSFT_w04_s0036,MSFT,technology,moving_average,4,1.0,20,1.3547917889112615,8.243437528037054,6.888645739125793,508.4652708636248,False
AAPL_w12_s0028,AAPL,technology,linear_trend,12,0.5,30,1.0427876195734984,6.342552205222697,5.299764585649198,508.23048587945544,False
CVX_w04_s0012,CVX,energy,naive,4,2.0,40,1.680059934836919,10.211078057561878,8.531018122724959,507.78058245600937,False
GS_w08_s0011,GS,finance,naive,8,2.0,80,3.899830122243941,23.701219931136414,19.801389808892473,507.7500605974822,False
BAC_w12_s0036,BAC,finance,moving_average,12,1.0,60,1.9600693160814624,11.910748308549971,9.950678992468507,507.6697497801629,False
COST_w12_s0005,COST,consumer,linear_trend,12,1.0,60,1.6177704394220542,9.82979878501055,8.212028345588495,507.6139448142116,False
GS_w04_s0003,GS,finance,moving_average,4,2.0,40,3.371908958759101,20.486880844725174,17.114971885966074,507.57514794422474,False
NVDA_w08_s0030,NVDA,technology,linear_trend,8,2.0,80,15.551071456936045,94.48015007534208,78.92907861840604,507.5475271075442,False
JPM_w04_s0038,JPM,finance,naive,4,1.0,20,2.561356132075637,15.55900278521858,12.997646653142942,507.45175535625674,False
NVDA_w08_s0010,NVDA,technology,naive,8,0.5,20,4.349972362907755,26.41402550225294,22.064053139345184,507.22283496524074,False
COST_w12_s0009,COST,consumer,naive,12,1.0,60,3.4335917698619585,20.830291971668892,17.396700201806933,506.6618680329123,False
COST_w08_s0004,COST,consumer,naive,8,0.5,20,1.2431813933059708,7.538532258734663,6.295350865428692,506.3903706511867,False
JPM_w08_s0007,JPM,finance,linear_trend,8,1.0,40,4.688750847535729,28.416403167263223,23.727652319727493,506.05487668849054,False
MSFT_w12_s0030,MSFT,technology,naive,12,1.0,60,3.0058503244438484,18.215428488602065,15.209578164158216,505.9991856704421,False
JPM_w04_s0014,JPM,finance,moving_average,4,2.0,40,1.9889240629409437,12.040347766234811,10.051423703293867,505.3699078099152,False
NVDA_w12_s0033,NVDA,technology,linear_trend,12,2.0,120,2.2958730829407066,13.888626211132662,11.592753128191957,504.93876226569057,False
GS_w12_s0000,GS,finance,moving_average,12,1.0,60,11.872967607724648,71.79294579560539,59.919978187880744,504.6756646493024,False
WMT_w04_s0014,WMT,consumer,naive,4,2.0,40,3.0527100459377,18.451251374233905,15.398541328296204,504.4220085293505,False
CVX_w08_s0013,CVX,energy,moving_average,8,2.0,80,2.6273059707127695,15.873335771545856,13.246029800833083,504.1677653265307,False
COST_w04_s0005,COST,consumer,naive,4,2.0,40,1.4084978760364797,8.508616817574655,7.100118941538176,504.0915618217294,False
TGT_w12_s0011,TGT,consumer,linear_trend,12,1.0,60,2.235419476459183,13.490377554714764,11.25495807825558,503.48304632663366,False
COST_w04_s0010,COST,consumer,naive,4,2.0,40,6.515223429830695,39.31531739550175,32.80009396567105,503.437745749318,False
CVX_w08_s0025,CVX,energy,naive,8,1.0,40,1.9389203900658896,11.699589773547917,9.760669383482028,503.40743402829105,False
JPM_w08_s0008,JPM,finance,linear_trend,8,1.0,40,3.372822101611571,20.35120871527316,16.978386613661588,503.3881450654967,False
JPM_w12_s0036,JPM,finance,moving_average,12,1.0,60,2.927298562471879,17.660517194677965,14.733218632206086,503.3042690310692,False
AAPL_w04_s0021,AAPL,technology,moving_average,4,2.0,40,4.118304021792942,24.841618316335133,20.72331429454219,503.2002053486111,False
JPM_w04_s0010,JPM,finance,moving_average,4,1.0,20,1.2383606391000817,7.46941595788502,6.2310553187849385,503.16968434276583,False
GS_w08_s0038,GS,finance,linear_trend,8,2.0,80,6.19507123594298,37.313478155929566,31.118406919986587,502.3091056555044,False
CVX_w08_s0024,CVX,energy,naive,8,2.0,80,2.8606304243166023,17.226563127667276,14.365932703350676,502.1946414760188,False
NVDA_w08_s0034,NVDA,technology,linear_trend,8,2.0,80,4.330633748851433,26.069340297468496,21.738706548617063,501.9751798309563,False
GS_w04_s0010,GS,finance,moving_average,4,1.0,20,1.9960383424275392,12.012361885475332,10.016323543047791,501.8101771966041,False
AAPL_w04_s0027,AAPL,technology,naive,4,2.0,40,4.304010454152625,25.901323234411873,21.597312780259248,501.7950818270337,False
MSFT_w08_s0020,MSFT,technology,linear_trend,8,2.0,80,8.136718155225068,48.96306278326397,40.8263446280389,501.7544401709661,False
JPM_w12_s0034,JPM,finance,linear_trend,12,1.0,60,3.906391025315632,23.497770033929516,19.591379008613885,501.52119646114846,False
WMT_w12_s0035,WMT,consumer,linear_trend,12,2.0,120,3.1380773715448993,18.8635160528125,15.7254386812676,501.1169840444644,False
NVDA_w04_s0010,NVDA,technology,moving_average,4,2.0,40,10.45253192129886,62.82442170928437,52.37188978798551,501.04501169968813,False
COST_w04_s0011,COST,consumer,moving_average,4,2.0,40,2.2237629625431197,13.353200495356743,11.129437532813624,500.4776912052657,False
